ROW,TREE #,DBH,HT,HTLC,DIST from Tree 1,Dist from Tree 1 Ft,Tree,CuFT,CuMe,status
1,1,9.1,60.76472,,,,1,12.195474982415998,0.3453368259820773,Alive
1,2,9.4,61.42418,,,,2,13.136798496624003,0.37199209566920255,Alive
1,3,9.3,61.20566,,,,3,12.818442529492003,0.3629772734191192,Alive
1,4,4.1,48.05122,,,,4,2.141913599516,0.06065213901477467,Alive
1,5,8.1,58.48202,,,,5,9.351562690636001,0.2648063303982015,Alive
1,6,9.2,60.98584,,,,6,12.504672764288,0.3540923177317904,Alive
1,7,8.3,58.94896,,,,7,9.884655373472004,0.27990180927953207,Alive
1,8,10.3,63.33236,,,,8,16.210543572312005,0.4590307202284446,Alive
1,9,8.9,60.31858,,,,9,11.590736637884003,0.32821257122763375,Alive
1,10,8.5,51.0,42.0,,,10,8.989195000000002,0.25454523697600007,Alive
1,11,,35.201,,,,11,0.21949,0.006215254432,Dead
1,12,9.0,60.5423,,,,12,11.890834594000001,0.33671038503137923,Alive
1,13,8.8,60.09356,,,,13,11.295165781632003,0.3198429504053171,Alive
1,14,9.9,62.49728,,,,14,14.797843022464003,0.41902756129850866,Alive
1,15,8.8,60.09356,,802.0,66.83333333333333,15,11.295165781632003,0.3198429504053171,Alive
1,16,9.8,62.28526,,,0.0,16,14.456355761552004,0.4093577348287158,Alive
1,17,9.9,62.49728,,,0.0,17,14.797843022464003,0.41902756129850866,Alive
1,18,11.3,65.32906,,,0.0,18,20.073135057932003,0.5684069508084489,Alive
1,19,9.5,61.6414,,,0.0,19,13.459754513,0.3811371765937184,Alive
1,20,8.7,66.0,53.0,,0.0,20,12.108875199999998,0.34288459726335996,Alive
1,21,9.1,60.76472,,,0.0,21,12.195474982415998,0.3453368259820773,Alive
1,22,12.2,67.01494,,,0.0,22,23.958808733648,0.6784367951489636,Alive
1,23,7.4,56.80678,,,0.0,23,7.623049469264002,0.21586036721125487,Alive
1,24,6.9,55.57118,,,0.0,24,6.516360433924001,0.18452247513533915,Alive
1,25,6.3,54.045559999999995,,,0.0,25,5.324752497832,0.15077995153060916,Alive
1,26,,35.201,,,0.0,26,0.21949,0.006215254432,Dead
1,27,8.0,58.2466,,,0.0,27,9.091612112000002,0.25744536185308164,Alive
1,28,8.5,59.410700000000006,,,0.0,28,10.435456918500003,0.2954987464697809,Alive
1,29,9.0,60.5423,,,0.0,29,11.890834594000001,0.33671038503137923,Alive
1,30,8.0,58.0,49.0,1642.0,136.83333333333334,30,9.05405,0.25638172304,Alive
1,31,11.0,64.74369999999999,,,0.0,31,18.864380725999997,0.5341788961419967,Alive
1,32,,35.201,,,0.0,32,0.21949,0.006215254432,Dead
1,33,8.3,58.94896,,,0.0,33,9.884655373472004,0.27990180927953207,Alive
1,34,9.0,60.5423,,,0.0,34,11.890834594000001,0.33671038503137923,Alive
1,35,5.9,53.002480000000006,,,0.0,35,4.610628862544002,0.130558255374886,Alive
1,36,7.7,57.53254,,,0.0,36,8.337918225908002,0.2361031628193917,Alive
1,37,10.2,63.12554,,,0.0,37,15.850333212208001,0.44883071550345155,Alive
1,38,8.2,58.71614,,,0.0,38,9.615904343568001,0.27229164011594637,Alive
1,39,8.8,60.09356,,,0.0,39,11.295165781632003,0.3198429504053171,Alive
1,40,9.3,63.0,55.0,,0.0,40,13.187800600000003,0.3734363120300801,Alive
1,41,7.4,56.80678,,,0.0,41,7.623049469264002,0.21586036721125487,Alive
1,42,6.0,53.2652,,,0.0,42,4.783252336,0.13544639974804482,Alive
1,43,6.4,54.30308,,,0.0,43,5.513214893184002,0.15611660348731274,Alive
1,44,8.1,58.48202,,,0.0,44,9.351562690636001,0.2648063303982015,Alive
1,45,9.4,61.42418,,2464.0,205.33333333333334,45,13.136798496624003,0.37199209566920255,Alive
1,46,5.1,50.85392,,,0.0,46,3.3675408928960002,0.09535798195595746,Alive
1,47,7.4,56.80678,,,0.0,47,7.623049469264002,0.21586036721125487,Alive
1,48,7.6,57.291920000000005,,,0.0,48,8.095341492096,0.22923416596338403,Alive
1,49,10.2,63.12554,,,0.0,49,15.850333212208001,0.44883071550345155,Alive
1,50,,35.201,,,0.0,50,0.21949,0.006215254432,Dead
1,51,6.5,54.5593,,,0.0,51,5.7057004115000005,0.1615671774123632,Alive
1,52,9.4,61.42418,,,0.0,52,13.136798496624003,0.37199209566920255,Alive
1,53,10.6,63.94502,,,0.0,53,17.319462624336,0.4904317592407977,Alive
1,54,6.0,53.2652,,,0.0,54,4.783252336,0.13544639974804482,Alive
1,55,9.0,60.5423,,,0.0,55,11.890834594000001,0.33671038503137923,Alive
1,56,5.1,50.85392,,,0.0,56,3.3675408928960002,0.09535798195595746,Alive
1,57,7.1,56.069320000000005,,,0.0,57,6.946451522456002,0.1967012784710821,Alive
1,58,6.2,53.78674,,,0.0,58,5.140288239728002,0.1455565140267299,Alive
1,59,7.5,57.05,,,0.0,59,7.857058750000001,0.22248676121200003,Alive
1,60,10.6,58.0,51.0,3268.0,272.3333333333333,60,15.7296644,0.44541376088192003,Alive
2,1,11.6,65.90272,,,0.0,61,21.325020607616,0.6038563435417408,Alive
2,2,5.7,52.47314,,,0.0,62,4.277038518268001,0.12111204431409132,Alive
2,3,9.6,61.85732,,,0.0,63,13.787324054656,0.390412897790883,Alive
2,4,12.4,67.37528,,,0.0,64,24.875392865664008,0.7043915246984346,Alive
2,5,,0.0,,,0.0,65,0.0,0.0,Dead
2,6,7.0,55.8209,,,0.0,66,6.729323358,0.19055290366381442,Alive
2,7,9.6,61.85732,,,0.0,67,13.787324054656,0.390412897790883,Alive
2,8,9.7,62.07194,,,0.0,68,14.119520226348,0.39981963034545104,Alive
2,9,2.5,43.2965,,,0.0,69,0.8635254375,0.0244522771086,Alive
2,10,7.5,67.0,55.0,,0.0,70,9.189115000000001,0.260206331632,Alive
2,11,9.3,61.20566,,,0.0,71,12.818442529492003,0.3629772734191192,Alive
2,12,6.7,55.06784,,,0.0,72,6.102838903488001,0.17281286866228904,Alive
2,13,10.7,64.14664,,,0.0,73,17.698564176368,0.5011667020693773,Alive
2,14,,0.0,,,0.0,74,0.0,0.0,Dead
2,15,8.6,59.63962,,936.0,78.0,75,10.717542182576,0.3034864984755681,Alive
2,16,11.7,66.09134,,,0.0,76,21.751929607588,0.6159450403121479,Alive
2,17,8.6,59.63962,,,0.0,77,10.717542182576,0.3034864984755681,Alive
2,18,,0.0,,,0.0,78,0.0,0.0,Dead
2,19,9.0,60.5423,,,0.0,79,11.890834594000001,0.33671038503137923,Alive
2,20,,0.0,,,0.0,80,0.0,0.0,Dead
2,21,7.8,57.77186,,,0.0,81,8.584809110512,0.24309432262054617,Alive
2,22,7.4,56.80678,,,0.0,82,7.623049469264002,0.21586036721125487,Alive
2,23,12.2,67.01494,,,0.0,83,23.958808733648,0.6784367951489636,Alive
2,24,10.9,64.54598,,,0.0,84,18.471014763444,0.523040030853491,Alive
2,25,7.3,56.562259999999995,,,0.0,85,7.393292748252,0.2093543920937022,Alive
2,26,11.5,65.7128,,,0.0,86,20.902922364000002,0.5919038719969153,Alive
2,27,8.5,59.410700000000006,,,0.0,87,10.435456918500003,0.2954987464697809,Alive
2,28,,0.0,,,0.0,88,0.0,0.0,Dead
2,29,10.8,64.34696,,,0.0,89,18.082412006272,0.512036044299203,Alive
2,30,8.6,62.5,53.0,2010.0,167.5,90,11.22104,0.317743945472,Alive
2,31,9.1,60.76472,,,0.0,91,12.195474982415998,0.3453368259820773,Alive
2,32,9.4,61.42418,,,0.0,92,13.136798496624003,0.37199209566920255,Alive
2,33,9.3,61.20566,,,0.0,93,12.818442529492003,0.3629772734191192,Alive
2,34,8.5,59.410700000000006,,,0.0,94,10.435456918500003,0.2954987464697809,Alive
2,35,9.6,61.85732,,,0.0,95,13.787324054656,0.390412897790883,Alive
2,36,5.7,52.47314,,,0.0,96,4.277038518268001,0.12111204431409132,Alive
2,37,9.3,61.20566,,,0.0,97,12.818442529492003,0.3629772734191192,Alive
2,38,9.3,61.20566,,,0.0,98,12.818442529492003,0.3629772734191192,Alive
2,39,8.6,59.63962,,,0.0,99,10.717542182576,0.3034864984755681,Alive
2,40,7.2,52.0,37.0,,0.0,100,6.635208400000002,0.18788786922112005,Alive
2,41,10.1,62.91742000000001,,,0.0,101,15.494820313796001,0.4387637278616986,Alive
2,42,11.0,64.74369999999999,,,0.0,102,18.864380725999997,0.5341788961419967,Alive
2,43,8.1,58.48202,,,0.0,103,9.351562690636001,0.2648063303982015,Alive
2,44,8.1,58.48202,,,0.0,104,9.351562690636001,0.2648063303982015,Alive
2,45,10.0,62.708,,3051.0,254.25,105,15.143994000000001,0.4288294492992,Alive
2,46,10.2,63.12554,,,0.0,106,15.850333212208001,0.44883071550345155,Alive
2,47,3.9,47.47508,,,0.0,107,1.9380784009839997,0.05488017846498373,Alive
2,48,8.5,59.410700000000006,,,0.0,108,10.435456918500003,0.2954987464697809,Alive
2,49,8.5,59.410700000000006,,,0.0,109,10.435456918500003,0.2954987464697809,Alive
2,50,9.1,62.0,50.0,,0.0,110,12.438933599999999,0.35223079496447995,Alive
2,51,6.1,53.52662,,,0.0,111,4.959796761876,0.14044557294669033,Alive
2,52,9.3,61.20566,,,0.0,112,12.818442529492003,0.3629772734191192,Alive
2,53,9.0,60.5423,,,0.0,113,11.890834594000001,0.33671038503137923,Alive
2,54,5.1,50.85392,,,0.0,114,3.3675408928960002,0.09535798195595746,Alive
2,55,12.0,66.6494,,,0.0,115,23.061572368000004,0.6530299324301825,Alive
2,56,10.4,63.53788,,,0.0,116,16.575461899904006,0.46936403952720174,Alive
2,57,10.9,64.54598,,,0.0,117,18.471014763444,0.523040030853491,Alive
2,58,10.8,64.34696,,,0.0,118,18.082412006272,0.512036044299203,Alive
2,59,11.5,65.7128,,,0.0,119,20.902922364000002,0.5919038719969153,Alive
2,60,7.1,57.0,49.0,4287.0,357.25,120,7.058110600000001,0.19986310623808,Alive
3,1,9.0,60.5423,,,0.0,121,11.890834594000001,0.33671038503137923,Alive
3,2,8.8,60.09356,,,0.0,122,11.295165781632003,0.3198429504053171,Alive
3,3,8.5,59.410700000000006,,,0.0,123,10.435456918500003,0.2954987464697809,Alive
3,4,9.0,60.5423,,,0.0,124,11.890834594000001,0.33671038503137923,Alive
3,5,9.3,61.20566,,,0.0,125,12.818442529492003,0.3629772734191192,Alive
3,6,9.1,60.76472,,,0.0,126,12.195474982415998,0.3453368259820773,Alive
3,7,6.2,53.78674,,,0.0,127,5.140288239728002,0.1455565140267299,Alive
3,8,13.3,68.93246,,,0.0,128,29.239931581572005,0.8279812946090581,Alive
3,9,8.3,58.94896,,,0.0,129,9.884655373472004,0.27990180927953207,Alive
3,10,8.1,57.0,50.0,,0.0,130,9.120142600000001,0.25825325397568005,Alive
3,11,8.8,60.09356,,,0.0,131,11.295165781632003,0.3198429504053171,Alive
3,12,9.0,60.5423,,,0.0,132,11.890834594000001,0.33671038503137923,Alive
3,13,9.4,61.42418,,,0.0,133,13.136798496624003,0.37199209566920255,Alive
3,14,10.8,64.34696,,,0.0,134,18.082412006272,0.512036044299203,Alive
3,15,,0.0,,864.0,72.0,135,0.0,0.0,Dead
3,16,14.3,70.53916000000001,,,0.0,136,34.54992573159201,0.9783433369563447,Alive
3,17,8.0,58.2466,,,0.0,137,9.091612112000002,0.25744536185308164,Alive
3,18,12.1,66.83282,,,0.0,138,23.507773759356002,0.6656649279889321,Alive
3,19,10.5,63.74209999999999,,,0.0,139,16.945098329500002,0.47983096037678563,Alive
3,20,6.9,57.0,50.0,,0.0,140,6.678262600000002,0.18910702639168006,Alive
3,21,11.8,66.27866,,,0.0,141,22.183654671792006,0.6281701126101998,Alive
3,22,10.2,63.12554,,,0.0,142,15.850333212208001,0.44883071550345155,Alive
3,23,7.7,57.53254,,,0.0,143,8.337918225908002,0.2361031628193917,Alive
3,24,9.4,61.42418,,,0.0,144,13.136798496624003,0.37199209566920255,Alive
3,25,7.4,56.80678,,,0.0,145,7.623049469264002,0.21586036721125487,Alive
3,26,11.9,66.46468,,,0.0,146,22.620200736824003,0.6405317002244979,Alive
3,27,10.4,63.53788,,,0.0,147,16.575461899904006,0.46936403952720174,Alive
3,28,7.5,57.05,,,0.0,148,7.857058750000001,0.22248676121200003,Alive
3,29,8.0,58.2466,,,0.0,149,9.091612112000002,0.25744536185308164,Alive
3,30,10.6,62.0,52.0,1950.0,162.5,150,16.799331600000002,0.47570331305088004,Alive
3,31,9.1,60.76472,,,0.0,151,12.195474982415998,0.3453368259820773,Alive
3,32,9.3,61.20566,,,0.0,152,12.818442529492003,0.3629772734191192,Alive
3,33,9.0,60.5423,,,0.0,153,11.890834594000001,0.33671038503137923,Alive
3,34,9.6,61.85732,,,0.0,154,13.787324054656,0.390412897790883,Alive
3,35,4.4,48.90568,,,0.0,155,2.4729072362240005,0.07002481962670777,Alive
3,36,9.8,62.28526,,,0.0,156,14.456355761552004,0.4093577348287158,Alive
3,37,10.5,63.74209999999999,,,0.0,157,16.945098329500002,0.47983096037678563,Alive
3,38,9.8,62.28526,,,0.0,158,14.456355761552004,0.4093577348287158,Alive
3,39,9.3,61.20566,,,0.0,159,12.818442529492003,0.3629772734191192,Alive
3,40,9.1,57.0,49.0,,0.0,160,11.453494599999999,0.32432631588927996,Alive
3,41,12.4,67.37528,,,0.0,161,24.875392865664008,0.7043915246984346,Alive
3,42,7.4,56.80678,,,0.0,162,7.623049469264002,0.21586036721125487,Alive
3,43,13.0,68.4251,,,0.0,163,27.741433722000004,0.7855486304191297,Alive
3,44,,0.0,,,0.0,164,0.0,0.0,Dead
3,45,8.1,58.48202,,2268.0,189.0,165,9.351562690636001,0.2648063303982015,Alive
3,46,6.4,54.30308,,,0.0,166,5.513214893184002,0.15611660348731274,Alive
3,47,10.8,64.34696,,,0.0,167,18.082412006272,0.512036044299203,Alive
3,48,10.1,62.91742000000001,,,0.0,168,15.494820313796001,0.4387637278616986,Alive
3,49,7.3,56.562259999999995,,,0.0,169,7.393292748252,0.2093543920937022,Alive
3,50,,0.0,,,0.0,170,0.0,0.0,Dead
3,51,12.1,66.83282,,,0.0,171,23.507773759356002,0.6656649279889321,Alive
3,52,10.9,64.54598,,,0.0,172,18.471014763444,0.523040030853491,Alive
3,53,8.4,59.18048,,,0.0,173,10.157833711744003,0.2876373456487126,Alive
3,54,9.3,61.20566,,,0.0,174,12.818442529492003,0.3629772734191192,Alive
3,55,8.1,58.48202,,,0.0,175,9.351562690636001,0.2648063303982015,Alive
3,56,7.4,56.80678,,,0.0,176,7.623049469264002,0.21586036721125487,Alive
3,57,10.0,62.708,,,0.0,177,15.143994000000001,0.4288294492992,Alive
3,58,,0.0,,,0.0,178,0.0,0.0,Dead
3,59,13.0,68.4251,,,0.0,179,27.741433722000004,0.7855486304191297,Alive
3,60,7.5,50.0,41.0,3324.0,277.0,180,0.0,0.0,Alive
4,1,10.0,62.708,,,0.0,181,15.143994000000001,0.4288294492992,Alive
4,2,11.4,65.52158,,,0.0,182,20.485629197584004,0.5800874648621467,Alive
4,3,6.8,55.32016,,,0.0,183,6.307539992192001,0.17860934845090246,Alive
4,4,9.8,62.28526,,,0.0,184,14.456355761552004,0.4093577348287158,Alive
4,5,10.3,63.33236,,,0.0,185,16.210543572312005,0.4590307202284446,Alive
4,6,9.4,61.42418,,,0.0,186,13.136798496624003,0.37199209566920255,Alive
4,7,,0.0,,,0.0,187,0.0,0.0,Dead
4,8,11.2,65.13524000000001,,,0.0,188,19.665433523328,0.5568621479933743,Alive
4,9,7.3,56.562259999999995,,,0.0,189,7.393292748252,0.2093543920937022,Alive
4,10,5.3,50.0,39.0,,0.0,190,3.5622000000000003,0.10087010496000001,Alive
4,11,14.5,70.8449,,,0.0,191,35.6699237355,1.0100580964334063,Alive
4,12,,0.0,,,0.0,192,0.0,0.0,Dead
4,13,9.7,62.07194,,,0.0,193,14.119520226348,0.39981963034545104,Alive
4,14,7.2,56.31644,,,0.0,194,7.167767314048001,0.20296823347843443,Alive
4,15,7.7,57.53254,,920.0,76.66666666666667,195,8.337918225908002,0.2361031628193917,Alive
4,16,7.7,57.53254,,,0.0,196,8.337918225908002,0.2361031628193917,Alive
4,17,8.0,58.2466,,,0.0,197,9.091612112000002,0.25744536185308164,Alive
4,18,7.4,56.80678,,,0.0,198,7.623049469264002,0.21586036721125487,Alive
4,19,11.2,65.13524000000001,,,0.0,199,19.665433523328,0.5568621479933743,Alive
4,20,6.0,55.0,42.0,,0.0,200,4.931890000000001,0.13965534275200003,Alive
4,21,7.5,57.05,,,0.0,201,7.857058750000001,0.22248676121200003,Alive
4,22,6.9,55.57118,,,0.0,202,6.516360433924001,0.18452247513533915,Alive
4,23,9.9,62.49728,,,0.0,203,14.797843022464003,0.41902756129850866,Alive
4,24,8.3,58.94896,,,0.0,204,9.884655373472004,0.27990180927953207,Alive
4,25,,0.0,,,0.0,205,0.0,0.0,Dead
4,26,10.6,63.94502,,,0.0,206,17.319462624336,0.4904317592407977,Alive
4,27,10.4,63.53788,,,0.0,207,16.575461899904006,0.46936403952720174,Alive
4,28,7.4,56.80678,,,0.0,208,7.623049469264002,0.21586036721125487,Alive
4,29,10.2,63.12554,,,0.0,209,15.850333212208001,0.44883071550345155,Alive
4,30,5.4,46.0,37.0,1868.0,155.66666666666666,210,3.4119268000000007,0.09661484881024002,Alive
4,31,5.3,51.39886,,,0.0,211,3.655719666212,0.10351828264419197,Alive
4,32,8.3,58.94896,,,0.0,212,9.884655373472004,0.27990180927953207,Alive
4,33,8.7,59.867239999999995,,,0.0,213,11.004106321527997,0.311601077885444,Alive
4,34,7.3,56.562259999999995,,,0.0,214,7.393292748252,0.2093543920937022,Alive
4,35,8.5,59.410700000000006,,,0.0,215,10.435456918500003,0.2954987464697809,Alive
4,36,9.4,61.42418,,,0.0,216,13.136798496624003,0.37199209566920255,Alive
4,37,7.4,56.80678,,,0.0,217,7.623049469264002,0.21586036721125487,Alive
4,38,10.0,62.708,,,0.0,218,15.143994000000001,0.4288294492992,Alive
4,39,8.6,59.63962,,,0.0,219,10.717542182576,0.3034864984755681,Alive
4,40,,0.0,,,0.0,220,0.0,0.0,Dead
4,41,5.0,50.5795,,,0.0,221,3.22897025,0.0914341047752,Alive
4,42,8.3,58.94896,,,0.0,222,9.884655373472004,0.27990180927953207,Alive
4,43,,0.0,,,0.0,223,0.0,0.0,Dead
4,44,9.4,61.42418,,,0.0,224,13.136798496624003,0.37199209566920255,Alive
4,45,8.4,59.18048,,2847.0,237.25,225,10.157833711744003,0.2876373456487126,Alive
4,46,10.0,62.708,,,0.0,226,15.143994000000001,0.4288294492992,Alive
4,47,7.9,58.00988,,,0.0,227,8.836033933704002,0.25020820569390945,Alive
4,48,,0.0,,,0.0,228,0.0,0.0,Dead
4,49,6.0,53.2652,,,0.0,229,4.783252336,0.13544639974804482,Alive
4,50,7.9,45.0,38.0,,0.0,230,6.903601000000002,0.19548788879680004,Alive
4,51,10.1,62.91742000000001,,,0.0,231,15.494820313796001,0.4387637278616986,Alive
4,52,9.4,61.42418,,,0.0,232,13.136798496624003,0.37199209566920255,Alive
4,53,,0.0,,,0.0,233,0.0,0.0,Dead
4,54,10.2,63.12554,,,0.0,234,15.850333212208001,0.44883071550345155,Alive
4,55,7.3,56.562259999999995,,,0.0,235,7.393292748252,0.2093543920937022,Alive
4,56,8.7,59.867239999999995,,,0.0,236,11.004106321527997,0.311601077885444,Alive
4,57,,0.0,,,0.0,237,0.0,0.0,Dead
4,58,,0.0,,,0.0,238,0.0,0.0,Dead
4,59,10.5,63.74209999999999,,,0.0,239,16.945098329500002,0.47983096037678563,Alive
4,60,8.8,53.0,44.0,3778.0,314.8333333333333,240,0.0,0.0,Alive
5,1,10.8,64.34696,,,0.0,241,18.082412006272,0.512036044299203,Alive
5,2,9.0,60.5423,,,0.0,242,11.890834594000001,0.33671038503137923,Alive
5,3,,0.0,,,0.0,243,0.0,0.0,Dead
5,4,9.3,61.20566,,,0.0,244,12.818442529492003,0.3629772734191192,Alive
5,5,9.2,60.98584,,,0.0,245,12.504672764288,0.3540923177317904,Alive
5,6,4.6,49.46882,,,0.0,246,2.710779350256,0.0767605967053291,Alive
5,7,11.7,66.09134,,,0.0,247,21.751929607588,0.6159450403121479,Alive
5,8,8.5,59.410700000000006,,,0.0,248,10.435456918500003,0.2954987464697809,Alive
5,9,8.5,59.410700000000006,,,0.0,249,10.435456918500003,0.2954987464697809,Alive
5,10,9.3,64.0,51.0,,0.0,250,13.393646800000003,0.37926521770624005,Alive
5,11,7.1,56.069320000000005,,,0.0,251,6.946451522456002,0.1967012784710821,Alive
5,12,9.5,61.6414,,,0.0,252,13.459754513,0.3811371765937184,Alive
5,13,5.2,51.12704,,,0.0,253,3.5097808846080008,0.09938576335326783,Alive
5,14,7.8,57.77186,,,0.0,254,8.584809110512,0.24309432262054617,Alive
5,15,11.7,66.09134,,852.0,71.0,255,21.751929607588,0.6159450403121479,Alive
5,16,10.4,63.53788,,,0.0,256,16.575461899904006,0.46936403952720174,Alive
5,17,9.9,62.49728,,,0.0,257,14.797843022464003,0.41902756129850866,Alive
5,18,10.5,63.74209999999999,,,0.0,258,16.945098329500002,0.47983096037678563,Alive
5,19,9.9,62.49728,,,0.0,259,14.797843022464003,0.41902756129850866,Alive
5,20,4.7,41.0,27.0,,0.0,260,2.3750322,0.06725331180096,Alive
5,21,7.1,56.069320000000005,,,0.0,261,6.946451522456002,0.1967012784710821,Alive
5,22,10.2,63.12554,,,0.0,262,15.850333212208001,0.44883071550345155,Alive
5,23,5.3,51.39886,,,0.0,263,3.655719666212,0.10351828264419197,Alive
5,24,9.7,62.07194,,,0.0,264,14.119520226348,0.39981963034545104,Alive
5,25,7.2,56.31644,,,0.0,265,7.167767314048001,0.20296823347843443,Alive
5,26,7.9,58.00988,,,0.0,266,8.836033933704002,0.25020820569390945,Alive
5,27,7.9,58.00988,,,0.0,267,8.836033933704002,0.25020820569390945,Alive
5,28,9.4,61.42418,,,0.0,268,13.136798496624003,0.37199209566920255,Alive
5,29,11.2,65.13524000000001,,,0.0,269,19.665433523328,0.5568621479933743,Alive
5,30,9.3,63.0,47.0,1970.0,164.16666666666666,270,13.187800600000003,0.3734363120300801,Alive
5,31,10.4,63.53788,,,0.0,271,16.575461899904006,0.46936403952720174,Alive
5,32,9.1,60.76472,,,0.0,272,12.195474982415998,0.3453368259820773,Alive
5,33,6.2,53.78674,,,0.0,273,5.140288239728002,0.1455565140267299,Alive
5,34,9.5,61.6414,,,0.0,274,13.459754513,0.3811371765937184,Alive
5,35,4.7,49.74844,,,0.0,275,2.8349744342480006,0.08027740405971379,Alive
5,36,7.6,57.291920000000005,,,0.0,276,8.095341492096,0.22923416596338403,Alive
5,37,10.6,63.94502,,,0.0,277,17.319462624336,0.4904317592407977,Alive
5,38,5.5,51.9386,,,0.0,278,3.9588095070000002,0.1121008170478176,Alive
5,39,6.6,54.814220000000006,,,0.0,279,5.9022336672160005,0.16713237030782205,Alive
5,40,9.1,57.0,43.0,,0.0,280,11.453494599999999,0.32432631588927996,Alive
5,41,5.3,51.39886,,,0.0,281,3.655719666212,0.10351828264419197,Alive
5,42,10.1,62.91742000000001,,,0.0,282,15.494820313796001,0.4387637278616986,Alive
5,43,7.7,57.53254,,,0.0,283,8.337918225908002,0.2361031628193917,Alive
5,44,7.7,57.53254,,,0.0,284,8.337918225908002,0.2361031628193917,Alive
5,45,7.0,55.8209,,2885.0,240.41666666666666,285,6.729323358,0.19055290366381442,Alive
5,46,9.0,60.5423,,,0.0,286,11.890834594000001,0.33671038503137923,Alive
5,47,6.9,55.57118,,,0.0,287,6.516360433924001,0.18452247513533915,Alive
5,48,7.5,57.05,,,0.0,288,7.857058750000001,0.22248676121200003,Alive
5,49,7.1,56.069320000000005,,,0.0,289,6.946451522456002,0.1967012784710821,Alive
5,50,5.7,53.0,46.0,,0.0,290,4.317778600000001,0.12226567306048004,Alive
5,51,6.0,53.2652,,,0.0,291,4.783252336,0.13544639974804482,Alive
5,52,5.5,51.9386,,,0.0,292,3.9588095070000002,0.1121008170478176,Alive
5,53,9.5,61.6414,,,0.0,293,13.459754513,0.3811371765937184,Alive
5,54,10.4,63.53788,,,0.0,294,16.575461899904006,0.46936403952720174,Alive
5,55,10.8,64.34696,,,0.0,295,18.082412006272,0.512036044299203,Alive
5,56,6.5,54.5593,,,0.0,296,5.7057004115000005,0.1615671774123632,Alive
5,57,10.4,63.53788,,,0.0,297,16.575461899904006,0.46936403952720174,Alive
5,58,9.9,62.49728,,,0.0,298,14.797843022464003,0.41902756129850866,Alive
5,59,13.2,68.76464,,,0.0,299,28.735581079168,0.8136997023025844,Alive
5,60,11.3,64.0,46.0,4062.0,338.5,300,19.669230800000005,0.5569696747174401,Alive
6,1,4.7,49.74844,,,0.0,301,2.8349744342480006,0.08027740405971379,Alive
6,2,10.7,64.14664,,,0.0,302,17.698564176368,0.5011667020693773,Alive
6,3,8.9,60.31858,,,0.0,303,11.590736637884003,0.32821257122763375,Alive
6,4,7.5,57.05,,,0.0,304,7.857058750000001,0.22248676121200003,Alive
6,5,10.3,63.33236,,,0.0,305,16.210543572312005,0.4590307202284446,Alive
6,6,5.1,50.85392,,,0.0,306,3.3675408928960002,0.09535798195595746,Alive
6,7,11.6,65.90272,,,0.0,307,21.325020607616,0.6038563435417408,Alive
6,8,8.9,60.31858,,,0.0,308,11.590736637884003,0.32821257122763375,Alive
6,9,9.5,61.6414,,,0.0,309,13.459754513,0.3811371765937184,Alive
6,10,8.8,64.0,51.0,,0.0,310,12.015150800000002,0.3402306221734401,Alive
6,11,,0.0,,,0.0,311,0.0,0.0,Dead
6,12,6.9,55.57118,,,0.0,312,6.516360433924001,0.18452247513533915,Alive
6,13,7.4,56.80678,,,0.0,313,7.623049469264002,0.21586036721125487,Alive
6,14,11.1,64.94012000000001,,,0.0,314,19.262517800776003,0.5454528640610139,Alive
6,15,6.5,54.5593,,1005.0,83.75,315,5.7057004115000005,0.1615671774123632,Alive
6,16,7.1,56.069320000000005,,,0.0,316,6.946451522456002,0.1967012784710821,Alive
6,17,6.4,54.30308,,,0.0,317,5.513214893184002,0.15611660348731274,Alive
6,18,6.4,54.30308,,,0.0,318,5.513214893184002,0.15611660348731274,Alive
6,19,5.3,51.39886,,,0.0,319,3.655719666212,0.10351828264419197,Alive
6,20,4.4,54.0,46.0,,0.0,320,2.7076372,0.07667162106496,Alive
6,21,7.6,57.291920000000005,,,0.0,321,8.095341492096,0.22923416596338403,Alive
6,22,9.2,60.98584,,,0.0,322,12.504672764288,0.3540923177317904,Alive
6,23,8.5,59.410700000000006,,,0.0,323,10.435456918500003,0.2954987464697809,Alive
6,24,8.2,58.71614,,,0.0,324,9.615904343568001,0.27229164011594637,Alive
6,25,7.0,55.8209,,,0.0,325,6.729323358,0.19055290366381442,Alive
6,26,9.4,61.42418,,,0.0,326,13.136798496624003,0.37199209566920255,Alive
6,27,9.1,60.76472,,,0.0,327,12.195474982415998,0.3453368259820773,Alive
6,28,9.5,61.6414,,,0.0,328,13.459754513,0.3811371765937184,Alive
6,29,8.7,59.867239999999995,,,0.0,329,11.004106321527997,0.311601077885444,Alive
6,30,9.1,64.0,54.0,1787.0,148.91666666666666,330,12.833109199999999,0.36339258659456,Alive
6,31,7.8,57.77186,,,0.0,331,8.584809110512,0.24309432262054617,Alive
6,32,5.2,51.12704,,,0.0,332,3.5097808846080008,0.09938576335326783,Alive
6,33,7.6,57.291920000000005,,,0.0,333,8.095341492096,0.22923416596338403,Alive
6,34,9.5,61.6414,,,0.0,334,13.459754513,0.3811371765937184,Alive
6,35,5.5,51.9386,,,0.0,335,3.9588095070000002,0.1121008170478176,Alive
6,36,7.8,57.77186,,,0.0,336,8.584809110512,0.24309432262054617,Alive
6,37,11.8,66.27866,,,0.0,337,22.183654671792006,0.6281701126101998,Alive
6,38,,0.0,,,0.0,338,0.0,0.0,Dead
6,39,7.4,56.80678,,,0.0,339,7.623049469264002,0.21586036721125487,Alive
6,40,10.2,55.0,43.0,,0.0,340,13.838326,0.3918571096768,Alive
6,41,7.1,56.069320000000005,,,0.0,341,6.946451522456002,0.1967012784710821,Alive
6,42,5.7,52.47314,,,0.0,342,4.277038518268001,0.12111204431409132,Alive
6,43,7.4,56.80678,,,0.0,343,7.623049469264002,0.21586036721125487,Alive
6,44,8.6,59.63962,,,0.0,344,10.717542182576,0.3034864984755681,Alive
6,45,9.3,61.20566,,2738.0,228.16666666666666,345,12.818442529492003,0.3629772734191192,Alive
6,46,7.7,57.53254,,,0.0,346,8.337918225908002,0.2361031628193917,Alive
6,47,7.0,55.8209,,,0.0,347,6.729323358,0.19055290366381442,Alive
6,48,7.7,57.53254,,,0.0,348,8.337918225908002,0.2361031628193917,Alive
6,49,9.6,61.85732,,,0.0,349,13.787324054656,0.390412897790883,Alive
6,50,,0.0,,,0.0,350,0.0,0.0,Dead
6,51,5.4,51.66938,,,0.0,351,3.805386307504001,0.1077563629923293,Alive
6,52,11.8,66.27866,,,0.0,352,22.183654671792006,0.6281701126101998,Alive
6,53,7.7,57.53254,,,0.0,353,8.337918225908002,0.2361031628193917,Alive
6,54,9.9,62.49728,,,0.0,354,14.797843022464003,0.41902756129850866,Alive
6,55,8.7,59.867239999999995,,,0.0,355,11.004106321527997,0.311601077885444,Alive
6,56,6.7,55.06784,,,0.0,356,6.102838903488001,0.17281286866228904,Alive
6,57,9.4,61.42418,,,0.0,357,13.136798496624003,0.37199209566920255,Alive
6,58,9.7,62.07194,,,0.0,358,14.119520226348,0.39981963034545104,Alive
6,59,7.5,57.05,,,0.0,359,7.857058750000001,0.22248676121200003,Alive
6,60,9.4,55.0,42.0,3761.0,313.4166666666667,360,11.785814000000002,0.3337365378752001,Alive
7,1,8.2,58.71614,,,0.0,361,9.615904343568001,0.27229164011594637,Alive
7,2,9.8,62.28526,,,0.0,362,14.456355761552004,0.4093577348287158,Alive
7,3,5.8,52.73846,,,0.0,363,4.4418998706720005,0.1257803902578449,Alive
7,4,7.3,56.562259999999995,,,0.0,364,7.393292748252,0.2093543920937022,Alive
7,5,10.2,63.12554,,,0.0,365,15.850333212208001,0.44883071550345155,Alive
7,6,7.7,57.53254,,,0.0,366,8.337918225908002,0.2361031628193917,Alive
7,7,10.5,63.74209999999999,,,0.0,367,16.945098329500002,0.47983096037678563,Alive
7,8,8.0,58.2466,,,0.0,368,9.091612112000002,0.25744536185308164,Alive
7,9,8.6,59.63962,,,0.0,369,10.717542182576,0.3034864984755681,Alive
7,10,8.2,58.0,47.0,,0.0,370,9.501299600000001,0.26904640051328005,Alive
7,11,7.6,57.291920000000005,,,0.0,371,8.095341492096,0.22923416596338403,Alive
7,12,,0.0,,,0.0,372,0.0,0.0,Dead
7,13,11.5,65.7128,,,0.0,373,20.902922364000002,0.5919038719969153,Alive
7,14,9.8,62.28526,,,0.0,374,14.456355761552004,0.4093577348287158,Alive
7,15,5.7,52.47314,,1099.0,91.58333333333333,375,4.277038518268001,0.12111204431409132,Alive
7,16,10.6,63.94502,,,0.0,376,17.319462624336,0.4904317592407977,Alive
7,17,7.8,57.77186,,,0.0,377,8.584809110512,0.24309432262054617,Alive
7,18,9.6,61.85732,,,0.0,378,13.787324054656,0.390412897790883,Alive
7,19,8.6,59.63962,,,0.0,379,10.717542182576,0.3034864984755681,Alive
7,20,7.4,52.0,43.0,,0.0,380,6.996587600000002,0.19812097175168003,Alive
7,21,10.3,63.33236,,,0.0,381,16.210543572312005,0.4590307202284446,Alive
7,22,8.4,59.18048,,,0.0,382,10.157833711744003,0.2876373456487126,Alive
7,23,8.8,60.09356,,,0.0,383,11.295165781632003,0.3198429504053171,Alive
7,24,8.9,60.31858,,,0.0,384,11.590736637884003,0.32821257122763375,Alive
7,25,8.8,60.09356,,,0.0,385,11.295165781632003,0.3198429504053171,Alive
7,26,10.6,63.94502,,,0.0,386,17.319462624336,0.4904317592407977,Alive
7,27,9.9,62.49728,,,0.0,387,14.797843022464003,0.41902756129850866,Alive
7,28,9.8,62.28526,,,0.0,388,14.456355761552004,0.4093577348287158,Alive
7,29,,0.0,,,0.0,389,0.0,0.0,Dead
7,30,10.6,59.0,45.0,2074.0,172.83333333333334,390,15.9970812,0.45298614892416,Alive
7,31,5.5,51.9386,,,0.0,391,3.9588095070000002,0.1121008170478176,Alive
7,32,9.1,60.76472,,,0.0,392,12.195474982415998,0.3453368259820773,Alive
7,33,5.9,53.002480000000006,,,0.0,393,4.610628862544002,0.130558255374886,Alive
7,34,9.2,60.98584,,,0.0,394,12.504672764288,0.3540923177317904,Alive
7,35,6.8,55.32016,,,0.0,395,6.307539992192001,0.17860934845090246,Alive
7,36,8.2,58.71614,,,0.0,396,9.615904343568001,0.27229164011594637,Alive
7,37,9.3,61.20566,,,0.0,397,12.818442529492003,0.3629772734191192,Alive
7,38,10.5,63.74209999999999,,,0.0,398,16.945098329500002,0.47983096037678563,Alive
7,39,,0.0,,,0.0,399,0.0,0.0,Dead
7,40,9.0,56.0,47.0,,0.0,400,11.015170000000001,0.311914365856,Alive
7,41,7.7,57.53254,,,0.0,401,8.337918225908002,0.2361031628193917,Alive
7,42,9.2,60.98584,,,0.0,402,12.504672764288,0.3540923177317904,Alive
7,43,7.4,56.80678,,,0.0,403,7.623049469264002,0.21586036721125487,Alive
7,44,10.4,63.53788,,,0.0,404,16.575461899904006,0.46936403952720174,Alive
7,45,6.2,53.78674,,3010.0,250.83333333333334,405,5.140288239728002,0.1455565140267299,Alive
7,46,8.8,60.09356,,,0.0,406,11.295165781632003,0.3198429504053171,Alive
7,47,6.2,53.78674,,,0.0,407,5.140288239728002,0.1455565140267299,Alive
7,48,5.1,50.85392,,,0.0,408,3.3675408928960002,0.09535798195595746,Alive
7,49,8.7,59.867239999999995,,,0.0,409,11.004106321527997,0.311601077885444,Alive
7,50,6.7,52.0,44.0,,0.0,410,5.7750764000000006,0.16353168340352,Alive
7,51,9.6,61.85732,,,0.0,411,13.787324054656,0.390412897790883,Alive
7,52,9.0,60.5423,,,0.0,412,11.890834594000001,0.33671038503137923,Alive
7,53,7.5,57.05,,,0.0,413,7.857058750000001,0.22248676121200003,Alive
7,54,8.0,58.2466,,,0.0,414,9.091612112000002,0.25744536185308164,Alive
7,55,7.1,56.069320000000005,,,0.0,415,6.946451522456002,0.1967012784710821,Alive
7,56,7.7,57.53254,,,0.0,416,8.337918225908002,0.2361031628193917,Alive
7,57,,0.0,,,0.0,417,0.0,0.0,Dead
7,58,7.1,56.069320000000005,,,0.0,418,6.946451522456002,0.1967012784710821,Alive
7,59,,0.0,,,0.0,419,0.0,0.0,Dead
7,60,,0.0,,3856.0,321.3333333333333,420,0.0,0.0,Dead
8,1,8.8,60.09356,,,0.0,421,11.295165781632003,0.3198429504053171,Alive
8,2,10.3,63.33236,,,0.0,422,16.210543572312005,0.4590307202284446,Alive
8,3,9.0,60.5423,,,0.0,423,11.890834594000001,0.33671038503137923,Alive
8,4,10.4,63.53788,,,0.0,424,16.575461899904006,0.46936403952720174,Alive
8,5,8.8,60.09356,,,0.0,425,11.295165781632003,0.3198429504053171,Alive
8,6,7.8,57.77186,,,0.0,426,8.584809110512,0.24309432262054617,Alive
8,7,,0.0,,,0.0,427,0.0,0.0,Dead
8,8,12.0,66.6494,,,0.0,428,23.061572368000004,0.6530299324301825,Alive
8,9,8.5,59.410700000000006,,,0.0,429,10.435456918500003,0.2954987464697809,Alive
8,10,10.3,63.0,51.0,,0.0,430,16.126624600000003,0.45665440347328007,Alive
8,11,4.2,48.33734,,,0.0,431,2.248846212688,0.06368012843544356,Alive
8,12,7.9,58.00988,,,0.0,432,8.836033933704002,0.25020820569390945,Alive
8,13,,0.0,,,0.0,433,0.0,0.0,Dead
8,14,,0.0,,,0.0,434,0.0,0.0,Dead
8,15,9.5,61.6414,,1004.0,83.66666666666667,435,13.459754513,0.3811371765937184,Alive
8,16,10.4,63.53788,,,0.0,436,16.575461899904006,0.46936403952720174,Alive
8,17,7.4,56.80678,,,0.0,437,7.623049469264002,0.21586036721125487,Alive
8,18,8.3,58.94896,,,0.0,438,9.884655373472004,0.27990180927953207,Alive
8,19,4.8,50.02676,,,0.0,439,2.962717389952,0.08389467578779279,Alive
8,20,9.0,55.0,43.0,,0.0,440,10.82239,0.306455453152,Alive
8,21,6.7,55.06784,,,0.0,441,6.102838903488001,0.17281286866228904,Alive
8,22,10.0,62.708,,,0.0,442,15.143994000000001,0.4288294492992,Alive
8,23,6.6,54.814220000000006,,,0.0,443,5.9022336672160005,0.16713237030782205,Alive
8,24,7.4,56.80678,,,0.0,444,7.623049469264002,0.21586036721125487,Alive
8,25,8.3,58.94896,,,0.0,445,9.884655373472004,0.27990180927953207,Alive
8,26,7.2,56.31644,,,0.0,446,7.167767314048001,0.20296823347843443,Alive
8,27,7.0,55.8209,,,0.0,447,6.729323358,0.19055290366381442,Alive
8,28,10.3,63.33236,,,0.0,448,16.210543572312005,0.4590307202284446,Alive
8,29,,0.0,,,0.0,449,0.0,0.0,Dead
8,30,7.4,55.0,43.0,1777.0,148.08333333333334,450,7.387574000000002,0.20919245544320003,Alive
8,31,6.0,53.2652,,,0.0,451,4.783252336,0.13544639974804482,Alive
8,32,6.8,55.32016,,,0.0,452,6.307539992192001,0.17860934845090246,Alive
8,33,5.6,52.20652,,,0.0,453,4.116017591935999,0.1165524469473333,Alive
8,34,6.0,53.2652,,,0.0,454,4.783252336,0.13544639974804482,Alive
8,35,6.7,55.06784,,,0.0,455,6.102838903488001,0.17281286866228904,Alive
8,36,8.7,59.867239999999995,,,0.0,456,11.004106321527997,0.311601077885444,Alive
8,37,9.6,61.85732,,,0.0,457,13.787324054656,0.390412897790883,Alive
8,38,8.4,59.18048,,,0.0,458,10.157833711744003,0.2876373456487126,Alive
8,39,6.5,54.5593,,,0.0,459,5.7057004115000005,0.1615671774123632,Alive
8,40,10.4,54.0,46.0,,0.0,460,14.120213200000004,0.3998392531417601,Alive
8,41,10.1,62.91742000000001,,,0.0,461,15.494820313796001,0.4387637278616986,Alive
8,42,8.3,58.94896,,,0.0,462,9.884655373472004,0.27990180927953207,Alive
8,43,9.3,61.20566,,,0.0,463,12.818442529492003,0.3629772734191192,Alive
8,44,4.4,48.90568,,,0.0,464,2.4729072362240005,0.07002481962670777,Alive
8,45,6.5,54.5593,,2571.0,214.25,465,5.7057004115000005,0.1615671774123632,Alive
8,46,7.3,56.562259999999995,,,0.0,466,7.393292748252,0.2093543920937022,Alive
8,47,7.2,56.31644,,,0.0,467,7.167767314048001,0.20296823347843443,Alive
8,48,8.5,59.410700000000006,,,0.0,468,10.435456918500003,0.2954987464697809,Alive
8,49,6.6,54.814220000000006,,,0.0,469,5.9022336672160005,0.16713237030782205,Alive
8,50,6.4,55.0,44.0,,0.0,470,5.5811540000000015,0.15804042158720005,Alive
8,51,,0.0,,,0.0,471,0.0,0.0,Dead
8,52,9.3,61.20566,,,0.0,472,12.818442529492003,0.3629772734191192,Alive
8,53,9.2,60.98584,,,0.0,473,12.504672764288,0.3540923177317904,Alive
8,54,9.4,61.42418,,,0.0,474,13.136798496624003,0.37199209566920255,Alive
8,55,7.1,56.069320000000005,,,0.0,475,6.946451522456002,0.1967012784710821,Alive
8,56,9.1,60.76472,,,0.0,476,12.195474982415998,0.3453368259820773,Alive
8,57,10.0,62.708,,,0.0,477,15.143994000000001,0.4288294492992,Alive
8,58,,0.0,,,0.0,478,0.0,0.0,Dead
8,59,,0.0,,,0.0,479,0.0,0.0,Dead
8,60,6.5,39.0,30.0,3330.0,277.5,480,4.141135,0.11726369156800001,Alive
9,1,8.1,58.48202,,,0.0,481,9.351562690636001,0.2648063303982015,Alive
9,2,11.1,64.94012000000001,,,0.0,482,19.262517800776003,0.5454528640610139,Alive
9,3,6.8,55.32016,,,0.0,483,6.307539992192001,0.17860934845090246,Alive
9,4,10.6,63.94502,,,0.0,484,17.319462624336,0.4904317592407977,Alive
9,5,11.7,66.09134,,,0.0,485,21.751929607588,0.6159450403121479,Alive
9,6,10.7,64.14664,,,0.0,486,17.698564176368,0.5011667020693773,Alive
9,7,8.6,59.63962,,,0.0,487,10.717542182576,0.3034864984755681,Alive
9,8,10.4,63.53788,,,0.0,488,16.575461899904006,0.46936403952720174,Alive
9,9,7.0,55.8209,,,0.0,489,6.729323358,0.19055290366381442,Alive
9,10,8.5,65.0,41.0,,0.0,490,11.396565000000002,0.3227142517920001,Alive
9,11,,0.0,,,0.0,491,0.0,0.0,Dead
9,12,10.1,62.91742000000001,,,0.0,492,15.494820313796001,0.4387637278616986,Alive
9,13,9.4,61.42418,,,0.0,493,13.136798496624003,0.37199209566920255,Alive
9,14,7.9,58.00988,,,0.0,494,8.836033933704002,0.25020820569390945,Alive
9,15,7.8,57.77186,,1026.0,85.5,495,8.584809110512,0.24309432262054617,Alive
9,16,9.5,61.6414,,,0.0,496,13.459754513,0.3811371765937184,Alive
9,17,8.7,59.867239999999995,,,0.0,497,11.004106321527997,0.311601077885444,Alive
9,18,7.2,56.31644,,,0.0,498,7.167767314048001,0.20296823347843443,Alive
9,19,9.6,61.85732,,,0.0,499,13.787324054656,0.390412897790883,Alive
9,20,12.0,68.0,56.0,,0.0,500,23.52445,0.66613714576,Alive
9,21,,0.0,,,0.0,501,0.0,0.0,Dead
9,22,10.1,62.91742000000001,,,0.0,502,15.494820313796001,0.4387637278616986,Alive
9,23,8.0,58.2466,,,0.0,503,9.091612112000002,0.25744536185308164,Alive
9,24,11.2,65.13524000000001,,,0.0,504,19.665433523328,0.5568621479933743,Alive
9,25,,0.0,,,0.0,505,0.0,0.0,Dead
9,26,12.2,67.01494,,,0.0,506,23.958808733648,0.6784367951489636,Alive
9,27,,0.0,,,0.0,507,0.0,0.0,Dead
9,28,,0.0,,,0.0,508,0.0,0.0,Dead
9,29,,0.0,,,0.0,509,0.0,0.0,Dead
9,30,,0.0,,1489.0,124.08333333333333,510,0.0,0.0,Dead
9,31,3.4,46.01198,,,0.0,511,1.485408403344,0.04206201267581138,Alive
9,32,8.4,59.18048,,,0.0,512,10.157833711744003,0.2876373456487126,Alive
9,33,10.3,63.33236,,,0.0,513,16.210543572312005,0.4590307202284446,Alive
9,34,5.7,52.47314,,,0.0,514,4.277038518268001,0.12111204431409132,Alive
9,35,,0.0,,,0.0,515,0.0,0.0,Dead
9,36,6.9,55.57118,,,0.0,516,6.516360433924001,0.18452247513533915,Alive
9,37,3.8,47.18506,,,0.0,517,1.8411083940319999,0.05213429817212533,Alive
9,38,9.7,62.07194,,,0.0,518,14.119520226348,0.39981963034545104,Alive
9,39,,0.0,,,0.0,519,0.0,0.0,Dead
9,40,8.4,50.0,40.0,,0.0,520,8.616130000000002,0.24398122998400004,Alive
9,41,,0.0,,,0.0,521,0.0,0.0,Dead
9,42,11.1,64.94012000000001,,,0.0,522,19.262517800776003,0.5454528640610139,Alive
9,43,10.1,62.91742000000001,,,0.0,523,15.494820313796001,0.4387637278616986,Alive
9,44,7.3,56.562259999999995,,,0.0,524,7.393292748252,0.2093543920937022,Alive
9,45,9.1,60.76472,,2377.0,198.08333333333334,525,12.195474982415998,0.3453368259820773,Alive
9,46,8.1,58.48202,,,0.0,526,9.351562690636001,0.2648063303982015,Alive
9,47,4.1,48.05122,,,0.0,527,2.141913599516,0.06065213901477467,Alive
9,48,9.7,62.07194,,,0.0,528,14.119520226348,0.39981963034545104,Alive
9,49,10.5,63.74209999999999,,,0.0,529,16.945098329500002,0.47983096037678563,Alive
9,50,9.0,63.0,48.0,,0.0,530,12.36463,0.350126754784,Alive
9,51,8.4,59.18048,,,0.0,531,10.157833711744003,0.2876373456487126,Alive
9,52,8.8,60.09356,,,0.0,532,11.295165781632003,0.3198429504053171,Alive
9,53,9.0,60.5423,,,0.0,533,11.890834594000001,0.33671038503137923,Alive
9,54,6.6,54.814220000000006,,,0.0,534,5.9022336672160005,0.16713237030782205,Alive
9,55,7.9,58.00988,,,0.0,535,8.836033933704002,0.25020820569390945,Alive
9,56,7.0,55.8209,,,0.0,536,6.729323358,0.19055290366381442,Alive
9,57,11.0,64.74369999999999,,,0.0,537,18.864380725999997,0.5341788961419967,Alive
9,58,7.5,57.05,,,0.0,538,7.857058750000001,0.22248676121200003,Alive
9,59,,0.0,,,0.0,539,0.0,0.0,Dead
9,60,9.5,60.0,46.0,3349.0,279.0833333333333,540,0.0,0.0,Alive
10,1,7.8,57.77186,,,0.0,541,8.584809110512,0.24309432262054617,Alive
10,2,8.7,59.867239999999995,,,0.0,542,11.004106321527997,0.311601077885444,Alive
10,3,9.9,62.49728,,,0.0,543,14.797843022464003,0.41902756129850866,Alive
10,4,10.9,64.54598,,,0.0,544,18.471014763444,0.523040030853491,Alive
10,5,9.4,61.42418,,,0.0,545,13.136798496624003,0.37199209566920255,Alive
10,6,7.9,58.00988,,,0.0,546,8.836033933704002,0.25020820569390945,Alive
10,7,,0.0,,,0.0,547,0.0,0.0,Dead
10,8,11.6,65.90272,,,0.0,548,21.325020607616,0.6038563435417408,Alive
10,9,10.9,64.54598,,,0.0,549,18.471014763444,0.523040030853491,Alive
10,10,9.9,65.0,52.0,,0.0,550,15.381637000000001,0.43555873860160005,Alive
10,11,9.7,62.07194,,,0.0,551,14.119520226348,0.39981963034545104,Alive
10,12,7.0,55.8209,,,0.0,552,6.729323358,0.19055290366381442,Alive
10,13,8.5,59.410700000000006,,,0.0,553,10.435456918500003,0.2954987464697809,Alive
10,14,7.4,56.80678,,,0.0,554,7.623049469264002,0.21586036721125487,Alive
10,15,10.0,62.708,,1080.0,90.0,555,15.143994000000001,0.4288294492992,Alive
10,16,7.9,58.00988,,,0.0,556,8.836033933704002,0.25020820569390945,Alive
10,17,7.7,57.53254,,,0.0,557,8.337918225908002,0.2361031628193917,Alive
10,18,10.5,63.74209999999999,,,0.0,558,16.945098329500002,0.47983096037678563,Alive
10,19,,0.0,,,0.0,559,0.0,0.0,Dead
10,20,,0.0,,,0.0,560,0.0,0.0,Dead
10,21,9.8,62.28526,,,0.0,561,14.456355761552004,0.4093577348287158,Alive
10,22,11.6,65.90272,,,0.0,562,21.325020607616,0.6038563435417408,Alive
10,23,4.5,49.1879,,,0.0,563,2.5901008405,0.0733433674802704,Alive
10,24,5.0,50.5795,,,0.0,564,3.22897025,0.0914341047752,Alive
10,25,8.9,60.31858,,,0.0,565,11.590736637884003,0.32821257122763375,Alive
10,26,9.5,61.6414,,,0.0,566,13.459754513,0.3811371765937184,Alive
10,27,10.6,63.94502,,,0.0,567,17.319462624336,0.4904317592407977,Alive
10,28,8.0,58.2466,,,0.0,568,9.091612112000002,0.25744536185308164,Alive
10,29,7.9,58.00988,,,0.0,569,8.836033933704002,0.25020820569390945,Alive
10,30,10.6,64.0,47.0,2016.0,168.0,570,17.3341652,0.49084808913536004,Alive
10,31,9.0,60.5423,,,0.0,571,11.890834594000001,0.33671038503137923,Alive
10,32,9.4,61.42418,,,0.0,572,13.136798496624003,0.37199209566920255,Alive
10,33,8.4,59.18048,,,0.0,573,10.157833711744003,0.2876373456487126,Alive
10,34,8.1,58.48202,,,0.0,574,9.351562690636001,0.2648063303982015,Alive
10,35,6.2,53.78674,,,0.0,575,5.140288239728002,0.1455565140267299,Alive
10,36,8.3,58.94896,,,0.0,576,9.884655373472004,0.27990180927953207,Alive
10,37,9.6,61.85732,,,0.0,577,13.787324054656,0.390412897790883,Alive
10,38,4.8,50.02676,,,0.0,578,2.962717389952,0.08389467578779279,Alive
10,39,6.6,54.814220000000006,,,0.0,579,5.9022336672160005,0.16713237030782205,Alive
10,40,9.2,57.0,42.0,,0.0,580,11.7017524,0.33135618236032,Alive
10,41,10.1,62.91742000000001,,,0.0,581,15.494820313796001,0.4387637278616986,Alive
10,42,5.8,52.73846,,,0.0,582,4.4418998706720005,0.1257803902578449,Alive
10,43,8.0,58.2466,,,0.0,583,9.091612112000002,0.25744536185308164,Alive
10,44,8.5,59.410700000000006,,,0.0,584,10.435456918500003,0.2954987464697809,Alive
10,45,8.2,58.71614,,2882.0,240.16666666666666,585,9.615904343568001,0.27229164011594637,Alive
10,46,8.6,59.63962,,,0.0,586,10.717542182576,0.3034864984755681,Alive
10,47,8.3,58.94896,,,0.0,587,9.884655373472004,0.27990180927953207,Alive
10,48,8.5,59.410700000000006,,,0.0,588,10.435456918500003,0.2954987464697809,Alive
10,49,7.0,55.8209,,,0.0,589,6.729323358,0.19055290366381442,Alive
10,50,8.1,56.0,39.0,,0.0,590,8.963990800000001,0.25383153468544,Alive
10,51,7.3,56.562259999999995,,,0.0,591,7.393292748252,0.2093543920937022,Alive
10,52,6.0,53.2652,,,0.0,592,4.783252336,0.13544639974804482,Alive
10,53,8.1,58.48202,,,0.0,593,9.351562690636001,0.2648063303982015,Alive
10,54,8.2,58.71614,,,0.0,594,9.615904343568001,0.27229164011594637,Alive
10,55,,0.0,,,0.0,595,0.0,0.0,Dead
10,56,8.7,59.867239999999995,,,0.0,596,11.004106321527997,0.311601077885444,Alive
10,57,10.6,63.94502,,,0.0,597,17.319462624336,0.4904317592407977,Alive
10,58,9.2,60.98584,,,0.0,598,12.504672764288,0.3540923177317904,Alive
10,59,8.4,59.18048,,,0.0,599,10.157833711744003,0.2876373456487126,Alive
10,60,6.2,60.0,49.0,3878.0,323.1666666666667,600,5.708722000000002,0.16165273912960004,Alive
11,1,13.6,69.42812,,,0.0,601,30.782081678976002,0.8716500504872277,Alive
11,2,,0.0,,,0.0,602,0.0,0.0,Dead
11,3,5.7,52.47314,,,0.0,603,4.277038518268001,0.12111204431409132,Alive
11,4,8.4,59.18048,,,0.0,604,10.157833711744003,0.2876373456487126,Alive
11,5,,0.0,,,0.0,605,0.0,0.0,Dead
11,6,8.3,58.94896,,,0.0,606,9.884655373472004,0.27990180927953207,Alive
11,7,8.6,59.63962,,,0.0,607,10.717542182576,0.3034864984755681,Alive
11,8,8.1,58.48202,,,0.0,608,9.351562690636001,0.2648063303982015,Alive
11,9,9.1,60.76472,,,0.0,609,12.195474982415998,0.3453368259820773,Alive
11,10,11.1,71.0,51.0,,0.0,610,21.0395158,0.59577176100544,Alive
11,11,5.0,50.5795,,,0.0,611,3.22897025,0.0914341047752,Alive
11,12,11.9,66.46468,,,0.0,612,22.620200736824003,0.6405317002244979,Alive
11,13,9.2,60.98584,,,0.0,613,12.504672764288,0.3540923177317904,Alive
11,14,8.6,59.63962,,,0.0,614,10.717542182576,0.3034864984755681,Alive
11,15,10.5,63.74209999999999,,859.0,71.58333333333333,615,16.945098329500002,0.47983096037678563,Alive
11,16,9.6,61.85732,,,0.0,616,13.787324054656,0.390412897790883,Alive
11,17,,0.0,,,0.0,617,0.0,0.0,Dead
11,18,6.5,54.5593,,,0.0,618,5.7057004115000005,0.1615671774123632,Alive
11,19,8.2,58.71614,,,0.0,619,9.615904343568001,0.27229164011594637,Alive
11,20,10.5,66.0,54.0,,0.0,620,17.537560000000003,0.49660757900800007,Alive
11,21,8.4,59.18048,,,0.0,621,10.157833711744003,0.2876373456487126,Alive
11,22,9.5,61.6414,,,0.0,622,13.459754513,0.3811371765937184,Alive
11,23,8.4,59.18048,,,0.0,623,10.157833711744003,0.2876373456487126,Alive
11,24,7.6,57.291920000000005,,,0.0,624,8.095341492096,0.22923416596338403,Alive
11,25,9.0,60.5423,,,0.0,625,11.890834594000001,0.33671038503137923,Alive
11,26,10.0,62.708,,,0.0,626,15.143994000000001,0.4288294492992,Alive
11,27,8.8,60.09356,,,0.0,627,11.295165781632003,0.3198429504053171,Alive
11,28,9.1,60.76472,,,0.0,628,12.195474982415998,0.3453368259820773,Alive
11,29,7.3,56.562259999999995,,,0.0,629,7.393292748252,0.2093543920937022,Alive
11,30,10.0,65.0,47.0,1747.0,145.58333333333334,630,15.689490000000001,0.444276150432,Alive
11,31,7.0,55.8209,,,0.0,631,6.729323358,0.19055290366381442,Alive
11,32,,0.0,,,0.0,632,0.0,0.0,Dead
11,33,5.8,52.73846,,,0.0,633,4.4418998706720005,0.1257803902578449,Alive
11,34,5.9,53.002480000000006,,,0.0,634,4.610628862544002,0.130558255374886,Alive
11,35,5.3,51.39886,,,0.0,635,3.655719666212,0.10351828264419197,Alive
11,36,5.1,50.85392,,,0.0,636,3.3675408928960002,0.09535798195595746,Alive
11,37,11.0,64.74369999999999,,,0.0,637,18.864380725999997,0.5341788961419967,Alive
11,38,8.4,59.18048,,,0.0,638,10.157833711744003,0.2876373456487126,Alive
11,39,,0.0,,,0.0,639,0.0,0.0,Dead
11,40,,0.0,,,0.0,640,0.0,0.0,Dead
11,41,8.2,58.71614,,,0.0,641,9.615904343568001,0.27229164011594637,Alive
11,42,9.2,60.98584,,,0.0,642,12.504672764288,0.3540923177317904,Alive
11,43,9.6,61.85732,,,0.0,643,13.787324054656,0.390412897790883,Alive
11,44,7.8,57.77186,,,0.0,644,8.584809110512,0.24309432262054617,Alive
11,45,7.4,56.80678,,2367.0,197.25,645,7.623049469264002,0.21586036721125487,Alive
11,46,4.0,47.7638,,,0.0,646,2.0383355040000004,0.05771913879966721,Alive
11,47,9.2,60.98584,,,0.0,647,12.504672764288,0.3540923177317904,Alive
11,48,9.4,61.42418,,,0.0,648,13.136798496624003,0.37199209566920255,Alive
11,49,6.2,53.78674,,,0.0,649,5.140288239728002,0.1455565140267299,Alive
11,50,5.7,54.0,43.0,,0.0,650,4.395104800000001,0.12445530360064003,Alive
11,51,6.3,54.045559999999995,,,0.0,651,5.324752497832,0.15077995153060916,Alive
11,52,9.8,62.28526,,,0.0,652,14.456355761552004,0.4093577348287158,Alive
11,53,7.6,57.291920000000005,,,0.0,653,8.095341492096,0.22923416596338403,Alive
11,54,6.5,54.5593,,,0.0,654,5.7057004115000005,0.1615671774123632,Alive
11,55,,0.0,,,0.0,655,0.0,0.0,Dead
11,56,8.1,58.48202,,,0.0,656,9.351562690636001,0.2648063303982015,Alive
11,57,10.7,64.14664,,,0.0,657,17.698564176368,0.5011667020693773,Alive
11,58,7.6,57.291920000000005,,,0.0,658,8.095341492096,0.22923416596338403,Alive
11,59,,0.0,,,0.0,659,0.0,0.0,Dead
11,60,8.0,55.0,45.0,3294.0,274.5,660,0.0,0.0,Alive
12,1,10.0,62.708,,,0.0,661,15.143994000000001,0.4288294492992,Alive
12,2,5.8,52.73846,,,0.0,662,4.4418998706720005,0.1257803902578449,Alive
12,3,11.2,65.13524000000001,,,0.0,663,19.665433523328,0.5568621479933743,Alive
12,4,6.9,55.57118,,,0.0,664,6.516360433924001,0.18452247513533915,Alive
12,5,9.5,61.6414,,,0.0,665,13.459754513,0.3811371765937184,Alive
12,6,8.1,58.48202,,,0.0,666,9.351562690636001,0.2648063303982015,Alive
12,7,7.1,56.069320000000005,,,0.0,667,6.946451522456002,0.1967012784710821,Alive
12,8,8.8,60.09356,,,0.0,668,11.295165781632003,0.3198429504053171,Alive
12,9,10.2,63.12554,,,0.0,669,15.850333212208001,0.44883071550345155,Alive
12,10,8.4,65.0,50.0,,0.0,670,11.135122000000003,0.3153110226496001,Alive
12,11,7.7,57.53254,,,0.0,671,8.337918225908002,0.2361031628193917,Alive
12,12,12.6,67.73042,,,0.0,672,25.811347920495997,0.7308947767951011,Alive
12,13,11.5,65.7128,,,0.0,673,20.902922364000002,0.5919038719969153,Alive
12,14,,0.0,,,0.0,674,0.0,0.0,Dead
12,15,,0.0,,1188.0,99.0,675,0.0,0.0,Dead
12,16,8.7,59.867239999999995,,,0.0,676,11.004106321527997,0.311601077885444,Alive
12,17,10.4,63.53788,,,0.0,677,16.575461899904006,0.46936403952720174,Alive
12,18,6.2,53.78674,,,0.0,678,5.140288239728002,0.1455565140267299,Alive
12,19,10.0,62.708,,,0.0,679,15.143994000000001,0.4288294492992,Alive
12,20,7.5,64.0,45.0,,0.0,680,8.787490000000002,0.24883359683200004,Alive
12,21,5.9,53.002480000000006,,,0.0,681,4.610628862544002,0.130558255374886,Alive
12,22,5.3,51.39886,,,0.0,682,3.655719666212,0.10351828264419197,Alive
12,23,4.8,50.02676,,,0.0,683,2.962717389952,0.08389467578779279,Alive
12,24,7.5,57.05,,,0.0,684,7.857058750000001,0.22248676121200003,Alive
12,25,9.6,61.85732,,,0.0,685,13.787324054656,0.390412897790883,Alive
12,26,6.4,54.30308,,,0.0,686,5.513214893184002,0.15611660348731274,Alive
12,27,7.9,58.00988,,,0.0,687,8.836033933704002,0.25020820569390945,Alive
12,28,8.8,60.09356,,,0.0,688,11.295165781632003,0.3198429504053171,Alive
12,29,10.0,62.708,,,0.0,689,15.143994000000001,0.4288294492992,Alive
12,30,9.6,56.0,28.0,2232.0,186.0,690,12.502574800000001,0.35403291009664006,Alive
12,31,,0.0,,,0.0,691,0.0,0.0,Dead
12,32,10.4,63.53788,,,0.0,692,16.575461899904006,0.46936403952720174,Alive
12,33,12.2,67.01494,,,0.0,693,23.958808733648,0.6784367951489636,Alive
12,34,10.1,62.91742000000001,,,0.0,694,15.494820313796001,0.4387637278616986,Alive
12,35,8.1,58.48202,,,0.0,695,9.351562690636001,0.2648063303982015,Alive
12,36,8.6,59.63962,,,0.0,696,10.717542182576,0.3034864984755681,Alive
12,37,8.5,59.410700000000006,,,0.0,697,10.435456918500003,0.2954987464697809,Alive
12,38,5.0,50.5795,,,0.0,698,3.22897025,0.0914341047752,Alive
12,39,,0.0,,,0.0,699,0.0,0.0,Dead
12,40,10.3,61.0,43.0,,0.0,700,15.621636200000005,0.4423547479481601,Alive
12,41,,0.0,,,0.0,701,0.0,0.0,Dead
12,42,9.8,62.28526,,,0.0,702,14.456355761552004,0.4093577348287158,Alive
12,43,10.6,63.94502,,,0.0,703,17.319462624336,0.4904317592407977,Alive
12,44,9.3,61.20566,,,0.0,704,12.818442529492003,0.3629772734191192,Alive
12,45,9.7,62.07194,,3468.0,289.0,705,14.119520226348,0.39981963034545104,Alive
12,46,7.4,56.80678,,,0.0,706,7.623049469264002,0.21586036721125487,Alive
12,47,,0.0,,,0.0,707,0.0,0.0,Dead
12,48,10.7,64.14664,,,0.0,708,17.698564176368,0.5011667020693773,Alive
12,49,7.2,56.31644,,,0.0,709,7.167767314048001,0.20296823347843443,Alive
12,50,9.4,55.0,42.0,,0.0,710,11.785814000000002,0.3337365378752001,Alive
12,51,9.0,60.5423,,,0.0,711,11.890834594000001,0.33671038503137923,Alive
12,52,9.4,61.42418,,,0.0,712,13.136798496624003,0.37199209566920255,Alive
12,53,7.7,57.53254,,,0.0,713,8.337918225908002,0.2361031628193917,Alive
12,54,10.3,63.33236,,,0.0,714,16.210543572312005,0.4590307202284446,Alive
12,55,6.8,55.32016,,,0.0,715,6.307539992192001,0.17860934845090246,Alive
12,56,8.3,58.94896,,,0.0,716,9.884655373472004,0.27990180927953207,Alive
12,57,7.5,57.05,,,0.0,717,7.857058750000001,0.22248676121200003,Alive
12,58,9.0,60.5423,,,0.0,718,11.890834594000001,0.33671038503137923,Alive
12,59,9.2,60.98584,,,0.0,719,12.504672764288,0.3540923177317904,Alive
12,60,,0.0,,4548.0,379.0,720,0.0,0.0,Dead
13,1,9.9,62.49728,,,0.0,721,14.797843022464003,0.41902756129850866,Alive
13,2,6.6,54.814220000000006,,,0.0,722,5.9022336672160005,0.16713237030782205,Alive
13,3,7.8,57.77186,,,0.0,723,8.584809110512,0.24309432262054617,Alive
13,4,10.1,62.91742000000001,,,0.0,724,15.494820313796001,0.4387637278616986,Alive
13,5,9.1,60.76472,,,0.0,725,12.195474982415998,0.3453368259820773,Alive
13,6,,0.0,,,0.0,726,0.0,0.0,Dead
13,7,7.3,56.562259999999995,,,0.0,727,7.393292748252,0.2093543920937022,Alive
13,8,8.2,58.71614,,,0.0,728,9.615904343568001,0.27229164011594637,Alive
13,9,9.9,62.49728,,,0.0,729,14.797843022464003,0.41902756129850866,Alive
13,10,8.5,66.0,51.0,,0.0,730,11.568520000000001,0.327583467136,Alive
13,11,,0.0,,,0.0,731,0.0,0.0,Dead
13,12,8.9,60.31858,,,0.0,732,11.590736637884003,0.32821257122763375,Alive
13,13,7.5,57.05,,,0.0,733,7.857058750000001,0.22248676121200003,Alive
13,14,7.0,55.8209,,,0.0,734,6.729323358,0.19055290366381442,Alive
13,15,7.8,57.77186,,842.0,70.16666666666667,735,8.584809110512,0.24309432262054617,Alive
13,16,7.1,56.069320000000005,,,0.0,736,6.946451522456002,0.1967012784710821,Alive
13,17,7.9,58.00988,,,0.0,737,8.836033933704002,0.25020820569390945,Alive
13,18,8.8,60.09356,,,0.0,738,11.295165781632003,0.3198429504053171,Alive
13,19,10.5,63.74209999999999,,,0.0,739,16.945098329500002,0.47983096037678563,Alive
13,20,8.8,60.09356,,,0.0,740,11.295165781632003,0.3198429504053171,Alive
13,21,8.4,59.18048,,,0.0,741,10.157833711744003,0.2876373456487126,Alive
13,22,8.0,58.2466,,,0.0,742,9.091612112000002,0.25744536185308164,Alive
13,23,8.4,59.18048,,,0.0,743,10.157833711744003,0.2876373456487126,Alive
13,24,9.3,61.20566,,,0.0,744,12.818442529492003,0.3629772734191192,Alive
13,25,8.0,58.2466,,,0.0,745,9.091612112000002,0.25744536185308164,Alive
13,26,9.7,62.07194,,,0.0,746,14.119520226348,0.39981963034545104,Alive
13,27,7.6,57.291920000000005,,,0.0,747,8.095341492096,0.22923416596338403,Alive
13,28,8.7,59.867239999999995,,,0.0,748,11.004106321527997,0.311601077885444,Alive
13,29,8.5,59.410700000000006,,,0.0,749,10.435456918500003,0.2954987464697809,Alive
13,30,7.1,56.0,44.0,1682.0,140.16666666666666,750,6.938134800000001,0.19646577550464003,Alive
13,31,9.6,61.85732,,,0.0,751,13.787324054656,0.390412897790883,Alive
13,32,9.4,61.42418,,,0.0,752,13.136798496624003,0.37199209566920255,Alive
13,33,6.5,54.5593,,,0.0,753,5.7057004115000005,0.1615671774123632,Alive
13,34,9.3,61.20566,,,0.0,754,12.818442529492003,0.3629772734191192,Alive
13,35,9.0,60.5423,,,0.0,755,11.890834594000001,0.33671038503137923,Alive
13,36,6.2,53.78674,,,0.0,756,5.140288239728002,0.1455565140267299,Alive
13,37,7.9,58.00988,,,0.0,757,8.836033933704002,0.25020820569390945,Alive
13,38,8.7,59.867239999999995,,,0.0,758,11.004106321527997,0.311601077885444,Alive
13,39,9.5,61.6414,,,0.0,759,13.459754513,0.3811371765937184,Alive
13,40,,0.0,,,0.0,760,0.0,0.0,Dead
13,41,8.1,58.48202,,,0.0,761,9.351562690636001,0.2648063303982015,Alive
13,42,8.9,60.31858,,,0.0,762,11.590736637884003,0.32821257122763375,Alive
13,43,8.0,58.2466,,,0.0,763,9.091612112000002,0.25744536185308164,Alive
13,44,9.2,60.98584,,,0.0,764,12.504672764288,0.3540923177317904,Alive
13,45,7.7,57.53254,,2546.0,212.16666666666666,765,8.337918225908002,0.2361031628193917,Alive
13,46,9.6,61.85732,,,0.0,766,13.787324054656,0.390412897790883,Alive
13,47,,0.0,,,0.0,767,0.0,0.0,Dead
13,48,9.0,60.5423,,,0.0,768,11.890834594000001,0.33671038503137923,Alive
13,49,11.7,66.09134,,,0.0,769,21.751929607588,0.6159450403121479,Alive
13,50,10.5,58.0,50.0,,0.0,770,15.438400000000003,0.4371660851200001,Alive
13,51,,0.0,,,0.0,771,0.0,0.0,Dead
13,52,,0.0,,,0.0,772,0.0,0.0,Dead
13,53,12.1,66.83282,,,0.0,773,23.507773759356002,0.6656649279889321,Alive
13,54,6.9,55.57118,,,0.0,774,6.516360433924001,0.18452247513533915,Alive
13,55,9.3,61.20566,,,0.0,775,12.818442529492003,0.3629772734191192,Alive
13,56,8.1,58.48202,,,0.0,776,9.351562690636001,0.2648063303982015,Alive
13,57,9.0,60.5423,,,0.0,777,11.890834594000001,0.33671038503137923,Alive
13,58,7.2,56.31644,,,0.0,778,7.167767314048001,0.20296823347843443,Alive
13,59,9.7,62.07194,,,0.0,779,14.119520226348,0.39981963034545104,Alive
13,60,8.7,66.0,53.0,3770.0,314.1666666666667,780,12.108875199999998,0.34288459726335996,Alive
14,1,5.0,50.5795,,,0.0,781,3.22897025,0.0914341047752,Alive
14,2,10.0,62.708,,,0.0,782,15.143994000000001,0.4288294492992,Alive
14,3,11.0,64.74369999999999,,,0.0,783,18.864380725999997,0.5341788961419967,Alive
14,4,10.9,64.54598,,,0.0,784,18.471014763444,0.523040030853491,Alive
14,5,,0.0,,,0.0,785,0.0,0.0,Dead
14,6,8.2,58.71614,,,0.0,786,9.615904343568001,0.27229164011594637,Alive
14,7,10.2,63.12554,,,0.0,787,15.850333212208001,0.44883071550345155,Alive
14,8,11.0,64.74369999999999,,,0.0,788,18.864380725999997,0.5341788961419967,Alive
14,9,9.7,62.07194,,,0.0,789,14.119520226348,0.39981963034545104,Alive
14,10,9.3,65.0,53.0,,0.0,790,13.599493000000002,0.38509412338240007,Alive
14,11,,0.0,,,0.0,791,0.0,0.0,Dead
14,12,5.5,51.9386,,,0.0,792,3.9588095070000002,0.1121008170478176,Alive
14,13,7.3,56.562259999999995,,,0.0,793,7.393292748252,0.2093543920937022,Alive
14,14,11.6,65.90272,,,0.0,794,21.325020607616,0.6038563435417408,Alive
14,15,9.5,61.6414,,780.0,65.0,795,13.459754513,0.3811371765937184,Alive
14,16,9.5,61.6414,,,0.0,796,13.459754513,0.3811371765937184,Alive
14,17,9.2,60.98584,,,0.0,797,12.504672764288,0.3540923177317904,Alive
14,18,7.4,56.80678,,,0.0,798,7.623049469264002,0.21586036721125487,Alive
14,19,,0.0,,,0.0,799,0.0,0.0,Dead
14,20,12.2,69.0,51.0,,0.0,800,24.6619948,0.69834877435264,Alive
14,21,8.5,59.410700000000006,,,0.0,801,10.435456918500003,0.2954987464697809,Alive
14,22,5.0,50.5795,,,0.0,802,3.22897025,0.0914341047752,Alive
14,23,8.0,58.2466,,,0.0,803,9.091612112000002,0.25744536185308164,Alive
14,24,8.8,60.09356,,,0.0,804,11.295165781632003,0.3198429504053171,Alive
14,25,7.3,56.562259999999995,,,0.0,805,7.393292748252,0.2093543920937022,Alive
14,26,7.6,57.291920000000005,,,0.0,806,8.095341492096,0.22923416596338403,Alive
14,27,7.7,57.53254,,,0.0,807,8.337918225908002,0.2361031628193917,Alive
14,28,8.7,59.867239999999995,,,0.0,808,11.004106321527997,0.311601077885444,Alive
14,29,8.0,58.2466,,,0.0,809,9.091612112000002,0.25744536185308164,Alive
14,30,11.1,71.0,38.0,1692.0,141.0,810,21.0395158,0.59577176100544,Alive
14,31,,0.0,,,0.0,811,0.0,0.0,Dead
14,32,8.8,60.09356,,,0.0,812,11.295165781632003,0.3198429504053171,Alive
14,33,9.0,60.5423,,,0.0,813,11.890834594000001,0.33671038503137923,Alive
14,34,7.4,56.80678,,,0.0,814,7.623049469264002,0.21586036721125487,Alive
14,35,8.0,58.2466,,,0.0,815,9.091612112000002,0.25744536185308164,Alive
14,36,9.0,60.5423,,,0.0,816,11.890834594000001,0.33671038503137923,Alive
14,37,,0.0,,,0.0,817,0.0,0.0,Dead
14,38,5.7,52.47314,,,0.0,818,4.277038518268001,0.12111204431409132,Alive
14,39,6.3,54.045559999999995,,,0.0,819,5.324752497832,0.15077995153060916,Alive
14,40,11.2,66.0,46.0,,0.0,820,19.923605199999997,0.5641727437273599,Alive
14,41,9.3,61.20566,,,0.0,821,12.818442529492003,0.3629772734191192,Alive
14,42,9.0,60.5423,,,0.0,822,11.890834594000001,0.33671038503137923,Alive
14,43,8.5,59.410700000000006,,,0.0,823,10.435456918500003,0.2954987464697809,Alive
14,44,,0.0,,,0.0,824,0.0,0.0,Dead
14,45,4.1,48.05122,,2784.0,232.0,825,2.141913599516,0.06065213901477467,Alive
14,46,9.3,61.20566,,,0.0,826,12.818442529492003,0.3629772734191192,Alive
14,47,9.6,61.85732,,,0.0,827,13.787324054656,0.390412897790883,Alive
14,48,7.9,58.00988,,,0.0,828,8.836033933704002,0.25020820569390945,Alive
14,49,9.5,61.6414,,,0.0,829,13.459754513,0.3811371765937184,Alive
14,50,,0.0,,,0.0,830,0.0,0.0,Dead
14,51,9.7,62.07194,,,0.0,831,14.119520226348,0.39981963034545104,Alive
14,52,6.0,53.2652,,,0.0,832,4.783252336,0.13544639974804482,Alive
14,53,4.1,48.05122,,,0.0,833,2.141913599516,0.06065213901477467,Alive
14,54,5.6,52.20652,,,0.0,834,4.116017591935999,0.1165524469473333,Alive
14,55,7.4,56.80678,,,0.0,835,7.623049469264002,0.21586036721125487,Alive
14,56,4.3,48.62216,,,0.0,836,2.359166497392,0.06680404587334979,Alive
14,57,7.5,57.05,,,0.0,837,7.857058750000001,0.22248676121200003,Alive
14,58,9.4,61.42418,,,0.0,838,13.136798496624003,0.37199209566920255,Alive
14,59,9.8,62.28526,,,0.0,839,14.456355761552004,0.4093577348287158,Alive
14,60,10.5,66.0,43.0,3528.0,294.0,840,17.537560000000003,0.49660757900800007,Alive
15,1,9.2,60.98584,,,0.0,841,12.504672764288,0.3540923177317904,Alive
15,2,8.0,58.2466,,,0.0,842,9.091612112000002,0.25744536185308164,Alive
15,3,10.4,63.53788,,,0.0,843,16.575461899904006,0.46936403952720174,Alive
15,4,5.4,51.66938,,,0.0,844,3.805386307504001,0.1077563629923293,Alive
15,5,9.0,60.5423,,,0.0,845,11.890834594000001,0.33671038503137923,Alive
15,6,9.8,62.28526,,,0.0,846,14.456355761552004,0.4093577348287158,Alive
15,7,11.9,66.46468,,,0.0,847,22.620200736824003,0.6405317002244979,Alive
15,8,10.6,63.94502,,,0.0,848,17.319462624336,0.4904317592407977,Alive
15,9,,0.0,,,0.0,849,0.0,0.0,Dead
15,10,10.2,68.0,50.0,,0.0,850,17.0573236,0.48300882091648,Alive
15,11,9.0,60.5423,,,0.0,851,11.890834594000001,0.33671038503137923,Alive
15,12,9.6,61.85732,,,0.0,852,13.787324054656,0.390412897790883,Alive
15,13,8.4,59.18048,,,0.0,853,10.157833711744003,0.2876373456487126,Alive
15,14,12.0,66.6494,,,0.0,854,23.061572368000004,0.6530299324301825,Alive
15,15,10.5,63.74209999999999,,941.0,78.41666666666667,855,16.945098329500002,0.47983096037678563,Alive
15,16,7.8,57.77186,,,0.0,856,8.584809110512,0.24309432262054617,Alive
15,17,7.5,57.05,,,0.0,857,7.857058750000001,0.22248676121200003,Alive
15,18,7.6,57.291920000000005,,,0.0,858,8.095341492096,0.22923416596338403,Alive
15,19,9.7,62.07194,,,0.0,859,14.119520226348,0.39981963034545104,Alive
15,20,8.0,64.0,49.0,,0.0,860,9.967970000000001,0.28226101289600003,Alive
15,21,14.0,70.07079999999999,,,0.0,861,32.906116784,0.9317959277491711,Alive
15,22,7.4,56.80678,,,0.0,862,7.623049469264002,0.21586036721125487,Alive
15,23,6.4,54.30308,,,0.0,863,5.513214893184002,0.15611660348731274,Alive
15,24,10.7,64.14664,,,0.0,864,17.698564176368,0.5011667020693773,Alive
15,25,11.3,65.32906,,,0.0,865,20.073135057932003,0.5684069508084489,Alive
15,26,7.8,57.77186,,,0.0,866,8.584809110512,0.24309432262054617,Alive
15,27,9.5,61.6414,,,0.0,867,13.459754513,0.3811371765937184,Alive
15,28,10.5,63.74209999999999,,,0.0,868,16.945098329500002,0.47983096037678563,Alive
15,29,6.8,55.32016,,,0.0,869,6.307539992192001,0.17860934845090246,Alive
15,30,,0.0,,1997.0,166.41666666666666,870,0.0,0.0,Dead
15,31,8.5,59.410700000000006,,,0.0,871,10.435456918500003,0.2954987464697809,Alive
15,32,8.0,58.2466,,,0.0,872,9.091612112000002,0.25744536185308164,Alive
15,33,10.6,63.94502,,,0.0,873,17.319462624336,0.4904317592407977,Alive
15,34,8.0,58.2466,,,0.0,874,9.091612112000002,0.25744536185308164,Alive
15,35,7.1,56.069320000000005,,,0.0,875,6.946451522456002,0.1967012784710821,Alive
15,36,7.5,57.05,,,0.0,876,7.857058750000001,0.22248676121200003,Alive
15,37,7.7,57.53254,,,0.0,877,8.337918225908002,0.2361031628193917,Alive
15,38,9.8,62.28526,,,0.0,878,14.456355761552004,0.4093577348287158,Alive
15,39,8.4,59.18048,,,0.0,879,10.157833711744003,0.2876373456487126,Alive
15,40,8.5,58.0,49.0,,0.0,880,10.192880000000002,0.2886297443840001,Alive
15,41,9.2,60.98584,,,0.0,881,12.504672764288,0.3540923177317904,Alive
15,42,6.5,54.5593,,,0.0,882,5.7057004115000005,0.1615671774123632,Alive
15,43,9.0,60.5423,,,0.0,883,11.890834594000001,0.33671038503137923,Alive
15,44,8.8,60.09356,,,0.0,884,11.295165781632003,0.3198429504053171,Alive
15,45,8.4,59.18048,,2897.0,241.41666666666666,885,10.157833711744003,0.2876373456487126,Alive
15,46,9.9,62.49728,,,0.0,886,14.797843022464003,0.41902756129850866,Alive
15,47,6.7,55.06784,,,0.0,887,6.102838903488001,0.17281286866228904,Alive
15,48,3.8,47.18506,,,0.0,888,1.8411083940319999,0.05213429817212533,Alive
15,49,4.9,50.30378,,,0.0,889,3.094039143564001,0.0876132876204731,Alive
15,50,9.5,65.0,44.0,,0.0,890,14.181165000000002,0.40156521307200005,Alive
15,51,9.3,61.20566,,,0.0,891,12.818442529492003,0.3629772734191192,Alive
15,52,9.0,60.5423,,,0.0,892,11.890834594000001,0.33671038503137923,Alive
15,53,5.7,52.47314,,,0.0,893,4.277038518268001,0.12111204431409132,Alive
15,54,8.8,60.09356,,,0.0,894,11.295165781632003,0.3198429504053171,Alive
15,55,8.6,59.63962,,,0.0,895,10.717542182576,0.3034864984755681,Alive
15,56,7.7,57.53254,,,0.0,896,8.337918225908002,0.2361031628193917,Alive
15,57,9.3,61.20566,,,0.0,897,12.818442529492003,0.3629772734191192,Alive
15,58,8.3,58.94896,,,0.0,898,9.884655373472004,0.27990180927953207,Alive
15,59,,0.0,,,0.0,899,0.0,0.0,Dead
15,60,6.2,54.0,37.0,3725.0,310.4166666666667,900,0.0,0.0,Alive
16,1,10.0,62.708,,,0.0,901,15.143994000000001,0.4288294492992,Alive
16,2,,0.0,,,0.0,902,0.0,0.0,Dead
16,3,10.3,63.33236,,,0.0,903,16.210543572312005,0.4590307202284446,Alive
16,4,6.7,55.06784,,,0.0,904,6.102838903488001,0.17281286866228904,Alive
16,5,10.8,64.34696,,,0.0,905,18.082412006272,0.512036044299203,Alive
16,6,9.4,61.42418,,,0.0,906,13.136798496624003,0.37199209566920255,Alive
16,7,8.2,58.71614,,,0.0,907,9.615904343568001,0.27229164011594637,Alive
16,8,7.5,57.05,,,0.0,908,7.857058750000001,0.22248676121200003,Alive
16,9,10.8,64.34696,,,0.0,909,18.082412006272,0.512036044299203,Alive
16,10,,0.0,,,0.0,910,0.0,0.0,Dead
16,11,,0.0,,,0.0,911,0.0,0.0,Dead
16,12,,0.0,,,0.0,912,0.0,0.0,Dead
16,13,11.5,65.7128,,,0.0,913,20.902922364000002,0.5919038719969153,Alive
16,14,7.5,57.05,,,0.0,914,7.857058750000001,0.22248676121200003,Alive
16,15,9.6,61.85732,,840.0,70.0,915,13.787324054656,0.390412897790883,Alive
16,16,9.9,62.49728,,,0.0,916,14.797843022464003,0.41902756129850866,Alive
16,17,10.1,62.91742000000001,,,0.0,917,15.494820313796001,0.4387637278616986,Alive
16,18,11.2,65.13524000000001,,,0.0,918,19.665433523328,0.5568621479933743,Alive
16,19,8.4,59.18048,,,0.0,919,10.157833711744003,0.2876373456487126,Alive
16,20,10.0,65.0,41.0,,0.0,920,15.689490000000001,0.444276150432,Alive
16,21,,0.0,,,0.0,921,0.0,0.0,Dead
16,22,9.6,61.85732,,,0.0,922,13.787324054656,0.390412897790883,Alive
16,23,,0.0,,,0.0,923,0.0,0.0,Dead
16,24,5.5,51.9386,,,0.0,924,3.9588095070000002,0.1121008170478176,Alive
16,25,8.3,58.94896,,,0.0,925,9.884655373472004,0.27990180927953207,Alive
16,26,7.7,57.53254,,,0.0,926,8.337918225908002,0.2361031628193917,Alive
16,27,7.7,57.53254,,,0.0,927,8.337918225908002,0.2361031628193917,Alive
16,28,8.6,59.63962,,,0.0,928,10.717542182576,0.3034864984755681,Alive
16,29,7.6,57.291920000000005,,,0.0,929,8.095341492096,0.22923416596338403,Alive
16,30,11.1,66.0,53.0,1800.0,150.0,930,19.5733168,0.55425369716224,Alive
16,31,,0.0,,,0.0,931,0.0,0.0,Dead
16,32,7.8,57.77186,,,0.0,932,8.584809110512,0.24309432262054617,Alive
16,33,6.7,55.06784,,,0.0,933,6.102838903488001,0.17281286866228904,Alive
16,34,7.7,57.53254,,,0.0,934,8.337918225908002,0.2361031628193917,Alive
16,35,6.0,53.2652,,,0.0,935,4.783252336,0.13544639974804482,Alive
16,36,6.5,54.5593,,,0.0,936,5.7057004115000005,0.1615671774123632,Alive
16,37,,0.0,,,0.0,937,0.0,0.0,Dead
16,38,7.7,57.53254,,,0.0,938,8.337918225908002,0.2361031628193917,Alive
16,39,5.2,51.12704,,,0.0,939,3.5097808846080008,0.09938576335326783,Alive
16,40,6.1,59.0,43.0,,0.0,940,5.4445182,0.15417133296576,Alive
16,41,10.0,62.708,,,0.0,941,15.143994000000001,0.4288294492992,Alive
16,42,5.9,53.002480000000006,,,0.0,942,4.610628862544002,0.130558255374886,Alive
16,43,9.3,61.20566,,,0.0,943,12.818442529492003,0.3629772734191192,Alive
16,44,9.5,61.6414,,,0.0,944,13.459754513,0.3811371765937184,Alive
16,45,4.3,48.62216,,2592.0,216.0,945,2.359166497392,0.06680404587334979,Alive
16,46,2.4,42.98828,,,0.0,946,0.808807732864,0.022902846809963313,Alive
16,47,9.3,61.20566,,,0.0,947,12.818442529492003,0.3629772734191192,Alive
16,48,5.5,51.9386,,,0.0,948,3.9588095070000002,0.1121008170478176,Alive
16,49,9.3,61.20566,,,0.0,949,12.818442529492003,0.3629772734191192,Alive
16,50,7.6,57.0,42.0,,0.0,950,8.0552116,0.22809781583487998,Alive
16,51,7.9,58.00988,,,0.0,951,8.836033933704002,0.25020820569390945,Alive
16,52,,0.0,,,0.0,952,0.0,0.0,Dead
16,53,9.5,61.6414,,,0.0,953,13.459754513,0.3811371765937184,Alive
16,54,7.6,57.291920000000005,,,0.0,954,8.095341492096,0.22923416596338403,Alive
16,55,8.1,58.48202,,,0.0,955,9.351562690636001,0.2648063303982015,Alive
16,56,9.3,61.20566,,,0.0,956,12.818442529492003,0.3629772734191192,Alive
16,57,7.8,57.77186,,,0.0,957,8.584809110512,0.24309432262054617,Alive
16,58,9.0,60.5423,,,0.0,958,11.890834594000001,0.33671038503137923,Alive
16,59,7.6,57.291920000000005,,,0.0,959,8.095341492096,0.22923416596338403,Alive
16,60,8.6,57.0,45.0,3324.0,277.0,960,10.252903600000002,0.29032942066048006,Alive
17,1,6.0,53.2652,,,0.0,961,4.783252336,0.13544639974804482,Alive
17,2,6.1,53.52662,,,0.0,962,4.959796761876,0.14044557294669033,Alive
17,3,11.9,66.46468,,,0.0,963,22.620200736824003,0.6405317002244979,Alive
17,4,10.9,64.54598,,,0.0,964,18.471014763444,0.523040030853491,Alive
17,5,11.6,65.90272,,,0.0,965,21.325020607616,0.6038563435417408,Alive
17,6,,0.0,,,0.0,966,0.0,0.0,Dead
17,7,,0.0,,,0.0,967,0.0,0.0,Dead
17,8,8.7,59.867239999999995,,,0.0,968,11.004106321527997,0.311601077885444,Alive
17,9,10.7,64.14664,,,0.0,969,17.698564176368,0.5011667020693773,Alive
17,10,,0.0,,,0.0,970,0.0,0.0,Dead
17,11,11.3,65.32906,,,0.0,971,20.073135057932003,0.5684069508084489,Alive
17,12,,0.0,,,0.0,972,0.0,0.0,Dead
17,13,10.8,64.34696,,,0.0,973,18.082412006272,0.512036044299203,Alive
17,14,,0.0,,,0.0,974,0.0,0.0,Dead
17,15,8.8,60.09356,,702.0,58.5,975,11.295165781632003,0.3198429504053171,Alive
17,16,,0.0,,,0.0,976,0.0,0.0,Dead
17,17,5.6,52.20652,,,0.0,977,4.116017591935999,0.1165524469473333,Alive
17,18,7.0,55.8209,,,0.0,978,6.729323358,0.19055290366381442,Alive
17,19,8.0,58.2466,,,0.0,979,9.091612112000002,0.25744536185308164,Alive
17,20,7.2,61.0,51.0,,0.0,980,7.745621200000002,0.21933120639616005,Alive
17,21,11.6,65.90272,,,0.0,981,21.325020607616,0.6038563435417408,Alive
17,22,11.7,66.09134,,,0.0,982,21.751929607588,0.6159450403121479,Alive
17,23,9.5,61.6414,,,0.0,983,13.459754513,0.3811371765937184,Alive
17,24,10.2,63.12554,,,0.0,984,15.850333212208001,0.44883071550345155,Alive
17,25,8.2,58.71614,,,0.0,985,9.615904343568001,0.27229164011594637,Alive
17,26,,0.0,,,0.0,986,0.0,0.0,Dead
17,27,7.0,55.8209,,,0.0,987,6.729323358,0.19055290366381442,Alive
17,28,9.8,62.28526,,,0.0,988,14.456355761552004,0.4093577348287158,Alive
17,29,9.4,61.42418,,,0.0,989,13.136798496624003,0.37199209566920255,Alive
17,30,6.8,58.0,41.0,1640.0,136.66666666666666,990,6.6024596,0.18696052800128002,Alive
17,31,6.3,54.045559999999995,,,0.0,991,5.324752497832,0.15077995153060916,Alive
17,32,6.4,54.30308,,,0.0,992,5.513214893184002,0.15611660348731274,Alive
17,33,5.0,50.5795,,,0.0,993,3.22897025,0.0914341047752,Alive
17,34,7.3,56.562259999999995,,,0.0,994,7.393292748252,0.2093543920937022,Alive
17,35,7.9,58.00988,,,0.0,995,8.836033933704002,0.25020820569390945,Alive
17,36,6.5,54.5593,,,0.0,996,5.7057004115000005,0.1615671774123632,Alive
17,37,8.9,60.31858,,,0.0,997,11.590736637884003,0.32821257122763375,Alive
17,38,7.6,57.291920000000005,,,0.0,998,8.095341492096,0.22923416596338403,Alive
17,39,9.1,60.76472,,,0.0,999,12.195474982415998,0.3453368259820773,Alive
17,40,9.6,64.0,39.0,,0.0,1000,14.2573012,0.40372114662016,Alive
17,41,8.0,58.2466,,,0.0,1001,9.091612112000002,0.25744536185308164,Alive
17,42,8.9,60.31858,,,0.0,1002,11.590736637884003,0.32821257122763375,Alive
17,43,7.5,57.05,,,0.0,1003,7.857058750000001,0.22248676121200003,Alive
17,44,7.6,57.291920000000005,,,0.0,1004,8.095341492096,0.22923416596338403,Alive
17,45,7.2,56.31644,,2790.0,232.5,1005,7.167767314048001,0.20296823347843443,Alive
17,46,6.2,53.78674,,,0.0,1006,5.140288239728002,0.1455565140267299,Alive
17,47,10.3,63.33236,,,0.0,1007,16.210543572312005,0.4590307202284446,Alive
17,48,6.9,55.57118,,,0.0,1008,6.516360433924001,0.18452247513533915,Alive
17,49,9.3,61.20566,,,0.0,1009,12.818442529492003,0.3629772734191192,Alive
17,50,10.5,53.0,39.0,,0.0,1010,14.126425000000003,0.40001515144000005,Alive
17,51,10.1,62.91742000000001,,,0.0,1011,15.494820313796001,0.4387637278616986,Alive
17,52,8.2,58.71614,,,0.0,1012,9.615904343568001,0.27229164011594637,Alive
17,53,8.8,60.09356,,,0.0,1013,11.295165781632003,0.3198429504053171,Alive
17,54,7.5,57.05,,,0.0,1014,7.857058750000001,0.22248676121200003,Alive
17,55,,0.0,,,0.0,1015,0.0,0.0,Dead
17,56,10.0,62.708,,,0.0,1016,15.143994000000001,0.4288294492992,Alive
17,57,8.0,58.2466,,,0.0,1017,9.091612112000002,0.25744536185308164,Alive
17,58,4.2,48.33734,,,0.0,1018,2.248846212688,0.06368012843544356,Alive
17,59,8.4,59.18048,,,0.0,1019,10.157833711744003,0.2876373456487126,Alive
17,60,,0.0,,3068.0,255.66666666666666,1020,0.0,0.0,Dead
18,1,5.5,51.9386,,,0.0,1021,3.9588095070000002,0.1121008170478176,Alive
18,2,8.3,58.94896,,,0.0,1022,9.884655373472004,0.27990180927953207,Alive
18,3,,0.0,,,0.0,1023,0.0,0.0,Dead
18,4,7.4,56.80678,,,0.0,1024,7.623049469264002,0.21586036721125487,Alive
18,5,10.3,63.33236,,,0.0,1025,16.210543572312005,0.4590307202284446,Alive
18,6,,0.0,,,0.0,1026,0.0,0.0,Dead
18,7,11.5,65.7128,,,0.0,1027,20.902922364000002,0.5919038719969153,Alive
18,8,8.5,59.410700000000006,,,0.0,1028,10.435456918500003,0.2954987464697809,Alive
18,9,6.5,54.5593,,,0.0,1029,5.7057004115000005,0.1615671774123632,Alive
18,10,6.3,63.0,54.0,,0.0,1030,6.1706086,0.17473188960448002,Alive
18,11,8.7,59.867239999999995,,,0.0,1031,11.004106321527997,0.311601077885444,Alive
18,12,,0.0,,,0.0,1032,0.0,0.0,Dead
18,13,10.6,63.94502,,,0.0,1033,17.319462624336,0.4904317592407977,Alive
18,14,8.6,59.63962,,,0.0,1034,10.717542182576,0.3034864984755681,Alive
18,15,7.6,57.291920000000005,,756.0,63.0,1035,8.095341492096,0.22923416596338403,Alive
18,16,8.5,59.410700000000006,,,0.0,1036,10.435456918500003,0.2954987464697809,Alive
18,17,9.5,61.6414,,,0.0,1037,13.459754513,0.3811371765937184,Alive
18,18,9.5,61.6414,,,0.0,1038,13.459754513,0.3811371765937184,Alive
18,19,9.9,62.49728,,,0.0,1039,14.797843022464003,0.41902756129850866,Alive
18,20,7.7,57.0,45.0,,0.0,1040,8.262771400000002,0.23397524517952004,Alive
18,21,10.2,63.12554,,,0.0,1041,15.850333212208001,0.44883071550345155,Alive
18,22,10.3,63.33236,,,0.0,1042,16.210543572312005,0.4590307202284446,Alive
18,23,7.6,57.291920000000005,,,0.0,1043,8.095341492096,0.22923416596338403,Alive
18,24,10.4,63.53788,,,0.0,1044,16.575461899904006,0.46936403952720174,Alive
18,25,10.1,62.91742000000001,,,0.0,1045,15.494820313796001,0.4387637278616986,Alive
18,26,,0.0,,,0.0,1046,0.0,0.0,Dead
18,27,9.5,61.6414,,,0.0,1047,13.459754513,0.3811371765937184,Alive
18,28,10.2,63.12554,,,0.0,1048,15.850333212208001,0.44883071550345155,Alive
18,29,,0.0,,,0.0,1049,0.0,0.0,Dead
18,30,9.8,58.0,42.0,1662.0,138.5,1050,13.476851600000003,0.3816213113868801,Alive
18,31,10.8,64.34696,,,0.0,1051,18.082412006272,0.512036044299203,Alive
18,32,,0.0,,,0.0,1052,0.0,0.0,Dead
18,33,7.1,56.069320000000005,,,0.0,1053,6.946451522456002,0.1967012784710821,Alive
18,34,4.2,48.33734,,,0.0,1054,2.248846212688,0.06368012843544356,Alive
18,35,8.8,60.09356,,,0.0,1055,11.295165781632003,0.3198429504053171,Alive
18,36,8.4,59.18048,,,0.0,1056,10.157833711744003,0.2876373456487126,Alive
18,37,8.9,60.31858,,,0.0,1057,11.590736637884003,0.32821257122763375,Alive
18,38,6.2,53.78674,,,0.0,1058,5.140288239728002,0.1455565140267299,Alive
18,39,10.5,63.74209999999999,,,0.0,1059,16.945098329500002,0.47983096037678563,Alive
18,40,8.3,56.0,45.0,,0.0,1060,9.401149200000003,0.2662104616665601,Alive
18,41,7.9,58.00988,,,0.0,1061,8.836033933704002,0.25020820569390945,Alive
18,42,9.7,62.07194,,,0.0,1062,14.119520226348,0.39981963034545104,Alive
18,43,8.1,58.48202,,,0.0,1063,9.351562690636001,0.2648063303982015,Alive
18,44,10.8,64.34696,,,0.0,1064,18.082412006272,0.512036044299203,Alive
18,45,5.4,51.66938,,2718.0,226.5,1065,3.805386307504001,0.1077563629923293,Alive
18,46,5.3,51.39886,,,0.0,1066,3.655719666212,0.10351828264419197,Alive
18,47,9.9,62.49728,,,0.0,1067,14.797843022464003,0.41902756129850866,Alive
18,48,2.6,43.60342,,,0.0,1068,0.9210167036960001,0.026080245795218896,Alive
18,49,7.3,56.562259999999995,,,0.0,1069,7.393292748252,0.2093543920937022,Alive
18,50,9.5,57.0,42.0,,0.0,1070,12.462805000000001,0.352906756624,Alive
18,51,8.9,60.31858,,,0.0,1071,11.590736637884003,0.32821257122763375,Alive
18,52,8.7,59.867239999999995,,,0.0,1072,11.004106321527997,0.311601077885444,Alive
18,53,8.3,58.94896,,,0.0,1073,9.884655373472004,0.27990180927953207,Alive
18,54,6.5,54.5593,,,0.0,1074,5.7057004115000005,0.1615671774123632,Alive
18,55,7.9,58.00988,,,0.0,1075,8.836033933704002,0.25020820569390945,Alive
18,56,4.5,49.1879,,,0.0,1076,2.5901008405,0.0733433674802704,Alive
18,57,7.6,57.291920000000005,,,0.0,1077,8.095341492096,0.22923416596338403,Alive
18,58,9.6,61.85732,,,0.0,1078,13.787324054656,0.390412897790883,Alive
18,59,6.9,55.57118,,,0.0,1079,6.516360433924001,0.18452247513533915,Alive
18,60,5.3,59.0,47.0,3486.0,290.5,1080,4.1638878,0.11790797805504001,Alive
19,1,,0.0,,,0.0,1081,0.0,0.0,Dead
19,2,5.9,53.002480000000006,,,0.0,1082,4.610628862544002,0.130558255374886,Alive
19,3,10.5,63.74209999999999,,,0.0,1083,16.945098329500002,0.47983096037678563,Alive
19,4,3.2,45.417640000000006,,,0.0,1084,1.3263723879680003,0.03755862163561227,Alive
19,5,10.5,63.74209999999999,,,0.0,1085,16.945098329500002,0.47983096037678563,Alive
19,6,7.9,58.00988,,,0.0,1086,8.836033933704002,0.25020820569390945,Alive
19,7,7.3,56.562259999999995,,,0.0,1087,7.393292748252,0.2093543920937022,Alive
19,8,8.8,60.09356,,,0.0,1088,11.295165781632003,0.3198429504053171,Alive
19,9,6.5,54.5593,,,0.0,1089,5.7057004115000005,0.1615671774123632,Alive
19,10,7.5,54.0,41.0,,0.0,1090,7.448740000000002,0.21092448083200005,Alive
19,11,10.8,64.34696,,,0.0,1091,18.082412006272,0.512036044299203,Alive
19,12,9.8,62.28526,,,0.0,1092,14.456355761552004,0.4093577348287158,Alive
19,13,,0.0,,,0.0,1093,0.0,0.0,Dead
19,14,,0.0,,,0.0,1094,0.0,0.0,Dead
19,15,,0.0,,936.0,78.0,1095,0.0,0.0,Dead
19,16,,0.0,,,0.0,1096,0.0,0.0,Dead
19,17,7.4,56.80678,,,0.0,1097,7.623049469264002,0.21586036721125487,Alive
19,18,11.7,66.09134,,,0.0,1098,21.751929607588,0.6159450403121479,Alive
19,19,,0.0,,,0.0,1099,0.0,0.0,Dead
19,20,10.4,64.0,47.0,,0.0,1100,16.694421200000004,0.4727325862361601,Alive
19,21,11.1,64.94012000000001,,,0.0,1101,19.262517800776003,0.5454528640610139,Alive
19,22,10.6,63.94502,,,0.0,1102,17.319462624336,0.4904317592407977,Alive
19,23,10.0,62.708,,,0.0,1103,15.143994000000001,0.4288294492992,Alive
19,24,8.0,58.2466,,,0.0,1104,9.091612112000002,0.25744536185308164,Alive
19,25,9.5,61.6414,,,0.0,1105,13.459754513,0.3811371765937184,Alive
19,26,6.9,55.57118,,,0.0,1106,6.516360433924001,0.18452247513533915,Alive
19,27,8.6,59.63962,,,0.0,1107,10.717542182576,0.3034864984755681,Alive
19,28,9.4,61.42418,,,0.0,1108,13.136798496624003,0.37199209566920255,Alive
19,29,8.9,60.31858,,,0.0,1109,11.590736637884003,0.32821257122763375,Alive
19,30,9.0,63.0,51.0,2016.0,168.0,1110,12.36463,0.350126754784,Alive
19,31,5.4,51.66938,,,0.0,1111,3.805386307504001,0.1077563629923293,Alive
19,32,10.1,62.91742000000001,,,0.0,1112,15.494820313796001,0.4387637278616986,Alive
19,33,5.1,50.85392,,,0.0,1113,3.3675408928960002,0.09535798195595746,Alive
19,34,5.4,51.66938,,,0.0,1114,3.805386307504001,0.1077563629923293,Alive
19,35,9.4,61.42418,,,0.0,1115,13.136798496624003,0.37199209566920255,Alive
19,36,7.9,58.00988,,,0.0,1116,8.836033933704002,0.25020820569390945,Alive
19,37,10.7,64.14664,,,0.0,1117,17.698564176368,0.5011667020693773,Alive
19,38,9.3,61.20566,,,0.0,1118,12.818442529492003,0.3629772734191192,Alive
19,39,9.9,62.49728,,,0.0,1119,14.797843022464003,0.41902756129850866,Alive
19,40,6.9,50.0,37.0,,0.0,1120,5.885080000000001,0.16664663334400004,Alive
19,41,10.7,64.14664,,,0.0,1121,17.698564176368,0.5011667020693773,Alive
19,42,10.3,63.33236,,,0.0,1122,16.210543572312005,0.4590307202284446,Alive
19,43,,0.0,,,0.0,1123,0.0,0.0,Dead
19,44,6.1,53.52662,,,0.0,1124,4.959796761876,0.14044557294669033,Alive
19,45,10.1,62.91742000000001,,2556.0,213.0,1125,15.494820313796001,0.4387637278616986,Alive
19,46,9.1,60.76472,,,0.0,1126,12.195474982415998,0.3453368259820773,Alive
19,47,9.1,60.76472,,,0.0,1127,12.195474982415998,0.3453368259820773,Alive
19,48,9.3,61.20566,,,0.0,1128,12.818442529492003,0.3629772734191192,Alive
19,49,,0.0,,,0.0,1129,0.0,0.0,Dead
19,50,10.7,57.0,46.0,,0.0,1130,15.751203399999998,0.44602367643711993,Alive
19,51,4.4,48.90568,,,0.0,1131,2.4729072362240005,0.07002481962670777,Alive
19,52,10.3,63.33236,,,0.0,1132,16.210543572312005,0.4590307202284446,Alive
19,53,5.8,52.73846,,,0.0,1133,4.4418998706720005,0.1257803902578449,Alive
19,54,6.9,55.57118,,,0.0,1134,6.516360433924001,0.18452247513533915,Alive
19,55,7.7,57.53254,,,0.0,1135,8.337918225908002,0.2361031628193917,Alive
19,56,,0.0,,,0.0,1136,0.0,0.0,Dead
19,57,10.2,63.12554,,,0.0,1137,15.850333212208001,0.44883071550345155,Alive
19,58,4.1,48.05122,,,0.0,1138,2.141913599516,0.06065213901477467,Alive
19,59,7.7,57.53254,,,0.0,1139,8.337918225908002,0.2361031628193917,Alive
19,60,6.9,55.0,43.0,3393.0,282.75,1140,6.451639000000001,0.18268977123520003,Alive
20,1,8.3,58.94896,,,0.0,1141,9.884655373472004,0.27990180927953207,Alive
20,2,6.4,54.30308,,,0.0,1142,5.513214893184002,0.15611660348731274,Alive
20,3,9.5,61.6414,,,0.0,1143,13.459754513,0.3811371765937184,Alive
20,4,8.4,59.18048,,,0.0,1144,10.157833711744003,0.2876373456487126,Alive
20,5,9.0,60.5423,,,0.0,1145,11.890834594000001,0.33671038503137923,Alive
20,6,10.6,63.94502,,,0.0,1146,17.319462624336,0.4904317592407977,Alive
20,7,5.4,51.66938,,,0.0,1147,3.805386307504001,0.1077563629923293,Alive
20,8,6.0,53.2652,,,0.0,1148,4.783252336,0.13544639974804482,Alive
20,9,9.4,61.42418,,,0.0,1149,13.136798496624003,0.37199209566920255,Alive
20,10,6.9,53.0,45.0,,0.0,1150,6.225015400000001,0.17627251607872002,Alive
20,11,9.1,60.76472,,,0.0,1151,12.195474982415998,0.3453368259820773,Alive
20,12,8.9,60.31858,,,0.0,1152,11.590736637884003,0.32821257122763375,Alive
20,13,9.0,60.5423,,,0.0,1153,11.890834594000001,0.33671038503137923,Alive
20,14,7.1,56.069320000000005,,,0.0,1154,6.946451522456002,0.1967012784710821,Alive
20,15,7.1,56.069320000000005,,832.0,69.33333333333333,1155,6.946451522456002,0.1967012784710821,Alive
20,16,11.2,65.13524000000001,,,0.0,1156,19.665433523328,0.5568621479933743,Alive
20,17,,0.0,,,0.0,1157,0.0,0.0,Dead
20,18,7.3,56.562259999999995,,,0.0,1158,7.393292748252,0.2093543920937022,Alive
20,19,12.2,67.01494,,,0.0,1159,23.958808733648,0.6784367951489636,Alive
20,20,,0.0,,,0.0,1160,0.0,0.0,Dead
20,21,9.1,60.76472,,,0.0,1161,12.195474982415998,0.3453368259820773,Alive
20,22,8.8,60.09356,,,0.0,1162,11.295165781632003,0.3198429504053171,Alive
20,23,,0.0,,,0.0,1163,0.0,0.0,Dead
20,24,,0.0,,,0.0,1164,0.0,0.0,Dead
20,25,12.7,67.90603999999999,,,0.0,1165,26.286595156007998,0.7443522577136472,Alive
20,26,,0.0,,,0.0,1166,0.0,0.0,Dead
20,27,,0.0,,,0.0,1167,0.0,0.0,Dead
20,28,10.0,62.708,,,0.0,1168,15.143994000000001,0.4288294492992,Alive
20,29,8.1,58.48202,,,0.0,1169,9.351562690636001,0.2648063303982015,Alive
20,30,8.4,56.0,41.0,1732.0,144.33333333333334,1170,9.623726800000002,0.27251314705024005,Alive
20,31,,0.0,,,0.0,1171,0.0,0.0,Dead
20,32,8.3,58.94896,,,0.0,1172,9.884655373472004,0.27990180927953207,Alive
20,33,10.2,63.12554,,,0.0,1173,15.850333212208001,0.44883071550345155,Alive
20,34,6.0,53.2652,,,0.0,1174,4.783252336,0.13544639974804482,Alive
20,35,6.8,55.32016,,,0.0,1175,6.307539992192001,0.17860934845090246,Alive
20,36,8.3,58.94896,,,0.0,1176,9.884655373472004,0.27990180927953207,Alive
20,37,11.6,65.90272,,,0.0,1177,21.325020607616,0.6038563435417408,Alive
20,38,7.8,57.77186,,,0.0,1178,8.584809110512,0.24309432262054617,Alive
20,39,,0.0,,,0.0,1179,0.0,0.0,Dead
20,40,9.2,66.0,43.0,,0.0,1180,13.5147412,0.38269422361216,Alive
20,41,4.5,49.1879,,,0.0,1181,2.5901008405,0.0733433674802704,Alive
20,42,8.4,59.18048,,,0.0,1182,10.157833711744003,0.2876373456487126,Alive
20,43,7.1,56.069320000000005,,,0.0,1183,6.946451522456002,0.1967012784710821,Alive
20,44,8.6,59.63962,,,0.0,1184,10.717542182576,0.3034864984755681,Alive
20,45,9.2,60.98584,,2584.0,215.33333333333334,1185,12.504672764288,0.3540923177317904,Alive
20,46,4.9,50.30378,,,0.0,1186,3.094039143564001,0.0876132876204731,Alive
20,47,5.5,51.9386,,,0.0,1187,3.9588095070000002,0.1121008170478176,Alive
20,48,3.3,45.71546,,,0.0,1188,1.4043524353719998,0.03976676704194185,Alive
20,49,9.8,62.28526,,,0.0,1189,14.456355761552004,0.4093577348287158,Alive
20,50,3.7,31.0,26.0,,0.0,1190,1.2295382000000001,0.03481658730176,Alive
20,51,3.0,44.8181,,,0.0,1191,1.179493702,0.0333994872607936,Alive
20,52,10.7,64.14664,,,0.0,1192,17.698564176368,0.5011667020693773,Alive
20,53,8.2,58.71614,,,0.0,1193,9.615904343568001,0.27229164011594637,Alive
20,54,10.2,63.12554,,,0.0,1194,15.850333212208001,0.44883071550345155,Alive
20,55,10.8,64.34696,,,0.0,1195,18.082412006272,0.512036044299203,Alive
20,56,,0.0,,,0.0,1196,0.0,0.0,Dead
20,57,8.1,58.48202,,,0.0,1197,9.351562690636001,0.2648063303982015,Alive
20,58,8.8,60.09356,,,0.0,1198,11.295165781632003,0.3198429504053171,Alive
20,59,11.1,64.94012000000001,,,0.0,1199,19.262517800776003,0.5454528640610139,Alive
20,60,,0.0,,3346.0,278.8333333333333,1200,0.0,0.0,Dead
21,1,10.2,63.12554,,,0.0,1201,15.850333212208001,0.44883071550345155,Alive
21,2,8.3,58.94896,,,0.0,1202,9.884655373472004,0.27990180927953207,Alive
21,3,9.3,61.20566,,,0.0,1203,12.818442529492003,0.3629772734191192,Alive
21,4,9.7,62.07194,,,0.0,1204,14.119520226348,0.39981963034545104,Alive
21,5,9.9,62.49728,,,0.0,1205,14.797843022464003,0.41902756129850866,Alive
21,6,6.8,55.32016,,,0.0,1206,6.307539992192001,0.17860934845090246,Alive
21,7,10.0,62.708,,,0.0,1207,15.143994000000001,0.4288294492992,Alive
21,8,,0.0,,,0.0,1208,0.0,0.0,Dead
21,9,7.3,56.562259999999995,,,0.0,1209,7.393292748252,0.2093543920937022,Alive
21,10,10.5,69.0,52.0,,0.0,1210,18.324745000000004,0.5188981392160001,Alive
21,11,8.3,58.94896,,,0.0,1211,9.884655373472004,0.27990180927953207,Alive
21,12,,0.0,,,0.0,1212,0.0,0.0,Dead
21,13,10.2,63.12554,,,0.0,1213,15.850333212208001,0.44883071550345155,Alive
21,14,7.8,57.77186,,,0.0,1214,8.584809110512,0.24309432262054617,Alive
21,15,,0.0,,840.0,70.0,1215,0.0,0.0,Dead
21,16,8.0,58.2466,,,0.0,1216,9.091612112000002,0.25744536185308164,Alive
21,17,6.6,54.814220000000006,,,0.0,1217,5.9022336672160005,0.16713237030782205,Alive
21,18,4.0,47.7638,,,0.0,1218,2.0383355040000004,0.05771913879966721,Alive
21,19,14.4,70.69268,,,0.0,1219,35.107515217024,0.9941324868974253,Alive
21,20,8.1,63.0,41.0,,0.0,1220,10.057053400000001,0.28478356971712004,Alive
21,21,8.5,59.410700000000006,,,0.0,1221,10.435456918500003,0.2954987464697809,Alive
21,22,11.2,65.13524000000001,,,0.0,1222,19.665433523328,0.5568621479933743,Alive
21,23,,0.0,,,0.0,1223,0.0,0.0,Dead
21,24,10.6,63.94502,,,0.0,1224,17.319462624336,0.4904317592407977,Alive
21,25,,0.0,,,0.0,1225,0.0,0.0,Dead
21,26,4.4,48.90568,,,0.0,1226,2.4729072362240005,0.07002481962670777,Alive
21,27,6.7,55.06784,,,0.0,1227,6.102838903488001,0.17281286866228904,Alive
21,28,12.5,67.5535,,,0.0,1228,25.3409478125,0.7175745510170001,Alive
21,29,,0.0,,,0.0,1229,0.0,0.0,Dead
21,30,10.1,64.0,44.0,1668.0,139.0,1230,15.7576532,0.44620631413376,Alive
21,31,7.5,57.05,,,0.0,1231,7.857058750000001,0.22248676121200003,Alive
21,32,6.8,55.32016,,,0.0,1232,6.307539992192001,0.17860934845090246,Alive
21,33,7.3,56.562259999999995,,,0.0,1233,7.393292748252,0.2093543920937022,Alive
21,34,9.5,61.6414,,,0.0,1234,13.459754513,0.3811371765937184,Alive
21,35,8.1,58.48202,,,0.0,1235,9.351562690636001,0.2648063303982015,Alive
21,36,8.3,58.94896,,,0.0,1236,9.884655373472004,0.27990180927953207,Alive
21,37,10.3,63.33236,,,0.0,1237,16.210543572312005,0.4590307202284446,Alive
21,38,8.2,58.71614,,,0.0,1238,9.615904343568001,0.27229164011594637,Alive
21,39,8.2,58.71614,,,0.0,1239,9.615904343568001,0.27229164011594637,Alive
21,40,,0.0,,,0.0,1240,0.0,0.0,Dead
21,41,9.1,60.76472,,,0.0,1241,12.195474982415998,0.3453368259820773,Alive
21,42,8.1,58.48202,,,0.0,1242,9.351562690636001,0.2648063303982015,Alive
21,43,9.7,62.07194,,,0.0,1243,14.119520226348,0.39981963034545104,Alive
21,44,6.4,54.30308,,,0.0,1244,5.513214893184002,0.15611660348731274,Alive
21,45,9.3,61.20566,,2587.0,215.58333333333334,1245,12.818442529492003,0.3629772734191192,Alive
21,46,8.6,59.63962,,,0.0,1246,10.717542182576,0.3034864984755681,Alive
21,47,6.3,54.045559999999995,,,0.0,1247,5.324752497832,0.15077995153060916,Alive
21,48,8.3,58.94896,,,0.0,1248,9.884655373472004,0.27990180927953207,Alive
21,49,4.8,50.02676,,,0.0,1249,2.962717389952,0.08389467578779279,Alive
21,50,7.9,55.0,41.0,,0.0,1250,8.388959000000002,0.23754847421120004,Alive
21,51,10.0,62.708,,,0.0,1251,15.143994000000001,0.4288294492992,Alive
21,52,10.0,62.708,,,0.0,1252,15.143994000000001,0.4288294492992,Alive
21,53,8.7,59.867239999999995,,,0.0,1253,11.004106321527997,0.311601077885444,Alive
21,54,7.4,56.80678,,,0.0,1254,7.623049469264002,0.21586036721125487,Alive
21,55,8.6,59.63962,,,0.0,1255,10.717542182576,0.3034864984755681,Alive
21,56,9.0,60.5423,,,0.0,1256,11.890834594000001,0.33671038503137923,Alive
21,57,4.6,49.46882,,,0.0,1257,2.710779350256,0.0767605967053291,Alive
21,58,6.5,54.5593,,,0.0,1258,5.7057004115000005,0.1615671774123632,Alive
21,59,9.4,61.42418,,,0.0,1259,13.136798496624003,0.37199209566920255,Alive
21,60,,0.0,,3415.0,284.5833333333333,1260,0.0,0.0,Dead
22,1,8.1,58.48202,,,0.0,1261,9.351562690636001,0.2648063303982015,Alive
22,2,11.6,65.90272,,,0.0,1262,21.325020607616,0.6038563435417408,Alive
22,3,7.7,57.53254,,,0.0,1263,8.337918225908002,0.2361031628193917,Alive
22,4,7.9,58.00988,,,0.0,1264,8.836033933704002,0.25020820569390945,Alive
22,5,12.2,67.01494,,,0.0,1265,23.958808733648,0.6784367951489636,Alive
22,6,10.2,63.12554,,,0.0,1266,15.850333212208001,0.44883071550345155,Alive
22,7,11.2,65.13524000000001,,,0.0,1267,19.665433523328,0.5568621479933743,Alive
22,8,9.5,61.6414,,,0.0,1268,13.459754513,0.3811371765937184,Alive
22,9,9.8,62.28526,,,0.0,1269,14.456355761552004,0.4093577348287158,Alive
22,10,10.2,65.0,47.0,,0.0,1270,16.314478,0.46197381063040005,Alive
22,11,7.0,55.8209,,,0.0,1271,6.729323358,0.19055290366381442,Alive
22,12,11.0,64.74369999999999,,,0.0,1272,18.864380725999997,0.5341788961419967,Alive
22,13,5.2,51.12704,,,0.0,1273,3.5097808846080008,0.09938576335326783,Alive
22,14,,0.0,,,0.0,1274,0.0,0.0,Dead
22,15,7.3,56.562259999999995,,871.0,72.58333333333333,1275,7.393292748252,0.2093543920937022,Alive
22,16,9.4,61.42418,,,0.0,1276,13.136798496624003,0.37199209566920255,Alive
22,17,9.5,61.6414,,,0.0,1277,13.459754513,0.3811371765937184,Alive
22,18,11.1,64.94012000000001,,,0.0,1278,19.262517800776003,0.5454528640610139,Alive
22,19,7.7,57.53254,,,0.0,1279,8.337918225908002,0.2361031628193917,Alive
22,20,8.9,65.0,44.0,,0.0,1280,12.473277000000003,0.3532032901536001,Alive
22,21,,0.0,,,0.0,1281,0.0,0.0,Dead
22,22,10.2,63.12554,,,0.0,1282,15.850333212208001,0.44883071550345155,Alive
22,23,7.7,57.53254,,,0.0,1283,8.337918225908002,0.2361031628193917,Alive
22,24,10.0,62.708,,,0.0,1284,15.143994000000001,0.4288294492992,Alive
22,25,7.9,58.00988,,,0.0,1285,8.836033933704002,0.25020820569390945,Alive
22,26,10.5,63.74209999999999,,,0.0,1286,16.945098329500002,0.47983096037678563,Alive
22,27,6.7,55.06784,,,0.0,1287,6.102838903488001,0.17281286866228904,Alive
22,28,9.0,60.5423,,,0.0,1288,11.890834594000001,0.33671038503137923,Alive
22,29,10.0,62.708,,,0.0,1289,15.143994000000001,0.4288294492992,Alive
22,30,8.8,59.0,40.0,1903.0,158.58333333333334,1290,11.093614800000003,0.3141356715686401,Alive
22,31,,0.0,,,0.0,1291,0.0,0.0,Dead
22,32,9.4,61.42418,,,0.0,1292,13.136798496624003,0.37199209566920255,Alive
22,33,6.2,53.78674,,,0.0,1293,5.140288239728002,0.1455565140267299,Alive
22,34,7.0,55.8209,,,0.0,1294,6.729323358,0.19055290366381442,Alive
22,35,4.8,50.02676,,,0.0,1295,2.962717389952,0.08389467578779279,Alive
22,36,8.1,58.48202,,,0.0,1296,9.351562690636001,0.2648063303982015,Alive
22,37,7.1,56.069320000000005,,,0.0,1297,6.946451522456002,0.1967012784710821,Alive
22,38,7.4,56.80678,,,0.0,1298,7.623049469264002,0.21586036721125487,Alive
22,39,8.5,59.410700000000006,,,0.0,1299,10.435456918500003,0.2954987464697809,Alive
22,40,9.8,42.0,38.0,,0.0,1300,9.819648400000004,0.2780610198131201,Alive
22,41,9.1,60.76472,,,0.0,1301,12.195474982415998,0.3453368259820773,Alive
22,42,8.8,60.09356,,,0.0,1302,11.295165781632003,0.3198429504053171,Alive
22,43,9.1,60.76472,,,0.0,1303,12.195474982415998,0.3453368259820773,Alive
22,44,8.6,59.63962,,,0.0,1304,10.717542182576,0.3034864984755681,Alive
22,45,10.2,63.12554,,2839.0,236.58333333333334,1305,15.850333212208001,0.44883071550345155,Alive
22,46,10.6,63.94502,,,0.0,1306,17.319462624336,0.4904317592407977,Alive
22,47,4.0,47.7638,,,0.0,1307,2.0383355040000004,0.05771913879966721,Alive
22,48,5.9,53.002480000000006,,,0.0,1308,4.610628862544002,0.130558255374886,Alive
22,49,7.6,57.291920000000005,,,0.0,1309,8.095341492096,0.22923416596338403,Alive
22,50,6.5,53.0,40.0,,0.0,1310,5.548905,0.157127233104,Alive
22,51,7.8,57.77186,,,0.0,1311,8.584809110512,0.24309432262054617,Alive
22,52,6.6,54.814220000000006,,,0.0,1312,5.9022336672160005,0.16713237030782205,Alive
22,53,9.3,61.20566,,,0.0,1313,12.818442529492003,0.3629772734191192,Alive
22,54,7.0,55.8209,,,0.0,1314,6.729323358,0.19055290366381442,Alive
22,55,9.6,61.85732,,,0.0,1315,13.787324054656,0.390412897790883,Alive
22,56,8.4,59.18048,,,0.0,1316,10.157833711744003,0.2876373456487126,Alive
22,57,9.7,62.07194,,,0.0,1317,14.119520226348,0.39981963034545104,Alive
22,58,8.9,60.31858,,,0.0,1318,11.590736637884003,0.32821257122763375,Alive
22,59,8.6,59.63962,,,0.0,1319,10.717542182576,0.3034864984755681,Alive
22,60,7.6,52.0,41.0,3665.0,305.4166666666667,1320,7.3678676,0.20863443325568,Alive
23,1,8.5,59.410700000000006,,,0.0,1321,10.435456918500003,0.2954987464697809,Alive
23,2,9.8,62.28526,,,0.0,1322,14.456355761552004,0.4093577348287158,Alive
23,3,7.5,57.05,,,0.0,1323,7.857058750000001,0.22248676121200003,Alive
23,4,8.0,58.2466,,,0.0,1324,9.091612112000002,0.25744536185308164,Alive
23,5,10.3,63.33236,,,0.0,1325,16.210543572312005,0.4590307202284446,Alive
23,6,,0.0,,,0.0,1326,0.0,0.0,Dead
23,7,7.2,56.31644,,,0.0,1327,7.167767314048001,0.20296823347843443,Alive
23,8,6.0,53.2652,,,0.0,1328,4.783252336,0.13544639974804482,Alive
23,9,8.7,59.867239999999995,,,0.0,1329,11.004106321527997,0.311601077885444,Alive
23,10,10.2,56.0,42.0,,0.0,1330,14.0859412,0.39886877977216,Alive
23,11,6.6,54.814220000000006,,,0.0,1331,5.9022336672160005,0.16713237030782205,Alive
23,12,10.3,63.33236,,,0.0,1332,16.210543572312005,0.4590307202284446,Alive
23,13,10.0,62.708,,,0.0,1333,15.143994000000001,0.4288294492992,Alive
23,14,9.5,61.6414,,,0.0,1334,13.459754513,0.3811371765937184,Alive
23,15,7.7,57.53254,,960.0,80.0,1335,8.337918225908002,0.2361031628193917,Alive
23,16,7.5,57.05,,,0.0,1336,7.857058750000001,0.22248676121200003,Alive
23,17,8.3,58.94896,,,0.0,1337,9.884655373472004,0.27990180927953207,Alive
23,18,10.3,63.33236,,,0.0,1338,16.210543572312005,0.4590307202284446,Alive
23,19,9.0,60.5423,,,0.0,1339,11.890834594000001,0.33671038503137923,Alive
23,20,9.9,67.0,43.0,,0.0,1340,15.848164600000002,0.44876930734528003,Alive
23,21,9.4,61.42418,,,0.0,1341,13.136798496624003,0.37199209566920255,Alive
23,22,6.7,55.06784,,,0.0,1342,6.102838903488001,0.17281286866228904,Alive
23,23,6.9,55.57118,,,0.0,1343,6.516360433924001,0.18452247513533915,Alive
23,24,9.8,62.28526,,,0.0,1344,14.456355761552004,0.4093577348287158,Alive
23,25,9.1,60.76472,,,0.0,1345,12.195474982415998,0.3453368259820773,Alive
23,26,,0.0,,,0.0,1346,0.0,0.0,Dead
23,27,6.4,54.30308,,,0.0,1347,5.513214893184002,0.15611660348731274,Alive
23,28,10.9,64.54598,,,0.0,1348,18.471014763444,0.523040030853491,Alive
23,29,10.1,62.91742000000001,,,0.0,1349,15.494820313796001,0.4387637278616986,Alive
23,30,,0.0,,1728.0,144.0,1350,0.0,0.0,Dead
23,31,8.5,59.410700000000006,,,0.0,1351,10.435456918500003,0.2954987464697809,Alive
23,32,9.0,60.5423,,,0.0,1352,11.890834594000001,0.33671038503137923,Alive
23,33,7.5,57.05,,,0.0,1353,7.857058750000001,0.22248676121200003,Alive
23,34,6.8,55.32016,,,0.0,1354,6.307539992192001,0.17860934845090246,Alive
23,35,8.2,58.71614,,,0.0,1355,9.615904343568001,0.27229164011594637,Alive
23,36,8.8,60.09356,,,0.0,1356,11.295165781632003,0.3198429504053171,Alive
23,37,9.0,60.5423,,,0.0,1357,11.890834594000001,0.33671038503137923,Alive
23,38,,0.0,,,0.0,1358,0.0,0.0,Dead
23,39,5.8,52.73846,,,0.0,1359,4.4418998706720005,0.1257803902578449,Alive
23,40,,0.0,,,0.0,1360,0.0,0.0,Dead
23,41,8.4,59.18048,,,0.0,1361,10.157833711744003,0.2876373456487126,Alive
23,42,7.4,56.80678,,,0.0,1362,7.623049469264002,0.21586036721125487,Alive
23,43,6.5,54.5593,,,0.0,1363,5.7057004115000005,0.1615671774123632,Alive
23,44,7.0,55.8209,,,0.0,1364,6.729323358,0.19055290366381442,Alive
23,45,8.7,59.867239999999995,,2532.0,211.0,1365,11.004106321527997,0.311601077885444,Alive
23,46,6.9,55.57118,,,0.0,1366,6.516360433924001,0.18452247513533915,Alive
23,47,7.4,56.80678,,,0.0,1367,7.623049469264002,0.21586036721125487,Alive
23,48,10.6,63.94502,,,0.0,1368,17.319462624336,0.4904317592407977,Alive
23,49,6.8,55.32016,,,0.0,1369,6.307539992192001,0.17860934845090246,Alive
23,50,7.0,56.0,49.0,,0.0,1370,6.750210000000001,0.19114434652800003,Alive
23,51,8.3,58.94896,,,0.0,1371,9.884655373472004,0.27990180927953207,Alive
23,52,7.9,58.00988,,,0.0,1372,8.836033933704002,0.25020820569390945,Alive
23,53,10.7,64.14664,,,0.0,1373,17.698564176368,0.5011667020693773,Alive
23,54,,0.0,,,0.0,1374,0.0,0.0,Dead
23,55,9.4,61.42418,,,0.0,1375,13.136798496624003,0.37199209566920255,Alive
23,56,6.0,53.2652,,,0.0,1376,4.783252336,0.13544639974804482,Alive
23,57,8.9,60.31858,,,0.0,1377,11.590736637884003,0.32821257122763375,Alive
23,58,9.8,62.28526,,,0.0,1378,14.456355761552004,0.4093577348287158,Alive
23,59,10.0,62.708,,,0.0,1379,15.143994000000001,0.4288294492992,Alive
23,60,10.1,66.0,47.0,3408.0,284.0,1380,16.2432208,0.45995603474943997,Alive
24,1,6.5,54.5593,,,0.0,1381,5.7057004115000005,0.1615671774123632,Alive
24,2,10.8,64.34696,,,0.0,1382,18.082412006272,0.512036044299203,Alive
24,3,7.0,55.8209,,,0.0,1383,6.729323358,0.19055290366381442,Alive
24,4,,0.0,,,0.0,1384,0.0,0.0,Dead
24,5,8.6,59.63962,,,0.0,1385,10.717542182576,0.3034864984755681,Alive
24,6,10.9,64.54598,,,0.0,1386,18.471014763444,0.523040030853491,Alive
24,7,4.4,48.90568,,,0.0,1387,2.4729072362240005,0.07002481962670777,Alive
24,8,,0.0,,,0.0,1388,0.0,0.0,Dead
24,9,8.3,58.94896,,,0.0,1389,9.884655373472004,0.27990180927953207,Alive
24,10,8.9,57.0,42.0,,0.0,1390,10.965118600000002,0.31049707037248003,Alive
24,11,8.2,58.71614,,,0.0,1391,9.615904343568001,0.27229164011594637,Alive
24,12,9.5,61.6414,,,0.0,1392,13.459754513,0.3811371765937184,Alive
24,13,6.4,54.30308,,,0.0,1393,5.513214893184002,0.15611660348731274,Alive
24,14,11.4,65.52158,,,0.0,1394,20.485629197584004,0.5800874648621467,Alive
24,15,,0.0,,852.0,71.0,1395,0.0,0.0,Dead
24,16,7.7,57.53254,,,0.0,1396,8.337918225908002,0.2361031628193917,Alive
24,17,7.7,57.53254,,,0.0,1397,8.337918225908002,0.2361031628193917,Alive
24,18,8.9,60.31858,,,0.0,1398,11.590736637884003,0.32821257122763375,Alive
24,19,,0.0,,,0.0,1399,0.0,0.0,Dead
24,20,8.7,65.0,42.0,,0.0,1400,11.928733,0.33778354661439997,Alive
24,21,7.4,56.80678,,,0.0,1401,7.623049469264002,0.21586036721125487,Alive
24,22,10.7,64.14664,,,0.0,1402,17.698564176368,0.5011667020693773,Alive
24,23,11.0,64.74369999999999,,,0.0,1403,18.864380725999997,0.5341788961419967,Alive
24,24,8.1,58.48202,,,0.0,1404,9.351562690636001,0.2648063303982015,Alive
24,25,8.6,59.63962,,,0.0,1405,10.717542182576,0.3034864984755681,Alive
24,26,7.8,57.77186,,,0.0,1406,8.584809110512,0.24309432262054617,Alive
24,27,9.0,60.5423,,,0.0,1407,11.890834594000001,0.33671038503137923,Alive
24,28,7.8,57.77186,,,0.0,1408,8.584809110512,0.24309432262054617,Alive
24,29,9.0,60.5423,,,0.0,1409,11.890834594000001,0.33671038503137923,Alive
24,30,8.6,69.0,54.0,1752.0,146.0,1410,12.365201200000001,0.35014292934016006,Alive
24,31,,0.0,,,0.0,1411,0.0,0.0,Dead
24,32,8.8,60.09356,,,0.0,1412,11.295165781632003,0.3198429504053171,Alive
24,33,7.1,56.069320000000005,,,0.0,1413,6.946451522456002,0.1967012784710821,Alive
24,34,7.8,57.77186,,,0.0,1414,8.584809110512,0.24309432262054617,Alive
24,35,,0.0,,,0.0,1415,0.0,0.0,Dead
24,36,6.4,54.30308,,,0.0,1416,5.513214893184002,0.15611660348731274,Alive
24,37,8.5,59.410700000000006,,,0.0,1417,10.435456918500003,0.2954987464697809,Alive
24,38,6.6,54.814220000000006,,,0.0,1418,5.9022336672160005,0.16713237030782205,Alive
24,39,10.4,63.53788,,,0.0,1419,16.575461899904006,0.46936403952720174,Alive
24,40,8.3,57.0,40.0,,0.0,1420,9.565107400000004,0.2708532332243201,Alive
24,41,5.7,52.47314,,,0.0,1421,4.277038518268001,0.12111204431409132,Alive
24,42,7.9,58.00988,,,0.0,1422,8.836033933704002,0.25020820569390945,Alive
24,43,8.8,60.09356,,,0.0,1423,11.295165781632003,0.3198429504053171,Alive
24,44,10.5,63.74209999999999,,,0.0,1424,16.945098329500002,0.47983096037678563,Alive
24,45,5.9,53.002480000000006,,2568.0,214.0,1425,4.610628862544002,0.130558255374886,Alive
24,46,7.4,56.80678,,,0.0,1426,7.623049469264002,0.21586036721125487,Alive
24,47,8.2,58.71614,,,0.0,1427,9.615904343568001,0.27229164011594637,Alive
24,48,8.9,60.31858,,,0.0,1428,11.590736637884003,0.32821257122763375,Alive
24,49,6.7,55.06784,,,0.0,1429,6.102838903488001,0.17281286866228904,Alive
24,50,7.9,32.0,28.0,,0.0,1430,4.972635600000001,0.14080912775808002,Alive
24,51,8.2,58.71614,,,0.0,1431,9.615904343568001,0.27229164011594637,Alive
24,52,7.5,57.05,,,0.0,1432,7.857058750000001,0.22248676121200003,Alive
24,53,9.0,60.5423,,,0.0,1433,11.890834594000001,0.33671038503137923,Alive
24,54,9.8,62.28526,,,0.0,1434,14.456355761552004,0.4093577348287158,Alive
24,55,7.0,55.8209,,,0.0,1435,6.729323358,0.19055290366381442,Alive
24,56,6.5,54.5593,,,0.0,1436,5.7057004115000005,0.1615671774123632,Alive
24,57,10.9,64.54598,,,0.0,1437,18.471014763444,0.523040030853491,Alive
24,58,7.5,57.05,,,0.0,1438,7.857058750000001,0.22248676121200003,Alive
24,59,7.4,56.80678,,,0.0,1439,7.623049469264002,0.21586036721125487,Alive
24,60,11.1,60.0,42.0,3504.0,292.0,1440,17.813878,0.5044320205503999,Alive
25,1,9.4,61.42418,,,0.0,1441,13.136798496624003,0.37199209566920255,Alive
25,2,11.0,64.74369999999999,,,0.0,1442,18.864380725999997,0.5341788961419967,Alive
25,3,11.6,65.90272,,,0.0,1443,21.325020607616,0.6038563435417408,Alive
25,4,,0.0,,,0.0,1444,0.0,0.0,Dead
25,5,5.5,51.9386,,,0.0,1445,3.9588095070000002,0.1121008170478176,Alive
25,6,8.7,59.867239999999995,,,0.0,1446,11.004106321527997,0.311601077885444,Alive
25,7,10.2,63.12554,,,0.0,1447,15.850333212208001,0.44883071550345155,Alive
25,8,10.7,64.14664,,,0.0,1448,17.698564176368,0.5011667020693773,Alive
25,9,8.0,58.2466,,,0.0,1449,9.091612112000002,0.25744536185308164,Alive
25,10,9.7,64.0,45.0,,0.0,1450,14.5512788,0.41204565152384,Alive
25,11,9.0,60.5423,,,0.0,1451,11.890834594000001,0.33671038503137923,Alive
25,12,9.5,61.6414,,,0.0,1452,13.459754513,0.3811371765937184,Alive
25,13,13.0,68.4251,,,0.0,1453,27.741433722000004,0.7855486304191297,Alive
25,14,,0.0,,,0.0,1454,0.0,0.0,Dead
25,15,,0.0,,972.0,81.0,1455,0.0,0.0,Dead
25,16,,0.0,,,0.0,1456,0.0,0.0,Dead
25,17,9.5,61.6414,,,0.0,1457,13.459754513,0.3811371765937184,Alive
25,18,7.8,57.77186,,,0.0,1458,8.584809110512,0.24309432262054617,Alive
25,19,8.1,58.48202,,,0.0,1459,9.351562690636001,0.2648063303982015,Alive
25,20,9.1,64.0,49.0,,0.0,1460,12.833109199999999,0.36339258659456,Alive
25,21,10.8,64.34696,,,0.0,1461,18.082412006272,0.512036044299203,Alive
25,22,7.3,56.562259999999995,,,0.0,1462,7.393292748252,0.2093543920937022,Alive
25,23,5.6,52.20652,,,0.0,1463,4.116017591935999,0.1165524469473333,Alive
25,24,7.9,58.00988,,,0.0,1464,8.836033933704002,0.25020820569390945,Alive
25,25,8.2,58.71614,,,0.0,1465,9.615904343568001,0.27229164011594637,Alive
25,26,9.9,62.49728,,,0.0,1466,14.797843022464003,0.41902756129850866,Alive
25,27,9.0,60.5423,,,0.0,1467,11.890834594000001,0.33671038503137923,Alive
25,28,7.7,57.53254,,,0.0,1468,8.337918225908002,0.2361031628193917,Alive
25,29,,0.0,,,0.0,1469,0.0,0.0,Dead
25,30,,0.0,,1740.0,145.0,1470,0.0,0.0,Dead
25,31,10.6,63.94502,,,0.0,1471,17.319462624336,0.4904317592407977,Alive
25,32,8.7,59.867239999999995,,,0.0,1472,11.004106321527997,0.311601077885444,Alive
25,33,9.1,60.76472,,,0.0,1473,12.195474982415998,0.3453368259820773,Alive
25,34,9.2,60.98584,,,0.0,1474,12.504672764288,0.3540923177317904,Alive
25,35,6.8,55.32016,,,0.0,1475,6.307539992192001,0.17860934845090246,Alive
25,36,9.3,61.20566,,,0.0,1476,12.818442529492003,0.3629772734191192,Alive
25,37,,0.0,,,0.0,1477,0.0,0.0,Dead
25,38,8.0,58.2466,,,0.0,1478,9.091612112000002,0.25744536185308164,Alive
25,39,8.2,58.71614,,,0.0,1479,9.615904343568001,0.27229164011594637,Alive
25,40,8.5,57.0,44.0,,0.0,1480,10.020925000000002,0.28376052904000004,Alive
25,41,5.6,52.20652,,,0.0,1481,4.116017591935999,0.1165524469473333,Alive
25,42,9.4,61.42418,,,0.0,1482,13.136798496624003,0.37199209566920255,Alive
25,43,6.2,53.78674,,,0.0,1483,5.140288239728002,0.1455565140267299,Alive
25,44,7.6,57.291920000000005,,,0.0,1484,8.095341492096,0.22923416596338403,Alive
25,45,7.7,57.53254,,2652.0,221.0,1485,8.337918225908002,0.2361031628193917,Alive
25,46,8.2,58.71614,,,0.0,1486,9.615904343568001,0.27229164011594637,Alive
25,47,7.5,57.05,,,0.0,1487,7.857058750000001,0.22248676121200003,Alive
25,48,8.3,58.94896,,,0.0,1488,9.884655373472004,0.27990180927953207,Alive
25,49,8.2,58.71614,,,0.0,1489,9.615904343568001,0.27229164011594637,Alive
25,50,,0.0,,,0.0,1490,0.0,0.0,Dead
25,51,,0.0,,,0.0,1491,0.0,0.0,Dead
25,52,7.7,57.53254,,,0.0,1492,8.337918225908002,0.2361031628193917,Alive
25,53,,0.0,,,0.0,1493,0.0,0.0,Dead
25,54,,0.0,,,0.0,1494,0.0,0.0,Dead
25,55,10.4,63.53788,,,0.0,1495,16.575461899904006,0.46936403952720174,Alive
25,56,5.3,51.39886,,,0.0,1496,3.655719666212,0.10351828264419197,Alive
25,57,7.5,57.05,,,0.0,1497,7.857058750000001,0.22248676121200003,Alive
25,58,,0.0,,,0.0,1498,0.0,0.0,Dead
25,59,9.2,60.98584,,,0.0,1499,12.504672764288,0.3540923177317904,Alive
25,60,9.1,57.0,39.0,3504.0,292.0,1500,11.453494599999999,0.32432631588927996,Alive
26,1,8.1,58.48202,,,0.0,1501,9.351562690636001,0.2648063303982015,Alive
26,2,5.4,51.66938,,,0.0,1502,3.805386307504001,0.1077563629923293,Alive
26,3,9.5,61.6414,,,0.0,1503,13.459754513,0.3811371765937184,Alive
26,4,5.4,51.66938,,,0.0,1504,3.805386307504001,0.1077563629923293,Alive
26,5,11.2,65.13524000000001,,,0.0,1505,19.665433523328,0.5568621479933743,Alive
26,6,9.6,61.85732,,,0.0,1506,13.787324054656,0.390412897790883,Alive
26,7,11.6,65.90272,,,0.0,1507,21.325020607616,0.6038563435417408,Alive
26,8,9.9,62.49728,,,0.0,1508,14.797843022464003,0.41902756129850866,Alive
26,9,7.8,57.77186,,,0.0,1509,8.584809110512,0.24309432262054617,Alive
26,10,9.2,69.0,50.0,,0.0,1510,14.1190708,0.39980690402943997,Alive
26,11,8.4,59.18048,,,0.0,1511,10.157833711744003,0.2876373456487126,Alive
26,12,7.8,57.77186,,,0.0,1512,8.584809110512,0.24309432262054617,Alive
26,13,8.1,58.48202,,,0.0,1513,9.351562690636001,0.2648063303982015,Alive
26,14,10.2,63.12554,,,0.0,1514,15.850333212208001,0.44883071550345155,Alive
26,15,10.2,63.12554,,852.0,71.0,1515,15.850333212208001,0.44883071550345155,Alive
26,16,,0.0,,,0.0,1516,0.0,0.0,Dead
26,17,9.3,61.20566,,,0.0,1517,12.818442529492003,0.3629772734191192,Alive
26,18,,0.0,,,0.0,1518,0.0,0.0,Dead
26,19,10.2,63.12554,,,0.0,1519,15.850333212208001,0.44883071550345155,Alive
26,20,10.3,69.0,46.0,,0.0,1520,17.641589800000006,0.49955337004864014,Alive
26,21,9.3,61.20566,,,0.0,1521,12.818442529492003,0.3629772734191192,Alive
26,22,9.5,61.6414,,,0.0,1522,13.459754513,0.3811371765937184,Alive
26,23,8.6,59.63962,,,0.0,1523,10.717542182576,0.3034864984755681,Alive
26,24,8.6,59.63962,,,0.0,1524,10.717542182576,0.3034864984755681,Alive
26,25,7.5,57.05,,,0.0,1525,7.857058750000001,0.22248676121200003,Alive
26,26,7.2,56.31644,,,0.0,1526,7.167767314048001,0.20296823347843443,Alive
26,27,8.1,58.48202,,,0.0,1527,9.351562690636001,0.2648063303982015,Alive
26,28,6.0,53.2652,,,0.0,1528,4.783252336,0.13544639974804482,Alive
26,29,8.6,59.63962,,,0.0,1529,10.717542182576,0.3034864984755681,Alive
26,30,7.3,66.0,50.0,1272.0,106.0,1530,8.5902832,0.24324933131776,Alive
26,31,6.5,54.5593,,,0.0,1531,5.7057004115000005,0.1615671774123632,Alive
26,32,5.2,51.12704,,,0.0,1532,3.5097808846080008,0.09938576335326783,Alive
26,33,8.0,58.2466,,,0.0,1533,9.091612112000002,0.25744536185308164,Alive
26,34,,0.0,,,0.0,1534,0.0,0.0,Dead
26,35,7.3,56.562259999999995,,,0.0,1535,7.393292748252,0.2093543920937022,Alive
26,36,8.9,60.31858,,,0.0,1536,11.590736637884003,0.32821257122763375,Alive
26,37,6.3,54.045559999999995,,,0.0,1537,5.324752497832,0.15077995153060916,Alive
26,38,5.4,51.66938,,,0.0,1538,3.805386307504001,0.1077563629923293,Alive
26,39,8.2,58.71614,,,0.0,1539,9.615904343568001,0.27229164011594637,Alive
26,40,5.8,41.0,34.0,,0.0,1540,3.5020812,0.09916773292416001,Alive
26,41,4.6,49.46882,,,0.0,1541,2.710779350256,0.0767605967053291,Alive
26,42,6.1,53.52662,,,0.0,1542,4.959796761876,0.14044557294669033,Alive
26,43,8.1,58.48202,,,0.0,1543,9.351562690636001,0.2648063303982015,Alive
26,44,6.9,55.57118,,,0.0,1544,6.516360433924001,0.18452247513533915,Alive
26,45,7.7,57.53254,,1932.0,161.0,1545,8.337918225908002,0.2361031628193917,Alive
26,46,4.8,50.02676,,,0.0,1546,2.962717389952,0.08389467578779279,Alive
26,47,6.6,54.814220000000006,,,0.0,1547,5.9022336672160005,0.16713237030782205,Alive
26,48,9.5,61.6414,,,0.0,1548,13.459754513,0.3811371765937184,Alive
26,49,5.7,52.47314,,,0.0,1549,4.277038518268001,0.12111204431409132,Alive
26,50,5.9,46.0,38.0,,0.0,1550,4.0304888000000005,0.11413054525184001,Alive
26,51,8.8,60.09356,,,0.0,1551,11.295165781632003,0.3198429504053171,Alive
26,52,9.1,60.76472,,,0.0,1552,12.195474982415998,0.3453368259820773,Alive
26,53,8.6,59.63962,,,0.0,1553,10.717542182576,0.3034864984755681,Alive
26,54,6.1,53.52662,,,0.0,1554,4.959796761876,0.14044557294669033,Alive
26,55,8.7,59.867239999999995,,,0.0,1555,11.004106321527997,0.311601077885444,Alive
26,56,9.0,60.5423,,,0.0,1556,11.890834594000001,0.33671038503137923,Alive
26,57,8.0,58.2466,,,0.0,1557,9.091612112000002,0.25744536185308164,Alive
26,58,7.5,57.05,,,0.0,1558,7.857058750000001,0.22248676121200003,Alive
26,59,6.4,54.30308,,,0.0,1559,5.513214893184002,0.15611660348731274,Alive
26,60,,0.0,,2712.0,226.0,1560,0.0,0.0,Dead
27,1,11.9,66.46468,,,0.0,1561,22.620200736824003,0.6405317002244979,Alive
27,2,11.2,65.13524000000001,,,0.0,1562,19.665433523328,0.5568621479933743,Alive
27,3,6.3,54.045559999999995,,,0.0,1563,5.324752497832,0.15077995153060916,Alive
27,4,9.8,62.28526,,,0.0,1564,14.456355761552004,0.4093577348287158,Alive
27,5,7.2,56.31644,,,0.0,1565,7.167767314048001,0.20296823347843443,Alive
27,6,8.1,58.48202,,,0.0,1566,9.351562690636001,0.2648063303982015,Alive
27,7,9.0,60.5423,,,0.0,1567,11.890834594000001,0.33671038503137923,Alive
27,8,11.7,66.09134,,,0.0,1568,21.751929607588,0.6159450403121479,Alive
27,9,8.9,60.31858,,,0.0,1569,11.590736637884003,0.32821257122763375,Alive
27,10,,0.0,,,0.0,1570,0.0,0.0,Dead
27,11,11.9,66.46468,,,0.0,1571,22.620200736824003,0.6405317002244979,Alive
27,12,11.6,65.90272,,,0.0,1572,21.325020607616,0.6038563435417408,Alive
27,13,8.5,59.410700000000006,,,0.0,1573,10.435456918500003,0.2954987464697809,Alive
27,14,11.7,66.09134,,,0.0,1574,21.751929607588,0.6159450403121479,Alive
27,15,10.3,63.33236,,864.0,72.0,1575,16.210543572312005,0.4590307202284446,Alive
27,16,,0.0,,,0.0,1576,0.0,0.0,Dead
27,17,11.5,65.7128,,,0.0,1577,20.902922364000002,0.5919038719969153,Alive
27,18,11.1,64.94012000000001,,,0.0,1578,19.262517800776003,0.5454528640610139,Alive
27,19,9.9,62.49728,,,0.0,1579,14.797843022464003,0.41902756129850866,Alive
27,20,8.7,52.0,39.0,,0.0,1580,9.586884399999999,0.27146988817791995,Alive
27,21,,0.0,,,0.0,1581,0.0,0.0,Dead
27,22,10.0,62.708,,,0.0,1582,15.143994000000001,0.4288294492992,Alive
27,23,8.5,59.410700000000006,,,0.0,1583,10.435456918500003,0.2954987464697809,Alive
27,24,8.8,60.09356,,,0.0,1584,11.295165781632003,0.3198429504053171,Alive
27,25,9.9,62.49728,,,0.0,1585,14.797843022464003,0.41902756129850866,Alive
27,26,,0.0,,,0.0,1586,0.0,0.0,Dead
27,27,,0.0,,,0.0,1587,0.0,0.0,Dead
27,28,,0.0,,,0.0,1588,0.0,0.0,Dead
27,29,11.4,65.52158,,,0.0,1589,20.485629197584004,0.5800874648621467,Alive
27,30,10.2,57.0,42.0,1815.0,151.25,1590,14.3335564,0.40588044986752003,Alive
27,31,9.6,61.85732,,,0.0,1591,13.787324054656,0.390412897790883,Alive
27,32,10.4,63.53788,,,0.0,1592,16.575461899904006,0.46936403952720174,Alive
27,33,9.6,61.85732,,,0.0,1593,13.787324054656,0.390412897790883,Alive
27,34,,0.0,,,0.0,1594,0.0,0.0,Dead
27,35,9.4,61.42418,,,0.0,1595,13.136798496624003,0.37199209566920255,Alive
27,36,9.3,61.20566,,,0.0,1596,12.818442529492003,0.3629772734191192,Alive
27,37,9.4,61.42418,,,0.0,1597,13.136798496624003,0.37199209566920255,Alive
27,38,9.3,61.20566,,,0.0,1598,12.818442529492003,0.3629772734191192,Alive
27,39,6.5,54.5593,,,0.0,1599,5.7057004115000005,0.1615671774123632,Alive
27,40,6.4,40.0,32.0,,0.0,1600,4.118882000000001,0.11663355781760003,Alive
27,41,10.5,63.74209999999999,,,0.0,1601,16.945098329500002,0.47983096037678563,Alive
27,42,7.6,57.291920000000005,,,0.0,1602,8.095341492096,0.22923416596338403,Alive
27,43,9.8,62.28526,,,0.0,1603,14.456355761552004,0.4093577348287158,Alive
27,44,4.0,47.7638,,,0.0,1604,2.0383355040000004,0.05771913879966721,Alive
27,45,6.5,54.5593,,2722.0,226.83333333333334,1605,5.7057004115000005,0.1615671774123632,Alive
27,46,,0.0,,,0.0,1606,0.0,0.0,Dead
27,47,9.1,60.76472,,,0.0,1607,12.195474982415998,0.3453368259820773,Alive
27,48,9.2,60.98584,,,0.0,1608,12.504672764288,0.3540923177317904,Alive
27,49,8.9,60.31858,,,0.0,1609,11.590736637884003,0.32821257122763375,Alive
27,50,3.7,42.0,28.0,,0.0,1610,1.5879424000000002,0.044965447352320005,Alive
27,51,7.2,56.31644,,,0.0,1611,7.167767314048001,0.20296823347843443,Alive
27,52,10.7,64.14664,,,0.0,1612,17.698564176368,0.5011667020693773,Alive
27,53,,0.0,,,0.0,1613,0.0,0.0,Dead
27,54,7.3,56.562259999999995,,,0.0,1614,7.393292748252,0.2093543920937022,Alive
27,55,6.8,55.32016,,,0.0,1615,6.307539992192001,0.17860934845090246,Alive
27,56,10.9,64.54598,,,0.0,1616,18.471014763444,0.523040030853491,Alive
27,57,6.4,54.30308,,,0.0,1617,5.513214893184002,0.15611660348731274,Alive
27,58,10.3,63.33236,,,0.0,1618,16.210543572312005,0.4590307202284446,Alive
27,59,7.9,58.00988,,,0.0,1619,8.836033933704002,0.25020820569390945,Alive
27,60,8.6,59.0,36.0,3478.0,289.8333333333333,1620,10.6049532,0.30029833877376,Alive
28,1,8.0,58.2466,,,0.0,1621,9.091612112000002,0.25744536185308164,Alive
28,2,5.4,51.66938,,,0.0,1622,3.805386307504001,0.1077563629923293,Alive
28,3,9.5,61.6414,,,0.0,1623,13.459754513,0.3811371765937184,Alive
28,4,5.4,51.66938,,,0.0,1624,3.805386307504001,0.1077563629923293,Alive
28,5,12.0,66.6494,,,0.0,1625,23.061572368000004,0.6530299324301825,Alive
28,6,9.7,62.07194,,,0.0,1626,14.119520226348,0.39981963034545104,Alive
28,7,11.6,65.90272,,,0.0,1627,21.325020607616,0.6038563435417408,Alive
28,8,9.9,62.49728,,,0.0,1628,14.797843022464003,0.41902756129850866,Alive
28,9,7.7,57.53254,,,0.0,1629,8.337918225908002,0.2361031628193917,Alive
28,10,9.2,66.0,44.0,,0.0,1630,13.5147412,0.38269422361216,Alive
28,11,8.4,59.18048,,,0.0,1631,10.157833711744003,0.2876373456487126,Alive
28,12,7.7,57.53254,,,0.0,1632,8.337918225908002,0.2361031628193917,Alive
28,13,8.1,58.48202,,,0.0,1633,9.351562690636001,0.2648063303982015,Alive
28,14,10.2,63.12554,,,0.0,1634,15.850333212208001,0.44883071550345155,Alive
28,15,10.1,62.91742000000001,,824.0,68.66666666666667,1635,15.494820313796001,0.4387637278616986,Alive
28,16,,0.0,,,0.0,1636,0.0,0.0,Dead
28,17,9.3,61.20566,,,0.0,1637,12.818442529492003,0.3629772734191192,Alive
28,18,,0.0,,,0.0,1638,0.0,0.0,Dead
28,19,10.3,63.33236,,,0.0,1639,16.210543572312005,0.4590307202284446,Alive
28,20,10.2,66.0,41.0,,0.0,1640,16.5620932,0.46898548072575996,Alive
28,21,9.1,60.76472,,,0.0,1641,12.195474982415998,0.3453368259820773,Alive
28,22,9.5,61.6414,,,0.0,1642,13.459754513,0.3811371765937184,Alive
28,23,8.6,59.63962,,,0.0,1643,10.717542182576,0.3034864984755681,Alive
28,24,8.6,59.63962,,,0.0,1644,10.717542182576,0.3034864984755681,Alive
28,25,8.4,59.18048,,,0.0,1645,10.157833711744003,0.2876373456487126,Alive
28,26,7.2,56.31644,,,0.0,1646,7.167767314048001,0.20296823347843443,Alive
28,27,8.2,58.71614,,,0.0,1647,9.615904343568001,0.27229164011594637,Alive
28,28,6.0,53.2652,,,0.0,1648,4.783252336,0.13544639974804482,Alive
28,29,8.6,59.63962,,,0.0,1649,10.717542182576,0.3034864984755681,Alive
28,30,7.2,67.0,46.0,1728.0,144.0,1650,8.485896400000001,0.24029343117952004,Alive
28,31,6.6,54.814220000000006,,,0.0,1651,5.9022336672160005,0.16713237030782205,Alive
28,32,5.2,51.12704,,,0.0,1652,3.5097808846080008,0.09938576335326783,Alive
28,33,7.0,55.8209,,,0.0,1653,6.729323358,0.19055290366381442,Alive
28,34,,0.0,,,0.0,1654,0.0,0.0,Dead
28,35,7.4,56.80678,,,0.0,1655,7.623049469264002,0.21586036721125487,Alive
28,36,5.8,52.73846,,,0.0,1656,4.4418998706720005,0.1257803902578449,Alive
28,37,4.3,48.62216,,,0.0,1657,2.359166497392,0.06680404587334979,Alive
28,38,6.9,55.57118,,,0.0,1658,6.516360433924001,0.18452247513533915,Alive
28,39,6.2,53.78674,,,0.0,1659,5.140288239728002,0.1455565140267299,Alive
28,40,5.9,45.0,27.0,,0.0,1660,3.9476410000000004,0.1117845606688,Alive
28,41,6.0,53.2652,,,0.0,1661,4.783252336,0.13544639974804482,Alive
28,42,6.1,53.52662,,,0.0,1662,4.959796761876,0.14044557294669033,Alive
28,43,8.1,58.48202,,,0.0,1663,9.351562690636001,0.2648063303982015,Alive
28,44,6.9,55.57118,,,0.0,1664,6.516360433924001,0.18452247513533915,Alive
28,45,7.7,57.53254,,2508.0,209.0,1665,8.337918225908002,0.2361031628193917,Alive
28,46,4.7,49.74844,,,0.0,1666,2.8349744342480006,0.08027740405971379,Alive
28,47,6.5,54.5593,,,0.0,1667,5.7057004115000005,0.1615671774123632,Alive
28,48,9.4,61.42418,,,0.0,1668,13.136798496624003,0.37199209566920255,Alive
28,49,8.8,60.09356,,,0.0,1669,11.295165781632003,0.3198429504053171,Alive
28,50,6.0,46.0,37.0,,0.0,1670,4.16077,0.117819691936,Alive
28,51,8.7,59.867239999999995,,,0.0,1671,11.004106321527997,0.311601077885444,Alive
28,52,9.2,60.98584,,,0.0,1672,12.504672764288,0.3540923177317904,Alive
28,53,8.6,59.63962,,,0.0,1673,10.717542182576,0.3034864984755681,Alive
28,54,6.0,53.2652,,,0.0,1674,4.783252336,0.13544639974804482,Alive
28,55,8.8,60.09356,,,0.0,1675,11.295165781632003,0.3198429504053171,Alive
28,56,9.0,60.5423,,,0.0,1676,11.890834594000001,0.33671038503137923,Alive
28,57,7.4,56.80678,,,0.0,1677,7.623049469264002,0.21586036721125487,Alive
28,58,6.4,54.30308,,,0.0,1678,5.513214893184002,0.15611660348731274,Alive
28,59,,0.0,,,0.0,1679,0.0,0.0,Dead
28,60,10.1,58.0,43.0,2994.0,249.5,1680,14.3009504,0.40495715228671997,Alive
29,1,11.8,66.27866,,,0.0,1681,22.183654671792006,0.6281701126101998,Alive
29,2,11.1,64.94012000000001,,,0.0,1682,19.262517800776003,0.5454528640610139,Alive
29,3,6.5,54.5593,,,0.0,1683,5.7057004115000005,0.1615671774123632,Alive
29,4,9.7,62.07194,,,0.0,1684,14.119520226348,0.39981963034545104,Alive
29,5,7.2,56.31644,,,0.0,1685,7.167767314048001,0.20296823347843443,Alive
29,6,8.1,58.48202,,,0.0,1686,9.351562690636001,0.2648063303982015,Alive
29,7,9.0,60.5423,,,0.0,1687,11.890834594000001,0.33671038503137923,Alive
29,8,11.7,66.09134,,,0.0,1688,21.751929607588,0.6159450403121479,Alive
29,9,8.0,58.2466,,,0.0,1689,9.091612112000002,0.25744536185308164,Alive
29,10,,0.0,,,0.0,1690,0.0,0.0,Dead
29,11,11.6,65.90272,,,0.0,1691,21.325020607616,0.6038563435417408,Alive
29,12,11.5,65.7128,,,0.0,1692,20.902922364000002,0.5919038719969153,Alive
29,13,8.4,59.18048,,,0.0,1693,10.157833711744003,0.2876373456487126,Alive
29,14,11.4,65.52158,,,0.0,1694,20.485629197584004,0.5800874648621467,Alive
29,15,10.3,63.33236,,869.0,72.41666666666667,1695,16.210543572312005,0.4590307202284446,Alive
29,16,,0.0,,,0.0,1696,0.0,0.0,Dead
29,17,11.5,65.7128,,,0.0,1697,20.902922364000002,0.5919038719969153,Alive
29,18,11.0,64.74369999999999,,,0.0,1698,18.864380725999997,0.5341788961419967,Alive
29,19,9.9,62.49728,,,0.0,1699,14.797843022464003,0.41902756129850866,Alive
29,20,8.7,55.0,43.0,,0.0,1700,10.127310999999999,0.2867730401248,Alive
29,21,,0.0,,,0.0,1701,0.0,0.0,Dead
29,22,10.0,62.708,,,0.0,1702,15.143994000000001,0.4288294492992,Alive
29,23,8.6,59.63962,,,0.0,1703,10.717542182576,0.3034864984755681,Alive
29,24,8.8,60.09356,,,0.0,1704,11.295165781632003,0.3198429504053171,Alive
29,25,9.8,62.28526,,,0.0,1705,14.456355761552004,0.4093577348287158,Alive
29,26,,0.0,,,0.0,1706,0.0,0.0,Dead
29,27,,0.0,,,0.0,1707,0.0,0.0,Dead
29,28,,0.0,,,0.0,1708,0.0,0.0,Dead
29,29,11.5,65.7128,,,0.0,1709,20.902922364000002,0.5919038719969153,Alive
29,30,10.6,66.0,45.0,1754.0,146.16666666666666,1710,17.8689988,0.50599286521984,Alive
29,31,9.6,61.85732,,,0.0,1711,13.787324054656,0.390412897790883,Alive
29,32,10.4,63.53788,,,0.0,1712,16.575461899904006,0.46936403952720174,Alive
29,33,9.5,61.6414,,,0.0,1713,13.459754513,0.3811371765937184,Alive
29,34,9.4,61.42418,,,0.0,1714,13.136798496624003,0.37199209566920255,Alive
29,35,9.3,61.20566,,,0.0,1715,12.818442529492003,0.3629772734191192,Alive
29,36,9.4,61.42418,,,0.0,1716,13.136798496624003,0.37199209566920255,Alive
29,37,9.3,61.20566,,,0.0,1717,12.818442529492003,0.3629772734191192,Alive
29,38,6.5,54.5593,,,0.0,1718,5.7057004115000005,0.1615671774123632,Alive
29,39,6.7,55.06784,,,0.0,1719,6.102838903488001,0.17281286866228904,Alive
29,40,10.6,65.0,46.0,,0.0,1720,17.601582,0.4984204771776,Alive
29,41,7.7,57.53254,,,0.0,1721,8.337918225908002,0.2361031628193917,Alive
29,42,9.8,62.28526,,,0.0,1722,14.456355761552004,0.4093577348287158,Alive
29,43,3.9,47.47508,,,0.0,1723,1.9380784009839997,0.05488017846498373,Alive
29,44,6.5,54.5593,,,0.0,1724,5.7057004115000005,0.1615671774123632,Alive
29,45,,0.0,,2642.0,220.16666666666666,1725,0.0,0.0,Dead
29,46,9.1,60.76472,,,0.0,1726,12.195474982415998,0.3453368259820773,Alive
29,47,9.1,60.76472,,,0.0,1727,12.195474982415998,0.3453368259820773,Alive
29,48,8.8,60.09356,,,0.0,1728,11.295165781632003,0.3198429504053171,Alive
29,49,3.9,47.47508,,,0.0,1729,1.9380784009839997,0.05488017846498373,Alive
29,50,7.2,54.0,40.0,,0.0,1730,6.881966800000002,0.19487527748224004,Alive
29,51,10.2,63.12554,,,0.0,1731,15.850333212208001,0.44883071550345155,Alive
29,52,,0.0,,,0.0,1732,0.0,0.0,Dead
29,53,7.3,56.562259999999995,,,0.0,1733,7.393292748252,0.2093543920937022,Alive
29,54,6.9,55.57118,,,0.0,1734,6.516360433924001,0.18452247513533915,Alive
29,55,11.0,64.74369999999999,,,0.0,1735,18.864380725999997,0.5341788961419967,Alive
29,56,6.4,54.30308,,,0.0,1736,5.513214893184002,0.15611660348731274,Alive
29,57,10.5,63.74209999999999,,,0.0,1737,16.945098329500002,0.47983096037678563,Alive
29,58,7.9,58.00988,,,0.0,1738,8.836033933704002,0.25020820569390945,Alive
29,59,8.7,59.867239999999995,,,0.0,1739,11.004106321527997,0.311601077885444,Alive
29,60,9.6,56.0,37.0,3466.0,288.8333333333333,1740,12.502574800000001,0.35403291009664006,Alive
30,1,8.6,59.63962,,,0.0,1741,10.717542182576,0.3034864984755681,Alive
30,2,5.2,51.12704,,,0.0,1742,3.5097808846080008,0.09938576335326783,Alive
30,3,6.4,54.30308,,,0.0,1743,5.513214893184002,0.15611660348731274,Alive
30,4,,0.0,,,0.0,1744,0.0,0.0,Dead
30,5,12.5,67.5535,,,0.0,1745,25.3409478125,0.7175745510170001,Alive
30,6,10.0,62.708,,,0.0,1746,15.143994000000001,0.4288294492992,Alive
30,7,10.5,63.74209999999999,,,0.0,1747,16.945098329500002,0.47983096037678563,Alive
30,8,10.1,62.91742000000001,,,0.0,1748,15.494820313796001,0.4387637278616986,Alive
30,9,7.9,58.00988,,,0.0,1749,8.836033933704002,0.25020820569390945,Alive
30,10,,0.0,,,0.0,1750,0.0,0.0,Dead
30,11,12.0,66.6494,,,0.0,1751,23.061572368000004,0.6530299324301825,Alive
30,12,9.4,61.42418,,,0.0,1752,13.136798496624003,0.37199209566920255,Alive
30,13,10.6,63.94502,,,0.0,1753,17.319462624336,0.4904317592407977,Alive
30,14,8.9,60.31858,,,0.0,1754,11.590736637884003,0.32821257122763375,Alive
30,15,,0.0,,916.0,76.33333333333333,1755,0.0,0.0,Dead
30,16,11.3,65.32906,,,0.0,1756,20.073135057932003,0.5684069508084489,Alive
30,17,,0.0,,,0.0,1757,0.0,0.0,Dead
30,18,,0.0,,,0.0,1758,0.0,0.0,Dead
30,19,7.8,57.77186,,,0.0,1759,8.584809110512,0.24309432262054617,Alive
30,20,11.0,66.0,46.0,,0.0,1760,19.22617,0.544423610656,Alive
30,21,8.0,58.2466,,,0.0,1761,9.091612112000002,0.25744536185308164,Alive
30,22,10.8,64.34696,,,0.0,1762,18.082412006272,0.512036044299203,Alive
30,23,8.0,58.2466,,,0.0,1763,9.091612112000002,0.25744536185308164,Alive
30,24,10.8,64.34696,,,0.0,1764,18.082412006272,0.512036044299203,Alive
30,25,7.8,57.77186,,,0.0,1765,8.584809110512,0.24309432262054617,Alive
30,26,10.2,63.12554,,,0.0,1766,15.850333212208001,0.44883071550345155,Alive
30,27,10.0,62.708,,,0.0,1767,15.143994000000001,0.4288294492992,Alive
30,28,9.7,62.07194,,,0.0,1768,14.119520226348,0.39981963034545104,Alive
30,29,8.8,60.09356,,,0.0,1769,11.295165781632003,0.3198429504053171,Alive
30,30,10.1,64.0,39.0,1842.0,153.5,1770,15.7576532,0.44620631413376,Alive
30,31,10.1,62.91742000000001,,,0.0,1771,15.494820313796001,0.4387637278616986,Alive
30,32,,0.0,,,0.0,1772,0.0,0.0,Dead
30,33,,0.0,,,0.0,1773,0.0,0.0,Dead
30,34,9.6,61.85732,,,0.0,1774,13.787324054656,0.390412897790883,Alive
30,35,4.6,49.46882,,,0.0,1775,2.710779350256,0.0767605967053291,Alive
30,36,,0.0,,,0.0,1776,0.0,0.0,Dead
30,37,5.4,51.66938,,,0.0,1777,3.805386307504001,0.1077563629923293,Alive
30,38,10.0,62.708,,,0.0,1778,15.143994000000001,0.4288294492992,Alive
30,39,8.3,58.94896,,,0.0,1779,9.884655373472004,0.27990180927953207,Alive
30,40,5.5,49.0,20.0,,0.0,1780,3.747245,0.106109987216,Alive
30,41,9.1,60.76472,,,0.0,1781,12.195474982415998,0.3453368259820773,Alive
30,42,9.0,60.5423,,,0.0,1782,11.890834594000001,0.33671038503137923,Alive
30,43,8.5,59.410700000000006,,,0.0,1783,10.435456918500003,0.2954987464697809,Alive
30,44,10.3,63.33236,,,0.0,1784,16.210543572312005,0.4590307202284446,Alive
30,45,6.1,53.52662,,2742.0,228.5,1785,4.959796761876,0.14044557294669033,Alive
30,46,8.8,60.09356,,,0.0,1786,11.295165781632003,0.3198429504053171,Alive
30,47,9.2,60.98584,,,0.0,1787,12.504672764288,0.3540923177317904,Alive
30,48,10.1,62.91742000000001,,,0.0,1788,15.494820313796001,0.4387637278616986,Alive
30,49,7.8,57.77186,,,0.0,1789,8.584809110512,0.24309432262054617,Alive
30,50,9.6,65.0,47.0,,0.0,1790,14.476642,0.4099321761856,Alive
30,51,5.1,50.85392,,,0.0,1791,3.3675408928960002,0.09535798195595746,Alive
30,52,7.0,55.8209,,,0.0,1792,6.729323358,0.19055290366381442,Alive
30,53,9.6,61.85732,,,0.0,1793,13.787324054656,0.390412897790883,Alive
30,54,9.2,60.98584,,,0.0,1794,12.504672764288,0.3540923177317904,Alive
30,55,8.3,58.94896,,,0.0,1795,9.884655373472004,0.27990180927953207,Alive
30,56,5.5,51.9386,,,0.0,1796,3.9588095070000002,0.1121008170478176,Alive
30,57,9.7,62.07194,,,0.0,1797,14.119520226348,0.39981963034545104,Alive
30,58,7.3,56.562259999999995,,,0.0,1798,7.393292748252,0.2093543920937022,Alive
30,59,9.3,61.20566,,,0.0,1799,12.818442529492003,0.3629772734191192,Alive
30,60,8.8,64.0,41.0,3666.0,305.5,1800,12.015150800000002,0.3402306221734401,Alive
31,1,10.5,63.74209999999999,,,0.0,1801,16.945098329500002,0.47983096037678563,Alive
31,2,,0.0,,,0.0,1802,0.0,0.0,Dead
31,3,12.1,66.83282,,,0.0,1803,23.507773759356002,0.6656649279889321,Alive
31,4,,0.0,,,0.0,1804,0.0,0.0,Dead
31,5,10.9,64.54598,,,0.0,1805,18.471014763444,0.523040030853491,Alive
31,6,7.2,56.31644,,,0.0,1806,7.167767314048001,0.20296823347843443,Alive
31,7,4.4,48.90568,,,0.0,1807,2.4729072362240005,0.07002481962670777,Alive
31,8,7.9,58.00988,,,0.0,1808,8.836033933704002,0.25020820569390945,Alive
31,9,9.9,62.49728,,,0.0,1809,14.797843022464003,0.41902756129850866,Alive
31,10,,0.0,,,0.0,1810,0.0,0.0,Dead
31,11,9.9,62.49728,,,0.0,1811,14.797843022464003,0.41902756129850866,Alive
31,12,9.9,62.49728,,,0.0,1812,14.797843022464003,0.41902756129850866,Alive
31,13,7.8,57.77186,,,0.0,1813,8.584809110512,0.24309432262054617,Alive
31,14,,0.0,,,0.0,1814,0.0,0.0,Dead
31,15,10.0,62.708,,904.0,75.33333333333333,1815,15.143994000000001,0.4288294492992,Alive
31,16,6.4,54.30308,,,0.0,1816,5.513214893184002,0.15611660348731274,Alive
31,17,,0.0,,,0.0,1817,0.0,0.0,Dead
31,18,12.0,66.6494,,,0.0,1818,23.061572368000004,0.6530299324301825,Alive
31,19,7.4,56.80678,,,0.0,1819,7.623049469264002,0.21586036721125487,Alive
31,20,9.0,67.0,39.0,,0.0,1820,13.135750000000002,0.37196240560000005,Alive
31,21,11.5,65.7128,,,0.0,1821,20.902922364000002,0.5919038719969153,Alive
31,22,10.4,63.53788,,,0.0,1822,16.575461899904006,0.46936403952720174,Alive
31,23,4.5,49.1879,,,0.0,1823,2.5901008405,0.0733433674802704,Alive
31,24,9.1,60.76472,,,0.0,1824,12.195474982415998,0.3453368259820773,Alive
31,25,8.8,60.09356,,,0.0,1825,11.295165781632003,0.3198429504053171,Alive
31,26,6.2,53.78674,,,0.0,1826,5.140288239728002,0.1455565140267299,Alive
31,27,10.4,63.53788,,,0.0,1827,16.575461899904006,0.46936403952720174,Alive
31,28,5.9,53.002480000000006,,,0.0,1828,4.610628862544002,0.130558255374886,Alive
31,29,8.9,60.31858,,,0.0,1829,11.590736637884003,0.32821257122763375,Alive
31,30,9.8,66.0,45.0,1928.0,160.66666666666666,1830,15.305453200000004,0.4334014571737601,Alive
31,31,11.5,65.7128,,,0.0,1831,20.902922364000002,0.5919038719969153,Alive
31,32,,0.0,,,0.0,1832,0.0,0.0,Dead
31,33,7.0,55.8209,,,0.0,1833,6.729323358,0.19055290366381442,Alive
31,34,8.6,59.63962,,,0.0,1834,10.717542182576,0.3034864984755681,Alive
31,35,9.4,61.42418,,,0.0,1835,13.136798496624003,0.37199209566920255,Alive
31,36,4.3,48.62216,,,0.0,1836,2.359166497392,0.06680404587334979,Alive
31,37,10.0,62.708,,,0.0,1837,15.143994000000001,0.4288294492992,Alive
31,38,10.7,64.14664,,,0.0,1838,17.698564176368,0.5011667020693773,Alive
31,39,7.4,56.80678,,,0.0,1839,7.623049469264002,0.21586036721125487,Alive
31,40,7.0,45.0,32.0,,0.0,1840,5.467390000000001,0.154818989152,Alive
31,41,8.5,59.410700000000006,,,0.0,1841,10.435456918500003,0.2954987464697809,Alive
31,42,9.1,60.76472,,,0.0,1842,12.195474982415998,0.3453368259820773,Alive
31,43,9.2,60.98584,,,0.0,1843,12.504672764288,0.3540923177317904,Alive
31,44,9.1,60.76472,,,0.0,1844,12.195474982415998,0.3453368259820773,Alive
31,45,9.0,60.5423,,2900.0,241.66666666666666,1845,11.890834594000001,0.33671038503137923,Alive
31,46,10.9,64.54598,,,0.0,1846,18.471014763444,0.523040030853491,Alive
31,47,10.9,64.54598,,,0.0,1847,18.471014763444,0.523040030853491,Alive
31,48,,0.0,,,0.0,1848,0.0,0.0,Dead
31,49,8.3,58.94896,,,0.0,1849,9.884655373472004,0.27990180927953207,Alive
31,50,9.8,59.0,41.0,,0.0,1850,13.705426800000003,0.3880938296102401,Alive
31,51,9.3,61.20566,,,0.0,1851,12.818442529492003,0.3629772734191192,Alive
31,52,7.9,58.00988,,,0.0,1852,8.836033933704002,0.25020820569390945,Alive
31,53,8.9,60.31858,,,0.0,1853,11.590736637884003,0.32821257122763375,Alive
31,54,8.9,60.31858,,,0.0,1854,11.590736637884003,0.32821257122763375,Alive
31,55,7.9,58.00988,,,0.0,1855,8.836033933704002,0.25020820569390945,Alive
31,56,8.9,60.31858,,,0.0,1856,11.590736637884003,0.32821257122763375,Alive
31,57,7.7,57.53254,,,0.0,1857,8.337918225908002,0.2361031628193917,Alive
31,58,6.0,53.2652,,,0.0,1858,4.783252336,0.13544639974804482,Alive
31,59,8.4,59.18048,,,0.0,1859,10.157833711744003,0.2876373456487126,Alive
31,60,10.5,67.0,43.0,3879.0,323.25,1860,17.799955000000004,0.5040377657440002,Alive
32,1,8.0,58.2466,,,0.0,1861,9.091612112000002,0.25744536185308164,Alive
32,2,8.4,59.18048,,,0.0,1862,10.157833711744003,0.2876373456487126,Alive
32,3,8.8,60.09356,,,0.0,1863,11.295165781632003,0.3198429504053171,Alive
32,4,,0.0,,,0.0,1864,0.0,0.0,Dead
32,5,9.4,61.42418,,,0.0,1865,13.136798496624003,0.37199209566920255,Alive
32,6,11.2,65.13524000000001,,,0.0,1866,19.665433523328,0.5568621479933743,Alive
32,7,11.1,64.94012000000001,,,0.0,1867,19.262517800776003,0.5454528640610139,Alive
32,8,10.2,63.12554,,,0.0,1868,15.850333212208001,0.44883071550345155,Alive
32,9,,0.0,,,0.0,1869,0.0,0.0,Dead
32,10,10.6,64.0,36.0,,0.0,1870,17.3341652,0.49084808913536004,Alive
32,11,7.3,56.562259999999995,,,0.0,1871,7.393292748252,0.2093543920937022,Alive
32,12,9.9,62.49728,,,0.0,1872,14.797843022464003,0.41902756129850866,Alive
32,13,8.3,58.94896,,,0.0,1873,9.884655373472004,0.27990180927953207,Alive
32,14,5.3,51.39886,,,0.0,1874,3.655719666212,0.10351828264419197,Alive
32,15,10.5,63.74209999999999,,922.0,76.83333333333333,1875,16.945098329500002,0.47983096037678563,Alive
32,16,,0.0,,,0.0,1876,0.0,0.0,Dead
32,17,7.5,57.05,,,0.0,1877,7.857058750000001,0.22248676121200003,Alive
32,18,10.1,62.91742000000001,,,0.0,1878,15.494820313796001,0.4387637278616986,Alive
32,19,9.4,61.42418,,,0.0,1879,13.136798496624003,0.37199209566920255,Alive
32,20,11.3,63.0,37.0,,0.0,1880,19.365328600000005,0.5483641369004801,Alive
32,21,,0.0,,,0.0,1881,0.0,0.0,Dead
32,22,9.8,62.28526,,,0.0,1882,14.456355761552004,0.4093577348287158,Alive
32,23,,0.0,,,0.0,1883,0.0,0.0,Dead
32,24,10.6,63.94502,,,0.0,1884,17.319462624336,0.4904317592407977,Alive
32,25,6.8,55.32016,,,0.0,1885,6.307539992192001,0.17860934845090246,Alive
32,26,8.4,59.18048,,,0.0,1886,10.157833711744003,0.2876373456487126,Alive
32,27,7.5,57.05,,,0.0,1887,7.857058750000001,0.22248676121200003,Alive
32,28,10.9,64.54598,,,0.0,1888,18.471014763444,0.523040030853491,Alive
32,29,6.8,55.32016,,,0.0,1889,6.307539992192001,0.17860934845090246,Alive
32,30,5.3,56.0,25.0,1832.0,152.66666666666666,1890,3.9633252000000003,0.11222868702336,Alive
32,31,11.7,66.09134,,,0.0,1891,21.751929607588,0.6159450403121479,Alive
32,32,8.6,59.63962,,,0.0,1892,10.717542182576,0.3034864984755681,Alive
32,33,8.3,58.94896,,,0.0,1893,9.884655373472004,0.27990180927953207,Alive
32,34,8.2,58.71614,,,0.0,1894,9.615904343568001,0.27229164011594637,Alive
32,35,,0.0,,,0.0,1895,0.0,0.0,Dead
32,36,4.6,49.46882,,,0.0,1896,2.710779350256,0.0767605967053291,Alive
32,37,8.6,59.63962,,,0.0,1897,10.717542182576,0.3034864984755681,Alive
32,38,9.7,62.07194,,,0.0,1898,14.119520226348,0.39981963034545104,Alive
32,39,,0.0,,,0.0,1899,0.0,0.0,Dead
32,40,8.0,67.0,42.0,,0.0,1900,10.424930000000002,0.29520065782400007,Alive
32,41,9.2,60.98584,,,0.0,1901,12.504672764288,0.3540923177317904,Alive
32,42,10.5,63.74209999999999,,,0.0,1902,16.945098329500002,0.47983096037678563,Alive
32,43,8.6,59.63962,,,0.0,1903,10.717542182576,0.3034864984755681,Alive
32,44,7.3,56.562259999999995,,,0.0,1904,7.393292748252,0.2093543920937022,Alive
32,45,11.1,64.94012000000001,,2771.0,230.91666666666666,1905,19.262517800776003,0.5454528640610139,Alive
32,46,9.8,62.28526,,,0.0,1906,14.456355761552004,0.4093577348287158,Alive
32,47,7.0,55.8209,,,0.0,1907,6.729323358,0.19055290366381442,Alive
32,48,9.1,60.76472,,,0.0,1908,12.195474982415998,0.3453368259820773,Alive
32,49,,0.0,,,0.0,1909,0.0,0.0,Dead
32,50,8.6,65.0,42.0,,0.0,1910,11.661102000000001,0.3302050931136,Alive
32,51,8.5,59.410700000000006,,,0.0,1911,10.435456918500003,0.2954987464697809,Alive
32,52,,0.0,,,0.0,1912,0.0,0.0,Dead
32,53,7.9,58.00988,,,0.0,1913,8.836033933704002,0.25020820569390945,Alive
32,54,7.9,58.00988,,,0.0,1914,8.836033933704002,0.25020820569390945,Alive
32,55,4.0,47.7638,,,0.0,1915,2.0383355040000004,0.05771913879966721,Alive
32,56,,0.0,,,0.0,1916,0.0,0.0,Dead
32,57,10.5,63.74209999999999,,,0.0,1917,16.945098329500002,0.47983096037678563,Alive
32,58,10.4,63.53788,,,0.0,1918,16.575461899904006,0.46936403952720174,Alive
32,59,8.6,59.63962,,,0.0,1919,10.717542182576,0.3034864984755681,Alive
32,60,,0.0,,3640.0,303.3333333333333,1920,0.0,0.0,Dead
33,1,12.6,67.73042,,,0.0,1921,25.811347920495997,0.7308947767951011,Alive
33,2,8.4,59.18048,,,0.0,1922,10.157833711744003,0.2876373456487126,Alive
33,3,9.2,60.98584,,,0.0,1923,12.504672764288,0.3540923177317904,Alive
33,4,8.3,58.94896,,,0.0,1924,9.884655373472004,0.27990180927953207,Alive
33,5,7.8,57.77186,,,0.0,1925,8.584809110512,0.24309432262054617,Alive
33,6,9.3,61.20566,,,0.0,1926,12.818442529492003,0.3629772734191192,Alive
33,7,10.4,63.53788,,,0.0,1927,16.575461899904006,0.46936403952720174,Alive
33,8,7.8,57.77186,,,0.0,1928,8.584809110512,0.24309432262054617,Alive
33,9,7.4,56.80678,,,0.0,1929,7.623049469264002,0.21586036721125487,Alive
33,10,8.7,65.0,40.0,,0.0,1930,11.928733,0.33778354661439997,Alive
33,11,7.4,56.80678,,,0.0,1931,7.623049469264002,0.21586036721125487,Alive
33,12,10.8,64.34696,,,0.0,1932,18.082412006272,0.512036044299203,Alive
33,13,6.5,54.5593,,,0.0,1933,5.7057004115000005,0.1615671774123632,Alive
33,14,11.0,64.74369999999999,,,0.0,1934,18.864380725999997,0.5341788961419967,Alive
33,15,5.3,51.39886,,792.0,66.0,1935,3.655719666212,0.10351828264419197,Alive
33,16,8.0,58.2466,,,0.0,1936,9.091612112000002,0.25744536185308164,Alive
33,17,9.9,62.49728,,,0.0,1937,14.797843022464003,0.41902756129850866,Alive
33,18,11.7,66.09134,,,0.0,1938,21.751929607588,0.6159450403121479,Alive
33,19,6.9,55.57118,,,0.0,1939,6.516360433924001,0.18452247513533915,Alive
33,20,7.2,56.0,35.0,,0.0,1940,7.128725200000002,0.20186268574336005,Alive
33,21,8.8,60.09356,,,0.0,1941,11.295165781632003,0.3198429504053171,Alive
33,22,8.3,58.94896,,,0.0,1942,9.884655373472004,0.27990180927953207,Alive
33,23,8.4,59.18048,,,0.0,1943,10.157833711744003,0.2876373456487126,Alive
33,24,9.0,60.5423,,,0.0,1944,11.890834594000001,0.33671038503137923,Alive
33,25,11.6,65.90272,,,0.0,1945,21.325020607616,0.6038563435417408,Alive
33,26,8.7,59.867239999999995,,,0.0,1946,11.004106321527997,0.311601077885444,Alive
33,27,9.7,62.07194,,,0.0,1947,14.119520226348,0.39981963034545104,Alive
33,28,9.0,60.5423,,,0.0,1948,11.890834594000001,0.33671038503137923,Alive
33,29,5.2,51.12704,,,0.0,1949,3.5097808846080008,0.09938576335326783,Alive
33,30,8.0,56.0,35.0,1692.0,141.0,1950,8.749410000000001,0.24775529308800004,Alive
33,31,10.0,62.708,,,0.0,1951,15.143994000000001,0.4288294492992,Alive
33,32,7.0,55.8209,,,0.0,1952,6.729323358,0.19055290366381442,Alive
33,33,,0.0,,,0.0,1953,0.0,0.0,Dead
33,34,9.7,62.07194,,,0.0,1954,14.119520226348,0.39981963034545104,Alive
33,35,6.2,53.78674,,,0.0,1955,5.140288239728002,0.1455565140267299,Alive
33,36,7.3,56.562259999999995,,,0.0,1956,7.393292748252,0.2093543920937022,Alive
33,37,10.0,62.708,,,0.0,1957,15.143994000000001,0.4288294492992,Alive
33,38,7.8,57.77186,,,0.0,1958,8.584809110512,0.24309432262054617,Alive
33,39,9.0,60.5423,,,0.0,1959,11.890834594000001,0.33671038503137923,Alive
33,40,8.5,63.0,44.0,,0.0,1960,11.052655000000001,0.312975821104,Alive
33,41,8.3,58.94896,,,0.0,1961,9.884655373472004,0.27990180927953207,Alive
33,42,4.5,49.1879,,,0.0,1962,2.5901008405,0.0733433674802704,Alive
33,43,10.1,62.91742000000001,,,0.0,1963,15.494820313796001,0.4387637278616986,Alive
33,44,8.3,58.94896,,,0.0,1964,9.884655373472004,0.27990180927953207,Alive
33,45,9.3,61.20566,,2673.0,222.75,1965,12.818442529492003,0.3629772734191192,Alive
33,46,9.1,60.76472,,,0.0,1966,12.195474982415998,0.3453368259820773,Alive
33,47,8.9,60.31858,,,0.0,1967,11.590736637884003,0.32821257122763375,Alive
33,48,,0.0,,,0.0,1968,0.0,0.0,Dead
33,49,8.9,60.31858,,,0.0,1969,11.590736637884003,0.32821257122763375,Alive
33,50,7.5,63.0,39.0,,0.0,1970,8.653615000000002,0.24504268523200007,Alive
33,51,7.9,58.00988,,,0.0,1971,8.836033933704002,0.25020820569390945,Alive
33,52,6.3,54.045559999999995,,,0.0,1972,5.324752497832,0.15077995153060916,Alive
33,53,8.0,58.2466,,,0.0,1973,9.091612112000002,0.25744536185308164,Alive
33,54,8.3,58.94896,,,0.0,1974,9.884655373472004,0.27990180927953207,Alive
33,55,8.0,58.2466,,,0.0,1975,9.091612112000002,0.25744536185308164,Alive
33,56,,0.0,,,0.0,1976,0.0,0.0,Dead
33,57,9.4,61.42418,,,0.0,1977,13.136798496624003,0.37199209566920255,Alive
33,58,7.4,56.80678,,,0.0,1978,7.623049469264002,0.21586036721125487,Alive
33,59,4.1,48.05122,,,0.0,1979,2.141913599516,0.06065213901477467,Alive
33,60,,0.0,,,0.0,1980,0.0,0.0,Dead
34,1,11.6,65.90272,,,0.0,1981,21.325020607616,0.6038563435417408,Alive
34,2,7.5,57.05,,,0.0,1982,7.857058750000001,0.22248676121200003,Alive
34,3,12.2,67.01494,,,0.0,1983,23.958808733648,0.6784367951489636,Alive
34,4,12.0,66.6494,,,0.0,1984,23.061572368000004,0.6530299324301825,Alive
34,5,10.4,63.53788,,,0.0,1985,16.575461899904006,0.46936403952720174,Alive
34,6,,0.0,,,0.0,1986,0.0,0.0,Dead
34,7,,0.0,,,0.0,1987,0.0,0.0,Dead
34,8,10.4,63.53788,,,0.0,1988,16.575461899904006,0.46936403952720174,Alive
34,9,10.0,62.708,,,0.0,1989,15.143994000000001,0.4288294492992,Alive
34,10,7.8,67.0,44.0,,0.0,1990,9.9210364,0.28093200353152,Alive
34,11,2.4,42.98828,,,0.0,1991,0.808807732864,0.022902846809963313,Alive
34,12,9.4,61.42418,,,0.0,1992,13.136798496624003,0.37199209566920255,Alive
34,13,8.4,59.18048,,,0.0,1993,10.157833711744003,0.2876373456487126,Alive
34,14,10.4,63.53788,,,0.0,1994,16.575461899904006,0.46936403952720174,Alive
34,15,,0.0,,828.0,69.0,1995,0.0,0.0,Dead
34,16,10.4,63.53788,,,0.0,1996,16.575461899904006,0.46936403952720174,Alive
34,17,10.7,64.14664,,,0.0,1997,17.698564176368,0.5011667020693773,Alive
34,18,11.0,64.74369999999999,,,0.0,1998,18.864380725999997,0.5341788961419967,Alive
34,19,,0.0,,,0.0,1999,0.0,0.0,Dead
34,20,11.0,67.0,52.0,,0.0,2000,19.51415,0.55257828272,Alive
34,21,11.7,66.09134,,,0.0,2001,21.751929607588,0.6159450403121479,Alive
34,22,,0.0,,,0.0,2002,0.0,0.0,Dead
34,23,7.2,56.31644,,,0.0,2003,7.167767314048001,0.20296823347843443,Alive
34,24,10.6,63.94502,,,0.0,2004,17.319462624336,0.4904317592407977,Alive
34,25,6.4,54.30308,,,0.0,2005,5.513214893184002,0.15611660348731274,Alive
34,26,10.6,63.94502,,,0.0,2006,17.319462624336,0.4904317592407977,Alive
34,27,12.0,66.6494,,,0.0,2007,23.061572368000004,0.6530299324301825,Alive
34,28,7.4,56.80678,,,0.0,2008,7.623049469264002,0.21586036721125487,Alive
34,29,7.1,56.069320000000005,,,0.0,2009,6.946451522456002,0.1967012784710821,Alive
34,30,8.8,56.0,38.0,1764.0,147.0,2010,10.540693200000002,0.29847870120576003,Alive
34,31,11.0,64.74369999999999,,,0.0,2011,18.864380725999997,0.5341788961419967,Alive
34,32,10.2,63.12554,,,0.0,2012,15.850333212208001,0.44883071550345155,Alive
34,33,6.6,54.814220000000006,,,0.0,2013,5.9022336672160005,0.16713237030782205,Alive
34,34,9.9,62.49728,,,0.0,2014,14.797843022464003,0.41902756129850866,Alive
34,35,10.2,63.12554,,,0.0,2015,15.850333212208001,0.44883071550345155,Alive
34,36,,0.0,,,0.0,2016,0.0,0.0,Dead
34,37,8.7,59.867239999999995,,,0.0,2017,11.004106321527997,0.311601077885444,Alive
34,38,,0.0,,,0.0,2018,0.0,0.0,Dead
34,39,11.3,65.32906,,,0.0,2019,20.073135057932003,0.5684069508084489,Alive
34,40,5.2,76.0,43.0,,0.0,2020,5.110485200000001,0.14471258731136002,Alive
34,41,5.0,50.5795,,,0.0,2021,3.22897025,0.0914341047752,Alive
34,42,8.4,59.18048,,,0.0,2022,10.157833711744003,0.2876373456487126,Alive
34,43,6.6,54.814220000000006,,,0.0,2023,5.9022336672160005,0.16713237030782205,Alive
34,44,8.2,58.71614,,,0.0,2024,9.615904343568001,0.27229164011594637,Alive
34,45,9.9,62.49728,,2724.0,227.0,2025,14.797843022464003,0.41902756129850866,Alive
34,46,6.4,54.30308,,,0.0,2026,5.513214893184002,0.15611660348731274,Alive
34,47,7.9,58.00988,,,0.0,2027,8.836033933704002,0.25020820569390945,Alive
34,48,8.9,60.31858,,,0.0,2028,11.590736637884003,0.32821257122763375,Alive
34,49,8.4,59.18048,,,0.0,2029,10.157833711744003,0.2876373456487126,Alive
34,50,10.6,69.0,56.0,,0.0,2030,18.671249200000002,0.5287100293465601,Alive
34,51,5.4,51.66938,,,0.0,2031,3.805386307504001,0.1077563629923293,Alive
34,52,10.5,63.74209999999999,,,0.0,2032,16.945098329500002,0.47983096037678563,Alive
34,53,11.0,64.74369999999999,,,0.0,2033,18.864380725999997,0.5341788961419967,Alive
34,54,8.4,59.18048,,,0.0,2034,10.157833711744003,0.2876373456487126,Alive
34,55,10.2,63.12554,,,0.0,2035,15.850333212208001,0.44883071550345155,Alive
34,56,,0.0,,,0.0,2036,0.0,0.0,Dead
34,57,9.3,61.20566,,,0.0,2037,12.818442529492003,0.3629772734191192,Alive
34,58,9.9,62.49728,,,0.0,2038,14.797843022464003,0.41902756129850866,Alive
34,59,6.8,55.32016,,,0.0,2039,6.307539992192001,0.17860934845090246,Alive
34,60,8.9,61.0,44.0,3632.0,302.6666666666667,2040,11.719197800000003,0.3318501802630401,Alive
35,1,9.1,60.76472,,,0.0,2041,12.195474982415998,0.3453368259820773,Alive
35,2,12.2,67.01494,,,0.0,2042,23.958808733648,0.6784367951489636,Alive
35,3,9.6,61.85732,,,0.0,2043,13.787324054656,0.390412897790883,Alive
35,4,7.1,56.069320000000005,,,0.0,2044,6.946451522456002,0.1967012784710821,Alive
35,5,5.0,50.5795,,,0.0,2045,3.22897025,0.0914341047752,Alive
35,6,12.0,66.6494,,,0.0,2046,23.061572368000004,0.6530299324301825,Alive
35,7,12.2,67.01494,,,0.0,2047,23.958808733648,0.6784367951489636,Alive
35,8,11.6,65.90272,,,0.0,2048,21.325020607616,0.6038563435417408,Alive
35,9,9.7,62.07194,,,0.0,2049,14.119520226348,0.39981963034545104,Alive
35,10,,0.0,,,0.0,2050,0.0,0.0,Dead
35,11,5.9,53.002480000000006,,,0.0,2051,4.610628862544002,0.130558255374886,Alive
35,12,11.0,64.74369999999999,,,0.0,2052,18.864380725999997,0.5341788961419967,Alive
35,13,11.6,65.90272,,,0.0,2053,21.325020607616,0.6038563435417408,Alive
35,14,12.3,67.19576,,,0.0,2054,24.414680742352008,0.6913456316450334,Alive
35,15,,0.0,,936.0,78.0,2055,0.0,0.0,Dead
35,16,,0.0,,,0.0,2056,0.0,0.0,Dead
35,17,12.6,67.73042,,,0.0,2057,25.811347920495997,0.7308947767951011,Alive
35,18,6.6,54.814220000000006,,,0.0,2058,5.9022336672160005,0.16713237030782205,Alive
35,19,8.1,58.48202,,,0.0,2059,9.351562690636001,0.2648063303982015,Alive
35,20,8.5,55.0,41.0,,0.0,2060,9.677015000000003,0.2740220983520001,Alive
35,21,9.5,61.6414,,,0.0,2061,13.459754513,0.3811371765937184,Alive
35,22,8.7,59.867239999999995,,,0.0,2062,11.004106321527997,0.311601077885444,Alive
35,23,8.3,58.94896,,,0.0,2063,9.884655373472004,0.27990180927953207,Alive
35,24,,0.0,,,0.0,2064,0.0,0.0,Dead
35,25,,0.0,,,0.0,2065,0.0,0.0,Dead
35,26,8.8,60.09356,,,0.0,2066,11.295165781632003,0.3198429504053171,Alive
35,27,10.3,63.33236,,,0.0,2067,16.210543572312005,0.4590307202284446,Alive
35,28,12.5,67.5535,,,0.0,2068,25.3409478125,0.7175745510170001,Alive
35,29,,0.0,,,0.0,2069,0.0,0.0,Dead
35,30,5.5,49.0,32.0,1812.0,151.0,2070,3.747245,0.106109987216,Alive
35,31,6.0,53.2652,,,0.0,2071,4.783252336,0.13544639974804482,Alive
35,32,11.7,66.09134,,,0.0,2072,21.751929607588,0.6159450403121479,Alive
35,33,,0.0,,,0.0,2073,0.0,0.0,Dead
35,34,10.5,63.74209999999999,,,0.0,2074,16.945098329500002,0.47983096037678563,Alive
35,35,,0.0,,,0.0,2075,0.0,0.0,Dead
35,36,9.6,61.85732,,,0.0,2076,13.787324054656,0.390412897790883,Alive
35,37,8.8,60.09356,,,0.0,2077,11.295165781632003,0.3198429504053171,Alive
35,38,10.3,63.33236,,,0.0,2078,16.210543572312005,0.4590307202284446,Alive
35,39,,0.0,,,0.0,2079,0.0,0.0,Dead
35,40,8.6,59.0,37.0,,0.0,2080,10.6049532,0.30029833877376,Alive
35,41,11.9,66.46468,,,0.0,2081,22.620200736824003,0.6405317002244979,Alive
35,42,,0.0,,,0.0,2082,0.0,0.0,Dead
35,43,8.7,59.867239999999995,,,0.0,2083,11.004106321527997,0.311601077885444,Alive
35,44,8.4,59.18048,,,0.0,2084,10.157833711744003,0.2876373456487126,Alive
35,45,10.8,64.34696,,2688.0,224.0,2085,18.082412006272,0.512036044299203,Alive
35,46,11.3,65.32906,,,0.0,2086,20.073135057932003,0.5684069508084489,Alive
35,47,10.0,62.708,,,0.0,2087,15.143994000000001,0.4288294492992,Alive
35,48,7.8,57.77186,,,0.0,2088,8.584809110512,0.24309432262054617,Alive
35,49,10.1,62.91742000000001,,,0.0,2089,15.494820313796001,0.4387637278616986,Alive
35,50,10.1,63.0,48.0,,0.0,2090,15.5148694,0.43933145382592,Alive
35,51,9.7,62.07194,,,0.0,2091,14.119520226348,0.39981963034545104,Alive
35,52,8.1,58.48202,,,0.0,2092,9.351562690636001,0.2648063303982015,Alive
35,53,8.2,58.71614,,,0.0,2093,9.615904343568001,0.27229164011594637,Alive
35,54,8.1,58.48202,,,0.0,2094,9.351562690636001,0.2648063303982015,Alive
35,55,8.7,59.867239999999995,,,0.0,2095,11.004106321527997,0.311601077885444,Alive
35,56,8.8,60.09356,,,0.0,2096,11.295165781632003,0.3198429504053171,Alive
35,57,10.3,63.33236,,,0.0,2097,16.210543572312005,0.4590307202284446,Alive
35,58,9.9,62.49728,,,0.0,2098,14.797843022464003,0.41902756129850866,Alive
35,59,10.5,63.74209999999999,,,0.0,2099,16.945098329500002,0.47983096037678563,Alive
35,60,11.6,64.0,32.0,3609.0,300.75,2100,20.7156692,0.58660146160256,Alive
36,1,12.0,66.6494,,,0.0,2101,23.061572368000004,0.6530299324301825,Alive
36,2,,0.0,,,0.0,2102,0.0,0.0,Dead
36,3,9.4,61.42418,,,0.0,2103,13.136798496624003,0.37199209566920255,Alive
36,4,7.3,56.562259999999995,,,0.0,2104,7.393292748252,0.2093543920937022,Alive
36,5,7.2,56.31644,,,0.0,2105,7.167767314048001,0.20296823347843443,Alive
36,6,10.6,63.94502,,,0.0,2106,17.319462624336,0.4904317592407977,Alive
36,7,10.9,64.54598,,,0.0,2107,18.471014763444,0.523040030853491,Alive
36,8,8.5,59.410700000000006,,,0.0,2108,10.435456918500003,0.2954987464697809,Alive
36,9,11.5,65.7128,,,0.0,2109,20.902922364000002,0.5919038719969153,Alive
36,10,,0.0,,,0.0,2110,0.0,0.0,Dead
36,11,10.2,63.12554,,,0.0,2111,15.850333212208001,0.44883071550345155,Alive
36,12,11.1,64.94012000000001,,,0.0,2112,19.262517800776003,0.5454528640610139,Alive
36,13,,0.0,,,0.0,2113,0.0,0.0,Dead
36,14,9.8,62.28526,,,0.0,2114,14.456355761552004,0.4093577348287158,Alive
36,15,,0.0,,972.0,81.0,2115,0.0,0.0,Dead
36,16,12.9,68.25337999999999,,,0.0,2116,27.251637018603997,0.7716791551284057,Alive
36,17,7.0,55.8209,,,0.0,2117,6.729323358,0.19055290366381442,Alive
36,18,6.5,54.5593,,,0.0,2118,5.7057004115000005,0.1615671774123632,Alive
36,19,6.8,55.32016,,,0.0,2119,6.307539992192001,0.17860934845090246,Alive
36,20,8.1,65.0,45.0,,0.0,2120,10.369357,0.2936270082976,Alive
36,21,9.0,60.5423,,,0.0,2121,11.890834594000001,0.33671038503137923,Alive
36,22,8.4,59.18048,,,0.0,2122,10.157833711744003,0.2876373456487126,Alive
36,23,9.6,61.85732,,,0.0,2123,13.787324054656,0.390412897790883,Alive
36,24,,0.0,,,0.0,2124,0.0,0.0,Dead
36,25,,0.0,,,0.0,2125,0.0,0.0,Dead
36,26,10.4,63.53788,,,0.0,2126,16.575461899904006,0.46936403952720174,Alive
36,27,8.8,60.09356,,,0.0,2127,11.295165781632003,0.3198429504053171,Alive
36,28,,0.0,,,0.0,2128,0.0,0.0,Dead
36,29,10.2,63.12554,,,0.0,2129,15.850333212208001,0.44883071550345155,Alive
36,30,7.1,64.0,39.0,1860.0,155.0,2130,7.897941200000001,0.22364442137216003,Alive
36,31,11.0,64.74369999999999,,,0.0,2131,18.864380725999997,0.5341788961419967,Alive
36,32,12.0,66.6494,,,0.0,2132,23.061572368000004,0.6530299324301825,Alive
36,33,11.3,65.32906,,,0.0,2133,20.073135057932003,0.5684069508084489,Alive
36,34,12.1,66.83282,,,0.0,2134,23.507773759356002,0.6656649279889321,Alive
36,35,,0.0,,,0.0,2135,0.0,0.0,Dead
36,36,10.9,64.54598,,,0.0,2136,18.471014763444,0.523040030853491,Alive
36,37,5.2,51.12704,,,0.0,2137,3.5097808846080008,0.09938576335326783,Alive
36,38,6.4,54.30308,,,0.0,2138,5.513214893184002,0.15611660348731274,Alive
36,39,7.7,57.53254,,,0.0,2139,8.337918225908002,0.2361031628193917,Alive
36,40,9.9,66.0,38.0,,0.0,2140,15.614900800000001,0.44216402297344004,Alive
36,41,,0.0,,,0.0,2141,0.0,0.0,Dead
36,42,,0.0,,,0.0,2142,0.0,0.0,Dead
36,43,7.4,56.80678,,,0.0,2143,7.623049469264002,0.21586036721125487,Alive
36,44,5.4,51.66938,,,0.0,2144,3.805386307504001,0.1077563629923293,Alive
36,45,,0.0,,3048.0,254.0,2145,0.0,0.0,Dead
36,46,7.2,56.31644,,,0.0,2146,7.167767314048001,0.20296823347843443,Alive
36,47,9.5,61.6414,,,0.0,2147,13.459754513,0.3811371765937184,Alive
36,48,,0.0,,,0.0,2148,0.0,0.0,Dead
36,49,9.3,61.20566,,,0.0,2149,12.818442529492003,0.3629772734191192,Alive
36,50,9.1,57.0,41.0,,0.0,2150,11.453494599999999,0.32432631588927996,Alive
36,51,8.5,59.410700000000006,,,0.0,2151,10.435456918500003,0.2954987464697809,Alive
36,52,,0.0,,,0.0,2152,0.0,0.0,Dead
36,53,7.7,57.53254,,,0.0,2153,8.337918225908002,0.2361031628193917,Alive
36,54,9.0,60.5423,,,0.0,2154,11.890834594000001,0.33671038503137923,Alive
36,55,8.1,58.48202,,,0.0,2155,9.351562690636001,0.2648063303982015,Alive
36,56,9.4,61.42418,,,0.0,2156,13.136798496624003,0.37199209566920255,Alive
36,57,5.5,51.9386,,,0.0,2157,3.9588095070000002,0.1121008170478176,Alive
36,58,,0.0,,,0.0,2158,0.0,0.0,Dead
36,59,,0.0,,,0.0,2159,0.0,0.0,Dead
36,60,8.2,60.0,41.0,3800.0,316.6666666666667,2160,0.0,0.0,Alive
37,1,10.6,63.94502,,,0.0,2161,17.319462624336,0.4904317592407977,Alive
37,2,7.9,58.00988,,,0.0,2162,8.836033933704002,0.25020820569390945,Alive
37,3,,0.0,,,0.0,2163,0.0,0.0,Dead
37,4,8.4,59.18048,,,0.0,2164,10.157833711744003,0.2876373456487126,Alive
37,5,9.8,62.28526,,,0.0,2165,14.456355761552004,0.4093577348287158,Alive
37,6,6.5,54.5593,,,0.0,2166,5.7057004115000005,0.1615671774123632,Alive
37,7,,0.0,,,0.0,2167,0.0,0.0,Dead
37,8,8.7,59.867239999999995,,,0.0,2168,11.004106321527997,0.311601077885444,Alive
37,9,9.3,61.20566,,,0.0,2169,12.818442529492003,0.3629772734191192,Alive
37,10,7.6,63.0,34.0,,0.0,2170,8.8800244,0.25145387492992,Alive
37,11,8.8,60.09356,,,0.0,2171,11.295165781632003,0.3198429504053171,Alive
37,12,8.3,58.94896,,,0.0,2172,9.884655373472004,0.27990180927953207,Alive
37,13,,0.0,,,0.0,2173,0.0,0.0,Dead
37,14,,0.0,,,0.0,2174,0.0,0.0,Dead
37,15,8.9,60.31858,,860.0,71.66666666666667,2175,11.590736637884003,0.32821257122763375,Alive
37,16,8.1,58.48202,,,0.0,2176,9.351562690636001,0.2648063303982015,Alive
37,17,7.2,56.31644,,,0.0,2177,7.167767314048001,0.20296823347843443,Alive
37,18,7.7,57.53254,,,0.0,2178,8.337918225908002,0.2361031628193917,Alive
37,19,9.7,62.07194,,,0.0,2179,14.119520226348,0.39981963034545104,Alive
37,20,7.2,54.0,34.0,,0.0,2180,6.881966800000002,0.19487527748224004,Alive
37,21,8.6,59.63962,,,0.0,2181,10.717542182576,0.3034864984755681,Alive
37,22,8.4,59.18048,,,0.0,2182,10.157833711744003,0.2876373456487126,Alive
37,23,11.1,64.94012000000001,,,0.0,2183,19.262517800776003,0.5454528640610139,Alive
37,24,,0.0,,,0.0,2184,0.0,0.0,Dead
37,25,9.1,60.76472,,,0.0,2185,12.195474982415998,0.3453368259820773,Alive
37,26,10.3,63.33236,,,0.0,2186,16.210543572312005,0.4590307202284446,Alive
37,27,7.9,58.00988,,,0.0,2187,8.836033933704002,0.25020820569390945,Alive
37,28,12.0,66.6494,,,0.0,2188,23.061572368000004,0.6530299324301825,Alive
37,29,10.5,63.74209999999999,,,0.0,2189,16.945098329500002,0.47983096037678563,Alive
37,30,10.6,69.0,48.0,1695.0,141.25,2190,18.671249200000002,0.5287100293465601,Alive
37,31,8.9,60.31858,,,0.0,2191,11.590736637884003,0.32821257122763375,Alive
37,32,8.1,58.48202,,,0.0,2192,9.351562690636001,0.2648063303982015,Alive
37,33,7.5,57.05,,,0.0,2193,7.857058750000001,0.22248676121200003,Alive
37,34,10.8,64.34696,,,0.0,2194,18.082412006272,0.512036044299203,Alive
37,35,8.0,58.2466,,,0.0,2195,9.091612112000002,0.25744536185308164,Alive
37,36,8.4,59.18048,,,0.0,2196,10.157833711744003,0.2876373456487126,Alive
37,37,8.6,59.63962,,,0.0,2197,10.717542182576,0.3034864984755681,Alive
37,38,,0.0,,,0.0,2198,0.0,0.0,Dead
37,39,11.5,65.7128,,,0.0,2199,20.902922364000002,0.5919038719969153,Alive
37,40,,0.0,,,0.0,2200,0.0,0.0,Dead
37,41,8.0,58.2466,,,0.0,2201,9.091612112000002,0.25744536185308164,Alive
37,42,11.0,64.74369999999999,,,0.0,2202,18.864380725999997,0.5341788961419967,Alive
37,43,4.4,48.90568,,,0.0,2203,2.4729072362240005,0.07002481962670777,Alive
37,44,9.2,60.98584,,,0.0,2204,12.504672764288,0.3540923177317904,Alive
37,45,,0.0,,2577.0,214.75,2205,0.0,0.0,Dead
37,46,8.2,58.71614,,,0.0,2206,9.615904343568001,0.27229164011594637,Alive
37,47,8.8,60.09356,,,0.0,2207,11.295165781632003,0.3198429504053171,Alive
37,48,11.7,66.09134,,,0.0,2208,21.751929607588,0.6159450403121479,Alive
37,49,8.3,58.94896,,,0.0,2209,9.884655373472004,0.27990180927953207,Alive
37,50,7.7,55.0,39.0,,0.0,2210,7.980551000000001,0.22598366655680002,Alive
37,51,5.9,53.002480000000006,,,0.0,2211,4.610628862544002,0.130558255374886,Alive
37,52,10.1,62.91742000000001,,,0.0,2212,15.494820313796001,0.4387637278616986,Alive
37,53,8.4,59.18048,,,0.0,2213,10.157833711744003,0.2876373456487126,Alive
37,54,8.2,58.71614,,,0.0,2214,9.615904343568001,0.27229164011594637,Alive
37,55,7.1,56.069320000000005,,,0.0,2215,6.946451522456002,0.1967012784710821,Alive
37,56,,0.0,,,0.0,2216,0.0,0.0,Dead
37,57,6.3,54.045559999999995,,,0.0,2217,5.324752497832,0.15077995153060916,Alive
37,58,11.2,65.13524000000001,,,0.0,2218,19.665433523328,0.5568621479933743,Alive
37,59,7.8,57.77186,,,0.0,2219,8.584809110512,0.24309432262054617,Alive
37,60,11.3,64.0,41.0,2450.0,204.16666666666666,2220,19.669230800000005,0.5569696747174401,Alive
38,1,,0.0,,,0.0,2221,0.0,0.0,Dead
38,2,10.7,64.14664,,,0.0,2222,17.698564176368,0.5011667020693773,Alive
38,3,7.8,57.77186,,,0.0,2223,8.584809110512,0.24309432262054617,Alive
38,4,8.5,59.410700000000006,,,0.0,2224,10.435456918500003,0.2954987464697809,Alive
38,5,10.6,63.94502,,,0.0,2225,17.319462624336,0.4904317592407977,Alive
38,6,8.0,58.2466,,,0.0,2226,9.091612112000002,0.25744536185308164,Alive
38,7,9.7,62.07194,,,0.0,2227,14.119520226348,0.39981963034545104,Alive
38,8,8.7,59.867239999999995,,,0.0,2228,11.004106321527997,0.311601077885444,Alive
38,9,11.2,65.13524000000001,,,0.0,2229,19.665433523328,0.5568621479933743,Alive
38,10,7.4,57.0,43.0,,0.0,2230,7.648231600000002,0.21657344457088004,Alive
38,11,9.9,62.49728,,,0.0,2231,14.797843022464003,0.41902756129850866,Alive
38,12,5.5,51.9386,,,0.0,2232,3.9588095070000002,0.1121008170478176,Alive
38,13,6.9,55.57118,,,0.0,2233,6.516360433924001,0.18452247513533915,Alive
38,14,12.1,66.83282,,,0.0,2234,23.507773759356002,0.6656649279889321,Alive
38,15,10.6,63.94502,,747.0,62.25,2235,17.319462624336,0.4904317592407977,Alive
38,16,11.4,65.52158,,,0.0,2236,20.485629197584004,0.5800874648621467,Alive
38,17,,0.0,,,0.0,2237,0.0,0.0,Dead
38,18,9.5,61.6414,,,0.0,2238,13.459754513,0.3811371765937184,Alive
38,19,9.2,60.98584,,,0.0,2239,12.504672764288,0.3540923177317904,Alive
38,20,,0.0,,,0.0,2240,0.0,0.0,Dead
38,21,8.2,58.71614,,,0.0,2241,9.615904343568001,0.27229164011594637,Alive
38,22,10.6,63.94502,,,0.0,2242,17.319462624336,0.4904317592407977,Alive
38,23,9.6,61.85732,,,0.0,2243,13.787324054656,0.390412897790883,Alive
38,24,10.4,63.53788,,,0.0,2244,16.575461899904006,0.46936403952720174,Alive
38,25,,0.0,,,0.0,2245,0.0,0.0,Dead
38,26,7.4,56.80678,,,0.0,2246,7.623049469264002,0.21586036721125487,Alive
38,27,6.2,53.78674,,,0.0,2247,5.140288239728002,0.1455565140267299,Alive
38,28,8.2,58.71614,,,0.0,2248,9.615904343568001,0.27229164011594637,Alive
38,29,7.2,56.31644,,,0.0,2249,7.167767314048001,0.20296823347843443,Alive
38,30,9.9,67.0,41.0,1563.0,130.25,2250,15.848164600000002,0.44876930734528003,Alive
38,31,9.2,60.98584,,,0.0,2251,12.504672764288,0.3540923177317904,Alive
38,32,6.9,55.57118,,,0.0,2252,6.516360433924001,0.18452247513533915,Alive
38,33,13.0,68.4251,,,0.0,2253,27.741433722000004,0.7855486304191297,Alive
38,34,9.0,60.5423,,,0.0,2254,11.890834594000001,0.33671038503137923,Alive
38,35,9.3,61.20566,,,0.0,2255,12.818442529492003,0.3629772734191192,Alive
38,36,,0.0,,,0.0,2256,0.0,0.0,Dead
38,37,10.4,63.53788,,,0.0,2257,16.575461899904006,0.46936403952720174,Alive
38,38,9.4,61.42418,,,0.0,2258,13.136798496624003,0.37199209566920255,Alive
38,39,9.0,60.5423,,,0.0,2259,11.890834594000001,0.33671038503137923,Alive
38,40,9.6,61.0,43.0,,0.0,2260,13.5992788,0.38508805792384,Alive
38,41,10.6,63.94502,,,0.0,2261,17.319462624336,0.4904317592407977,Alive
38,42,9.4,61.42418,,,0.0,2262,13.136798496624003,0.37199209566920255,Alive
38,43,,0.0,,,0.0,2263,0.0,0.0,Dead
38,44,,0.0,,,0.0,2264,0.0,0.0,Dead
38,45,8.5,0.0,,2403.0,200.25,2265,0.0,0.0,Alive
38,46,8.3,58.94896,,,0.0,2266,9.884655373472004,0.27990180927953207,Alive
38,47,9.0,60.5423,,,0.0,2267,11.890834594000001,0.33671038503137923,Alive
38,48,7.5,57.05,,,0.0,2268,7.857058750000001,0.22248676121200003,Alive
38,49,9.6,61.85732,,,0.0,2269,13.787324054656,0.390412897790883,Alive
38,50,9.2,66.0,45.0,,0.0,2270,13.5147412,0.38269422361216,Alive
38,51,9.3,61.20566,,,0.0,2271,12.818442529492003,0.3629772734191192,Alive
38,52,6.9,55.57118,,,0.0,2272,6.516360433924001,0.18452247513533915,Alive
38,53,6.2,53.78674,,,0.0,2273,5.140288239728002,0.1455565140267299,Alive
38,54,9.5,61.6414,,,0.0,2274,13.459754513,0.3811371765937184,Alive
38,55,8.0,58.2466,,,0.0,2275,9.091612112000002,0.25744536185308164,Alive
38,56,9.5,61.6414,,,0.0,2276,13.459754513,0.3811371765937184,Alive
38,57,6.3,54.045559999999995,,,0.0,2277,5.324752497832,0.15077995153060916,Alive
38,58,10.8,64.34696,,,0.0,2278,18.082412006272,0.512036044299203,Alive
38,59,13.6,69.42812,,,0.0,2279,30.782081678976002,0.8716500504872277,Alive
38,60,9.5,66.0,49.0,3273.0,272.75,2280,14.39596,0.407647520128,Alive
39,1,8.1,58.48202,,,0.0,2281,9.351562690636001,0.2648063303982015,Alive
39,2,2.9,44.51638,,,0.0,2282,1.110520958804,0.031446399886261106,Alive
39,3,9.0,60.5423,,,0.0,2283,11.890834594000001,0.33671038503137923,Alive
39,4,11.2,65.13524000000001,,,0.0,2284,19.665433523328,0.5568621479933743,Alive
39,5,9.6,61.85732,,,0.0,2285,13.787324054656,0.390412897790883,Alive
39,6,,0.0,,,0.0,2286,0.0,0.0,Dead
39,7,9.5,61.6414,,,0.0,2287,13.459754513,0.3811371765937184,Alive
39,8,12.1,66.83282,,,0.0,2288,23.507773759356002,0.6656649279889321,Alive
39,9,,0.0,,,0.0,2289,0.0,0.0,Dead
39,10,,0.0,,,0.0,2290,0.0,0.0,Dead
39,11,,0.0,,,0.0,2291,0.0,0.0,Dead
39,12,2.3,42.67876,,,0.0,2292,0.7568241241519998,0.021430837358787348,Alive
39,13,9.9,62.49728,,,0.0,2293,14.797843022464003,0.41902756129850866,Alive
39,14,11.0,64.74369999999999,,,0.0,2294,18.864380725999997,0.5341788961419967,Alive
39,15,8.2,58.71614,,892.0,74.33333333333333,2295,9.615904343568001,0.27229164011594637,Alive
39,16,,0.0,,,0.0,2296,0.0,0.0,Dead
39,17,11.6,65.90272,,,0.0,2297,21.325020607616,0.6038563435417408,Alive
39,18,,0.0,,,0.0,2298,0.0,0.0,Dead
39,19,7.1,56.069320000000005,,,0.0,2299,6.946451522456002,0.1967012784710821,Alive
39,20,11.5,62.0,43.0,,0.0,2300,19.7343,0.55881222624,Alive
39,21,8.6,59.63962,,,0.0,2301,10.717542182576,0.3034864984755681,Alive
39,22,7.8,57.77186,,,0.0,2302,8.584809110512,0.24309432262054617,Alive
39,23,,0.0,,,0.0,2303,0.0,0.0,Dead
39,24,10.4,63.53788,,,0.0,2304,16.575461899904006,0.46936403952720174,Alive
39,25,,0.0,,,0.0,2305,0.0,0.0,Dead
39,26,12.6,67.73042,,,0.0,2306,25.811347920495997,0.7308947767951011,Alive
39,27,7.3,56.562259999999995,,,0.0,2307,7.393292748252,0.2093543920937022,Alive
39,28,8.8,60.09356,,,0.0,2308,11.295165781632003,0.3198429504053171,Alive
39,29,8.2,58.71614,,,0.0,2309,9.615904343568001,0.27229164011594637,Alive
39,30,6.0,49.0,40.0,1866.0,155.5,2310,4.417810000000001,0.12509824220800003,Alive
39,31,9.6,61.85732,,,0.0,2311,13.787324054656,0.390412897790883,Alive
39,32,9.4,61.42418,,,0.0,2312,13.136798496624003,0.37199209566920255,Alive
39,33,9.4,61.42418,,,0.0,2313,13.136798496624003,0.37199209566920255,Alive
39,34,7.9,58.00988,,,0.0,2314,8.836033933704002,0.25020820569390945,Alive
39,35,7.2,56.31644,,,0.0,2315,7.167767314048001,0.20296823347843443,Alive
39,36,9.7,62.07194,,,0.0,2316,14.119520226348,0.39981963034545104,Alive
39,37,11.0,64.74369999999999,,,0.0,2317,18.864380725999997,0.5341788961419967,Alive
39,38,,0.0,,,0.0,2318,0.0,0.0,Dead
39,39,,0.0,,,0.0,2319,0.0,0.0,Dead
39,40,8.8,65.0,37.0,,0.0,2320,12.199458000000002,0.3454496122944,Alive
39,41,10.4,63.53788,,,0.0,2321,16.575461899904006,0.46936403952720174,Alive
39,42,,0.0,,,0.0,2322,0.0,0.0,Dead
39,43,7.7,57.53254,,,0.0,2323,8.337918225908002,0.2361031628193917,Alive
39,44,10.8,64.34696,,,0.0,2324,18.082412006272,0.512036044299203,Alive
39,45,7.9,58.00988,,2790.0,232.5,2325,8.836033933704002,0.25020820569390945,Alive
39,46,,0.0,,,0.0,2326,0.0,0.0,Dead
39,47,8.4,59.18048,,,0.0,2327,10.157833711744003,0.2876373456487126,Alive
39,48,8.3,58.94896,,,0.0,2328,9.884655373472004,0.27990180927953207,Alive
39,49,10.8,64.34696,,,0.0,2329,18.082412006272,0.512036044299203,Alive
39,50,7.8,57.0,31.0,,0.0,2330,8.4730444,0.23992950366591997,Alive
39,51,8.5,59.410700000000006,,,0.0,2331,10.435456918500003,0.2954987464697809,Alive
39,52,9.0,60.5423,,,0.0,2332,11.890834594000001,0.33671038503137923,Alive
39,53,5.1,50.85392,,,0.0,2333,3.3675408928960002,0.09535798195595746,Alive
39,54,9.0,60.5423,,,0.0,2334,11.890834594000001,0.33671038503137923,Alive
39,55,9.5,61.6414,,,0.0,2335,13.459754513,0.3811371765937184,Alive
39,56,5.4,51.66938,,,0.0,2336,3.805386307504001,0.1077563629923293,Alive
39,57,12.2,67.01494,,,0.0,2337,23.958808733648,0.6784367951489636,Alive
39,58,9.6,61.85732,,,0.0,2338,13.787324054656,0.390412897790883,Alive
39,59,7.6,57.291920000000005,,,0.0,2339,8.095341492096,0.22923416596338403,Alive
39,60,6.0,55.0,48.0,3718.0,309.8333333333333,2340,4.931890000000001,0.13965534275200003,Alive
40,1,10.2,63.12554,,,0.0,2341,15.850333212208001,0.44883071550345155,Alive
40,2,11.5,65.7128,,,0.0,2342,20.902922364000002,0.5919038719969153,Alive
40,3,8.3,58.94896,,,0.0,2343,9.884655373472004,0.27990180927953207,Alive
40,4,,0.0,,,0.0,2344,0.0,0.0,Dead
40,5,11.5,65.7128,,,0.0,2345,20.902922364000002,0.5919038719969153,Alive
40,6,10.7,64.14664,,,0.0,2346,17.698564176368,0.5011667020693773,Alive
40,7,,0.0,,,0.0,2347,0.0,0.0,Dead
40,8,9.4,61.42418,,,0.0,2348,13.136798496624003,0.37199209566920255,Alive
40,9,9.5,61.6414,,,0.0,2349,13.459754513,0.3811371765937184,Alive
40,10,7.1,56.0,40.0,,0.0,2350,6.938134800000001,0.19646577550464003,Alive
40,11,3.6,46.60112,,,0.0,2351,1.6568922261760002,0.04691788579018056,Alive
40,12,12.7,67.90603999999999,,,0.0,2352,26.286595156007998,0.7443522577136472,Alive
40,13,,0.0,,,0.0,2353,0.0,0.0,Dead
40,14,11.2,65.13524000000001,,,0.0,2354,19.665433523328,0.5568621479933743,Alive
40,15,,0.0,,833.0,69.41666666666667,2355,0.0,0.0,Dead
40,16,8.2,58.71614,,,0.0,2356,9.615904343568001,0.27229164011594637,Alive
40,17,9.2,60.98584,,,0.0,2357,12.504672764288,0.3540923177317904,Alive
40,18,10.7,64.14664,,,0.0,2358,17.698564176368,0.5011667020693773,Alive
40,19,13.6,69.42812,,,0.0,2359,30.782081678976002,0.8716500504872277,Alive
40,20,,0.0,,,0.0,2360,0.0,0.0,Dead
40,21,,0.0,,,0.0,2361,0.0,0.0,Dead
40,22,5.6,52.20652,,,0.0,2362,4.116017591935999,0.1165524469473333,Alive
40,23,11.6,65.90272,,,0.0,2363,21.325020607616,0.6038563435417408,Alive
40,24,8.8,60.09356,,,0.0,2364,11.295165781632003,0.3198429504053171,Alive
40,25,9.9,62.49728,,,0.0,2365,14.797843022464003,0.41902756129850866,Alive
40,26,9.7,62.07194,,,0.0,2366,14.119520226348,0.39981963034545104,Alive
40,27,,0.0,,,0.0,2367,0.0,0.0,Dead
40,28,10.7,64.14664,,,0.0,2368,17.698564176368,0.5011667020693773,Alive
40,29,9.5,61.6414,,,0.0,2369,13.459754513,0.3811371765937184,Alive
40,30,,0.0,,1817.0,151.41666666666666,2370,0.0,0.0,Dead
40,31,10.1,62.91742000000001,,,0.0,2371,15.494820313796001,0.4387637278616986,Alive
40,32,7.2,56.31644,,,0.0,2372,7.167767314048001,0.20296823347843443,Alive
40,33,10.2,63.12554,,,0.0,2373,15.850333212208001,0.44883071550345155,Alive
40,34,9.4,61.42418,,,0.0,2374,13.136798496624003,0.37199209566920255,Alive
40,35,7.4,56.80678,,,0.0,2375,7.623049469264002,0.21586036721125487,Alive
40,36,9.2,60.98584,,,0.0,2376,12.504672764288,0.3540923177317904,Alive
40,37,6.2,53.78674,,,0.0,2377,5.140288239728002,0.1455565140267299,Alive
40,38,5.5,51.9386,,,0.0,2378,3.9588095070000002,0.1121008170478176,Alive
40,39,7.5,57.05,,,0.0,2379,7.857058750000001,0.22248676121200003,Alive
40,40,9.4,65.0,44.0,,0.0,2380,13.888782000000003,0.3932858621376001,Alive
40,41,8.9,60.31858,,,0.0,2381,11.590736637884003,0.32821257122763375,Alive
40,42,11.4,65.52158,,,0.0,2382,20.485629197584004,0.5800874648621467,Alive
40,43,8.8,60.09356,,,0.0,2383,11.295165781632003,0.3198429504053171,Alive
40,44,,0.0,,,0.0,2384,0.0,0.0,Dead
40,45,11.6,65.90272,,2869.0,239.08333333333334,2385,21.325020607616,0.6038563435417408,Alive
40,46,8.8,60.09356,,,0.0,2386,11.295165781632003,0.3198429504053171,Alive
40,47,9.9,62.49728,,,0.0,2387,14.797843022464003,0.41902756129850866,Alive
40,48,5.0,50.5795,,,0.0,2388,3.22897025,0.0914341047752,Alive
40,49,9.8,62.28526,,,0.0,2389,14.456355761552004,0.4093577348287158,Alive
40,50,,0.0,,,0.0,2390,0.0,0.0,Dead
40,51,10.9,64.54598,,,0.0,2391,18.471014763444,0.523040030853491,Alive
40,52,9.0,60.5423,,,0.0,2392,11.890834594000001,0.33671038503137923,Alive
40,53,10.9,64.54598,,,0.0,2393,18.471014763444,0.523040030853491,Alive
40,54,,0.0,,,0.0,2394,0.0,0.0,Dead
40,55,8.8,60.09356,,,0.0,2395,11.295165781632003,0.3198429504053171,Alive
40,56,9.8,62.28526,,,0.0,2396,14.456355761552004,0.4093577348287158,Alive
40,57,,0.0,,,0.0,2397,0.0,0.0,Dead
40,58,9.1,60.76472,,,0.0,2398,12.195474982415998,0.3453368259820773,Alive
40,59,8.3,58.94896,,,0.0,2399,9.884655373472004,0.27990180927953207,Alive
40,60,7.5,46.0,33.0,3793.0,316.0833333333333,2400,6.377740000000001,0.18059718803200003,Alive
41,1,,0.0,,,0.0,2401,0.0,0.0,Dead
41,2,8.9,60.31858,,,0.0,2402,11.590736637884003,0.32821257122763375,Alive
41,3,11.1,64.94012000000001,,,0.0,2403,19.262517800776003,0.5454528640610139,Alive
41,4,,0.0,,,0.0,2404,0.0,0.0,Dead
41,5,13.0,68.4251,,,0.0,2405,27.741433722000004,0.7855486304191297,Alive
41,6,11.6,65.90272,,,0.0,2406,21.325020607616,0.6038563435417408,Alive
41,7,7.4,56.80678,,,0.0,2407,7.623049469264002,0.21586036721125487,Alive
41,8,,0.0,,,0.0,2408,0.0,0.0,Dead
41,9,11.5,65.7128,,,0.0,2409,20.902922364000002,0.5919038719969153,Alive
41,10,,0.0,,,0.0,2410,0.0,0.0,Dead
41,11,9.0,60.5423,,,0.0,2411,11.890834594000001,0.33671038503137923,Alive
41,12,7.2,56.31644,,,0.0,2412,7.167767314048001,0.20296823347843443,Alive
41,13,7.7,57.53254,,,0.0,2413,8.337918225908002,0.2361031628193917,Alive
41,14,5.5,51.9386,,,0.0,2414,3.9588095070000002,0.1121008170478176,Alive
41,15,,0.0,,258.0,21.5,2415,0.0,0.0,Dead
41,16,7.3,56.562259999999995,,,0.0,2416,7.393292748252,0.2093543920937022,Alive
41,17,9.7,62.07194,,,0.0,2417,14.119520226348,0.39981963034545104,Alive
41,18,6.1,53.52662,,,0.0,2418,4.959796761876,0.14044557294669033,Alive
41,19,10.5,63.74209999999999,,,0.0,2419,16.945098329500002,0.47983096037678563,Alive
41,20,,0.0,,,0.0,2420,0.0,0.0,Dead
41,21,8.5,59.410700000000006,,,0.0,2421,10.435456918500003,0.2954987464697809,Alive
41,22,,0.0,,,0.0,2422,0.0,0.0,Dead
41,23,10.6,63.94502,,,0.0,2423,17.319462624336,0.4904317592407977,Alive
41,24,,0.0,,,0.0,2424,0.0,0.0,Dead
41,25,,0.0,,,0.0,2425,0.0,0.0,Dead
41,26,11.2,65.13524000000001,,,0.0,2426,19.665433523328,0.5568621479933743,Alive
41,27,8.7,59.867239999999995,,,0.0,2427,11.004106321527997,0.311601077885444,Alive
41,28,8.6,59.63962,,,0.0,2428,10.717542182576,0.3034864984755681,Alive
41,29,11.2,65.13524000000001,,,0.0,2429,19.665433523328,0.5568621479933743,Alive
41,30,,0.0,,1194.0,99.5,2430,0.0,0.0,Dead
41,31,,0.0,,,0.0,2431,0.0,0.0,Dead
41,32,8.4,59.18048,,,0.0,2432,10.157833711744003,0.2876373456487126,Alive
41,33,7.9,58.00988,,,0.0,2433,8.836033933704002,0.25020820569390945,Alive
41,34,,0.0,,,0.0,2434,0.0,0.0,Dead
41,35,10.6,63.94502,,,0.0,2435,17.319462624336,0.4904317592407977,Alive
41,36,6.9,55.57118,,,0.0,2436,6.516360433924001,0.18452247513533915,Alive
41,37,10.3,63.33236,,,0.0,2437,16.210543572312005,0.4590307202284446,Alive
41,38,6.7,55.06784,,,0.0,2438,6.102838903488001,0.17281286866228904,Alive
41,39,10.3,63.33236,,,0.0,2439,16.210543572312005,0.4590307202284446,Alive
41,40,5.9,53.0,45.0,,0.0,2440,4.610423400000001,0.13055243733312002,Alive
41,41,8.2,58.71614,,,0.0,2441,9.615904343568001,0.27229164011594637,Alive
41,42,7.5,57.05,,,0.0,2442,7.857058750000001,0.22248676121200003,Alive
41,43,8.7,59.867239999999995,,,0.0,2443,11.004106321527997,0.311601077885444,Alive
41,44,10.0,62.708,,,0.0,2444,15.143994000000001,0.4288294492992,Alive
41,45,10.0,62.708,,2046.0,170.5,2445,15.143994000000001,0.4288294492992,Alive
41,46,,0.0,,,0.0,2446,0.0,0.0,Dead
41,47,9.0,60.5423,,,0.0,2447,11.890834594000001,0.33671038503137923,Alive
41,48,8.2,58.71614,,,0.0,2448,9.615904343568001,0.27229164011594637,Alive
41,49,9.5,61.6414,,,0.0,2449,13.459754513,0.3811371765937184,Alive
41,50,,0.0,,,0.0,2450,0.0,0.0,Dead
41,51,7.8,57.77186,,,0.0,2451,8.584809110512,0.24309432262054617,Alive
41,52,10.9,64.54598,,,0.0,2452,18.471014763444,0.523040030853491,Alive
41,53,9.6,61.85732,,,0.0,2453,13.787324054656,0.390412897790883,Alive
41,54,,0.0,,,0.0,2454,0.0,0.0,Dead
41,55,11.4,65.52158,,,0.0,2455,20.485629197584004,0.5800874648621467,Alive
41,56,6.9,55.57118,,,0.0,2456,6.516360433924001,0.18452247513533915,Alive
41,57,9.1,60.76472,,,0.0,2457,12.195474982415998,0.3453368259820773,Alive
41,58,9.9,62.49728,,,0.0,2458,14.797843022464003,0.41902756129850866,Alive
41,59,,0.0,,,0.0,2459,0.0,0.0,Dead
41,60,9.0,61.0,34.0,2922.0,243.5,2460,0.0,0.0,Alive
42,1,12.0,66.6494,,,0.0,2461,23.061572368000004,0.6530299324301825,Alive
42,2,11.0,64.74369999999999,,,0.0,2462,18.864380725999997,0.5341788961419967,Alive
42,3,,0.0,,,0.0,2463,0.0,0.0,Dead
42,4,11.9,66.46468,,,0.0,2464,22.620200736824003,0.6405317002244979,Alive
42,5,,0.0,,,0.0,2465,0.0,0.0,Dead
42,6,11.2,65.13524000000001,,,0.0,2466,19.665433523328,0.5568621479933743,Alive
42,7,,0.0,,,0.0,2467,0.0,0.0,Dead
42,8,11.1,64.94012000000001,,,0.0,2468,19.262517800776003,0.5454528640610139,Alive
42,9,,0.0,,,0.0,2469,0.0,0.0,Dead
42,10,10.5,64.0,48.0,,0.0,2470,17.012770000000003,0.4817472055360001,Alive
42,11,9.4,61.42418,,,0.0,2471,13.136798496624003,0.37199209566920255,Alive
42,12,10.9,64.54598,,,0.0,2472,18.471014763444,0.523040030853491,Alive
42,13,,0.0,,,0.0,2473,0.0,0.0,Dead
42,14,,0.0,,,0.0,2474,0.0,0.0,Dead
42,15,11.1,64.94012000000001,,821.0,68.41666666666667,2475,19.262517800776003,0.5454528640610139,Alive
42,16,10.7,64.14664,,,0.0,2476,17.698564176368,0.5011667020693773,Alive
42,17,9.7,62.07194,,,0.0,2477,14.119520226348,0.39981963034545104,Alive
42,18,,0.0,,,0.0,2478,0.0,0.0,Dead
42,19,10.9,64.54598,,,0.0,2479,18.471014763444,0.523040030853491,Alive
42,20,9.2,64.0,37.0,,0.0,2480,13.1118548,0.37128577000064,Alive
42,21,11.2,65.13524000000001,,,0.0,2481,19.665433523328,0.5568621479933743,Alive
42,22,10.4,63.53788,,,0.0,2482,16.575461899904006,0.46936403952720174,Alive
42,23,,0.0,,,0.0,2483,0.0,0.0,Dead
42,24,8.8,60.09356,,,0.0,2484,11.295165781632003,0.3198429504053171,Alive
42,25,11.4,65.52158,,,0.0,2485,20.485629197584004,0.5800874648621467,Alive
42,26,9.7,62.07194,,,0.0,2486,14.119520226348,0.39981963034545104,Alive
42,27,,0.0,,,0.0,2487,0.0,0.0,Dead
42,28,10.0,62.708,,,0.0,2488,15.143994000000001,0.4288294492992,Alive
42,29,,0.0,,,0.0,2489,0.0,0.0,Dead
42,30,11.5,63.0,45.0,1709.0,142.41666666666666,2490,20.049055,0.567725080624,Alive
42,31,9.4,61.42418,,,0.0,2491,13.136798496624003,0.37199209566920255,Alive
42,32,5.3,51.39886,,,0.0,2492,3.655719666212,0.10351828264419197,Alive
42,33,7.3,56.562259999999995,,,0.0,2493,7.393292748252,0.2093543920937022,Alive
42,34,6.4,54.30308,,,0.0,2494,5.513214893184002,0.15611660348731274,Alive
42,35,6.9,55.57118,,,0.0,2495,6.516360433924001,0.18452247513533915,Alive
42,36,11.4,65.52158,,,0.0,2496,20.485629197584004,0.5800874648621467,Alive
42,37,7.6,57.291920000000005,,,0.0,2497,8.095341492096,0.22923416596338403,Alive
42,38,9.0,60.5423,,,0.0,2498,11.890834594000001,0.33671038503137923,Alive
42,39,,0.0,,,0.0,2499,0.0,0.0,Dead
42,40,11.8,66.0,43.0,,0.0,2500,22.091309200000005,0.6255551843545601,Alive
42,41,7.2,56.31644,,,0.0,2501,7.167767314048001,0.20296823347843443,Alive
42,42,9.3,61.20566,,,0.0,2502,12.818442529492003,0.3629772734191192,Alive
42,43,10.4,63.53788,,,0.0,2503,16.575461899904006,0.46936403952720174,Alive
42,44,7.4,56.80678,,,0.0,2504,7.623049469264002,0.21586036721125487,Alive
42,45,9.6,61.85732,,2705.0,225.41666666666666,2505,13.787324054656,0.390412897790883,Alive
42,46,11.3,65.32906,,,0.0,2506,20.073135057932003,0.5684069508084489,Alive
42,47,9.4,61.42418,,,0.0,2507,13.136798496624003,0.37199209566920255,Alive
42,48,3.7,46.89374,,,0.0,2508,1.7473912154280002,0.049480527569031596,Alive
42,49,9.0,60.5423,,,0.0,2509,11.890834594000001,0.33671038503137923,Alive
42,50,3.7,62.0,40.0,,0.0,2510,2.2395864000000003,0.06341792017152001,Alive
42,51,,0.0,,,0.0,2511,0.0,0.0,Dead
42,52,7.1,56.069320000000005,,,0.0,2512,6.946451522456002,0.1967012784710821,Alive
42,53,6.4,54.30308,,,0.0,2513,5.513214893184002,0.15611660348731274,Alive
42,54,,0.0,,,0.0,2514,0.0,0.0,Dead
42,55,,0.0,,,0.0,2515,0.0,0.0,Dead
42,56,9.5,61.6414,,,0.0,2516,13.459754513,0.3811371765937184,Alive
42,57,,0.0,,,0.0,2517,0.0,0.0,Dead
42,58,,0.0,,,0.0,2518,0.0,0.0,Dead
42,59,,0.0,,,0.0,2519,0.0,0.0,Dead
42,60,5.5,53.0,34.0,3468.0,289.0,2520,4.0352250000000005,0.11426465928000001,Alive
43,1,12.3,67.19576,,,0.0,2521,24.414680742352008,0.6913456316450334,Alive
43,2,11.0,64.74369999999999,,,0.0,2522,18.864380725999997,0.5341788961419967,Alive
43,3,,0.0,,,0.0,2523,0.0,0.0,Dead
43,4,11.1,64.94012000000001,,,0.0,2524,19.262517800776003,0.5454528640610139,Alive
43,5,,0.0,,,0.0,2525,0.0,0.0,Dead
43,6,9.8,62.28526,,,0.0,2526,14.456355761552004,0.4093577348287158,Alive
43,7,,0.0,,,0.0,2527,0.0,0.0,Dead
43,8,11.4,65.52158,,,0.0,2528,20.485629197584004,0.5800874648621467,Alive
43,9,5.5,51.9386,,,0.0,2529,3.9588095070000002,0.1121008170478176,Alive
43,10,,0.0,,,0.0,2530,0.0,0.0,Dead
43,11,10.7,64.14664,,,0.0,2531,17.698564176368,0.5011667020693773,Alive
43,12,,0.0,,,0.0,2532,0.0,0.0,Dead
43,13,10.8,64.34696,,,0.0,2533,18.082412006272,0.512036044299203,Alive
43,14,7.3,56.562259999999995,,,0.0,2534,7.393292748252,0.2093543920937022,Alive
43,15,6.7,55.06784,,816.0,68.0,2535,6.102838903488001,0.17281286866228904,Alive
43,16,,0.0,,,0.0,2536,0.0,0.0,Dead
43,17,7.2,56.31644,,,0.0,2537,7.167767314048001,0.20296823347843443,Alive
43,18,9.8,62.28526,,,0.0,2538,14.456355761552004,0.4093577348287158,Alive
43,19,9.4,61.42418,,,0.0,2539,13.136798496624003,0.37199209566920255,Alive
43,20,7.3,62.0,48.0,,0.0,2540,8.0829624,0.22888362968832,Alive
43,21,9.4,61.42418,,,0.0,2541,13.136798496624003,0.37199209566920255,Alive
43,22,,0.0,,,0.0,2542,0.0,0.0,Dead
43,23,9.9,62.49728,,,0.0,2543,14.797843022464003,0.41902756129850866,Alive
43,24,,0.0,,,0.0,2544,0.0,0.0,Dead
43,25,7.1,56.069320000000005,,,0.0,2545,6.946451522456002,0.1967012784710821,Alive
43,26,5.9,53.002480000000006,,,0.0,2546,4.610628862544002,0.130558255374886,Alive
43,27,8.7,59.867239999999995,,,0.0,2547,11.004106321527997,0.311601077885444,Alive
43,28,10.7,64.14664,,,0.0,2548,17.698564176368,0.5011667020693773,Alive
43,29,5.9,53.002480000000006,,,0.0,2549,4.610628862544002,0.130558255374886,Alive
43,30,9.6,65.0,31.0,1668.0,139.0,2550,14.476642,0.4099321761856,Alive
43,31,8.9,60.31858,,,0.0,2551,11.590736637884003,0.32821257122763375,Alive
43,32,9.1,60.76472,,,0.0,2552,12.195474982415998,0.3453368259820773,Alive
43,33,,0.0,,,0.0,2553,0.0,0.0,Dead
43,34,8.8,60.09356,,,0.0,2554,11.295165781632003,0.3198429504053171,Alive
43,35,4.6,49.46882,,,0.0,2555,2.710779350256,0.0767605967053291,Alive
43,36,9.7,62.07194,,,0.0,2556,14.119520226348,0.39981963034545104,Alive
43,37,5.6,52.20652,,,0.0,2557,4.116017591935999,0.1165524469473333,Alive
43,38,7.1,56.069320000000005,,,0.0,2558,6.946451522456002,0.1967012784710821,Alive
43,39,,0.0,,,0.0,2559,0.0,0.0,Dead
43,40,13.1,68.0,41.0,,0.0,2560,27.9928524,0.79266800284032,Alive
43,41,5.4,51.66938,,,0.0,2561,3.805386307504001,0.1077563629923293,Alive
43,42,,0.0,,,0.0,2562,0.0,0.0,Dead
43,43,10.5,63.74209999999999,,,0.0,2563,16.945098329500002,0.47983096037678563,Alive
43,44,7.4,56.80678,,,0.0,2564,7.623049469264002,0.21586036721125487,Alive
43,45,,0.0,,2568.0,214.0,2565,0.0,0.0,Dead
43,46,8.2,58.71614,,,0.0,2566,9.615904343568001,0.27229164011594637,Alive
43,47,10.7,64.14664,,,0.0,2567,17.698564176368,0.5011667020693773,Alive
43,48,5.6,52.20652,,,0.0,2568,4.116017591935999,0.1165524469473333,Alive
43,49,6.8,55.32016,,,0.0,2569,6.307539992192001,0.17860934845090246,Alive
43,50,7.1,59.0,42.0,,0.0,2570,7.298062200000001,0.20665776770496003,Alive
43,51,6.1,53.52662,,,0.0,2571,4.959796761876,0.14044557294669033,Alive
43,52,,0.0,,,0.0,2572,0.0,0.0,Dead
43,53,6.9,55.57118,,,0.0,2573,6.516360433924001,0.18452247513533915,Alive
43,54,10.1,62.91742000000001,,,0.0,2574,15.494820313796001,0.4387637278616986,Alive
43,55,8.5,59.410700000000006,,,0.0,2575,10.435456918500003,0.2954987464697809,Alive
43,56,5.3,51.39886,,,0.0,2576,3.655719666212,0.10351828264419197,Alive
43,57,,0.0,,,0.0,2577,0.0,0.0,Dead
43,58,7.2,56.31644,,,0.0,2578,7.167767314048001,0.20296823347843443,Alive
43,59,7.9,58.00988,,,0.0,2579,8.836033933704002,0.25020820569390945,Alive
43,60,8.0,63.0,43.0,3430.0,285.8333333333333,2580,9.815650000000002,0.27794779792,Alive
44,1,12.0,66.6494,,,0.0,2581,23.061572368000004,0.6530299324301825,Alive
44,2,10.0,62.708,,,0.0,2582,15.143994000000001,0.4288294492992,Alive
44,3,4.0,47.7638,,,0.0,2583,2.0383355040000004,0.05771913879966721,Alive
44,4,10.8,64.34696,,,0.0,2584,18.082412006272,0.512036044299203,Alive
44,5,7.5,57.05,,,0.0,2585,7.857058750000001,0.22248676121200003,Alive
44,6,8.0,58.2466,,,0.0,2586,9.091612112000002,0.25744536185308164,Alive
44,7,11.2,65.13524000000001,,,0.0,2587,19.665433523328,0.5568621479933743,Alive
44,8,6.9,55.57118,,,0.0,2588,6.516360433924001,0.18452247513533915,Alive
44,9,10.7,64.14664,,,0.0,2589,17.698564176368,0.5011667020693773,Alive
44,10,6.5,59.0,47.0,,0.0,2590,6.152235000000001,0.17421160804800004,Alive
44,11,7.4,56.80678,,,0.0,2591,7.623049469264002,0.21586036721125487,Alive
44,12,7.7,57.53254,,,0.0,2592,8.337918225908002,0.2361031628193917,Alive
44,13,5.6,52.20652,,,0.0,2593,4.116017591935999,0.1165524469473333,Alive
44,14,5.9,53.002480000000006,,,0.0,2594,4.610628862544002,0.130558255374886,Alive
44,15,7.0,55.8209,,710.0,59.166666666666664,2595,6.729323358,0.19055290366381442,Alive
44,16,8.8,60.09356,,,0.0,2596,11.295165781632003,0.3198429504053171,Alive
44,17,9.8,62.28526,,,0.0,2597,14.456355761552004,0.4093577348287158,Alive
44,18,,0.0,,,0.0,2598,0.0,0.0,Dead
44,19,,0.0,,,0.0,2599,0.0,0.0,Dead
44,20,9.7,62.0,43.0,,0.0,2600,14.1034104,0.39936345161472,Alive
44,21,10.2,63.12554,,,0.0,2601,15.850333212208001,0.44883071550345155,Alive
44,22,7.8,57.77186,,,0.0,2602,8.584809110512,0.24309432262054617,Alive
44,23,10.7,64.14664,,,0.0,2603,17.698564176368,0.5011667020693773,Alive
44,24,9.6,61.85732,,,0.0,2604,13.787324054656,0.390412897790883,Alive
44,25,8.2,58.71614,,,0.0,2605,9.615904343568001,0.27229164011594637,Alive
44,26,7.3,56.562259999999995,,,0.0,2606,7.393292748252,0.2093543920937022,Alive
44,27,9.2,60.98584,,,0.0,2607,12.504672764288,0.3540923177317904,Alive
44,28,6.9,55.57118,,,0.0,2608,6.516360433924001,0.18452247513533915,Alive
44,29,8.7,59.867239999999995,,,0.0,2609,11.004106321527997,0.311601077885444,Alive
44,30,6.3,58.0,42.0,1610.0,134.16666666666666,2610,5.6982976,0.16135755347968,Alive
44,31,6.4,54.30308,,,0.0,2611,5.513214893184002,0.15611660348731274,Alive
44,32,9.2,60.98584,,,0.0,2612,12.504672764288,0.3540923177317904,Alive
44,33,6.2,53.78674,,,0.0,2613,5.140288239728002,0.1455565140267299,Alive
44,34,8.3,58.94896,,,0.0,2614,9.884655373472004,0.27990180927953207,Alive
44,35,9.2,60.98584,,,0.0,2615,12.504672764288,0.3540923177317904,Alive
44,36,6.4,54.30308,,,0.0,2616,5.513214893184002,0.15611660348731274,Alive
44,37,9.9,62.49728,,,0.0,2617,14.797843022464003,0.41902756129850866,Alive
44,38,7.6,57.291920000000005,,,0.0,2618,8.095341492096,0.22923416596338403,Alive
44,39,,0.0,,,0.0,2619,0.0,0.0,Dead
44,40,9.5,68.0,45.0,,0.0,2620,14.825550000000002,0.41981213424,Alive
44,41,6.8,55.32016,,,0.0,2621,6.307539992192001,0.17860934845090246,Alive
44,42,9.0,60.5423,,,0.0,2622,11.890834594000001,0.33671038503137923,Alive
44,43,8.3,58.94896,,,0.0,2623,9.884655373472004,0.27990180927953207,Alive
44,44,7.9,58.00988,,,0.0,2624,8.836033933704002,0.25020820569390945,Alive
44,45,8.8,60.09356,,2534.0,211.16666666666666,2625,11.295165781632003,0.3198429504053171,Alive
44,46,7.7,57.53254,,,0.0,2626,8.337918225908002,0.2361031628193917,Alive
44,47,9.7,62.07194,,,0.0,2627,14.119520226348,0.39981963034545104,Alive
44,48,6.4,54.30308,,,0.0,2628,5.513214893184002,0.15611660348731274,Alive
44,49,8.7,59.867239999999995,,,0.0,2629,11.004106321527997,0.311601077885444,Alive
44,50,9.8,65.0,37.0,,0.0,2630,15.076878000000004,0.4269289389504001,Alive
44,51,7.0,55.8209,,,0.0,2631,6.729323358,0.19055290366381442,Alive
44,52,6.1,53.52662,,,0.0,2632,4.959796761876,0.14044557294669033,Alive
44,53,7.5,57.05,,,0.0,2633,7.857058750000001,0.22248676121200003,Alive
44,54,10.5,63.74209999999999,,,0.0,2634,16.945098329500002,0.47983096037678563,Alive
44,55,8.0,58.2466,,,0.0,2635,9.091612112000002,0.25744536185308164,Alive
44,56,9.4,61.42418,,,0.0,2636,13.136798496624003,0.37199209566920255,Alive
44,57,6.7,55.06784,,,0.0,2637,6.102838903488001,0.17281286866228904,Alive
44,58,9.3,61.20566,,,0.0,2638,12.818442529492003,0.3629772734191192,Alive
44,59,8.3,58.94896,,,0.0,2639,9.884655373472004,0.27990180927953207,Alive
44,60,8.8,60.0,41.0,3518.0,293.1666666666667,2640,11.277922000000002,0.31935466168960003,Alive
45,1,10.5,63.74209999999999,,,0.0,2641,16.945098329500002,0.47983096037678563,Alive
45,2,9.8,62.28526,,,0.0,2642,14.456355761552004,0.4093577348287158,Alive
45,3,9.2,60.98584,,,0.0,2643,12.504672764288,0.3540923177317904,Alive
45,4,9.4,61.42418,,,0.0,2644,13.136798496624003,0.37199209566920255,Alive
45,5,11.0,64.74369999999999,,,0.0,2645,18.864380725999997,0.5341788961419967,Alive
45,6,10.2,63.12554,,,0.0,2646,15.850333212208001,0.44883071550345155,Alive
45,7,4.5,49.1879,,,0.0,2647,2.5901008405,0.0733433674802704,Alive
45,8,9.6,61.85732,,,0.0,2648,13.787324054656,0.390412897790883,Alive
45,9,8.4,59.18048,,,0.0,2649,10.157833711744003,0.2876373456487126,Alive
45,10,11.0,68.0,44.0,,0.0,2650,19.802130000000002,0.5607329547840001,Alive
45,11,7.7,57.53254,,,0.0,2651,8.337918225908002,0.2361031628193917,Alive
45,12,,0.0,,,0.0,2652,0.0,0.0,Dead
45,13,8.2,58.71614,,,0.0,2653,9.615904343568001,0.27229164011594637,Alive
45,14,,0.0,,,0.0,2654,0.0,0.0,Dead
45,15,9.0,60.5423,,886.0,73.83333333333333,2655,11.890834594000001,0.33671038503137923,Alive
45,16,10.9,64.54598,,,0.0,2656,18.471014763444,0.523040030853491,Alive
45,17,7.6,57.291920000000005,,,0.0,2657,8.095341492096,0.22923416596338403,Alive
45,18,8.5,59.410700000000006,,,0.0,2658,10.435456918500003,0.2954987464697809,Alive
45,19,9.2,60.98584,,,0.0,2659,12.504672764288,0.3540923177317904,Alive
45,20,5.8,52.0,37.0,,0.0,2660,4.382776400000001,0.12410620276352002,Alive
45,21,7.6,57.291920000000005,,,0.0,2661,8.095341492096,0.22923416596338403,Alive
45,22,8.7,59.867239999999995,,,0.0,2662,11.004106321527997,0.311601077885444,Alive
45,23,8.2,58.71614,,,0.0,2663,9.615904343568001,0.27229164011594637,Alive
45,24,8.0,58.2466,,,0.0,2664,9.091612112000002,0.25744536185308164,Alive
45,25,8.0,58.2466,,,0.0,2665,9.091612112000002,0.25744536185308164,Alive
45,26,10.2,63.12554,,,0.0,2666,15.850333212208001,0.44883071550345155,Alive
45,27,5.3,51.39886,,,0.0,2667,3.655719666212,0.10351828264419197,Alive
45,28,7.2,56.31644,,,0.0,2668,7.167767314048001,0.20296823347843443,Alive
45,29,10.1,62.91742000000001,,,0.0,2669,15.494820313796001,0.4387637278616986,Alive
45,30,10.8,65.0,51.0,1702.0,141.83333333333334,2670,18.263698000000005,0.5171694835264001,Alive
45,31,5.9,53.002480000000006,,,0.0,2671,4.610628862544002,0.130558255374886,Alive
45,32,7.9,58.00988,,,0.0,2672,8.836033933704002,0.25020820569390945,Alive
45,33,8.0,58.2466,,,0.0,2673,9.091612112000002,0.25744536185308164,Alive
45,34,7.9,58.00988,,,0.0,2674,8.836033933704002,0.25020820569390945,Alive
45,35,8.5,59.410700000000006,,,0.0,2675,10.435456918500003,0.2954987464697809,Alive
45,36,10.4,63.53788,,,0.0,2676,16.575461899904006,0.46936403952720174,Alive
45,37,,0.0,,,0.0,2677,0.0,0.0,Dead
45,38,9.1,60.76472,,,0.0,2678,12.195474982415998,0.3453368259820773,Alive
45,39,7.5,57.05,,,0.0,2679,7.857058750000001,0.22248676121200003,Alive
45,40,9.0,60.0,45.0,,0.0,2680,11.786290000000001,0.33375001667200005,Alive
45,41,8.0,58.2466,,,0.0,2681,9.091612112000002,0.25744536185308164,Alive
45,42,11.0,64.74369999999999,,,0.0,2682,18.864380725999997,0.5341788961419967,Alive
45,43,4.9,50.30378,,,0.0,2683,3.094039143564001,0.0876132876204731,Alive
45,44,10.7,64.14664,,,0.0,2684,17.698564176368,0.5011667020693773,Alive
45,45,8.2,58.71614,,2566.0,213.83333333333334,2685,9.615904343568001,0.27229164011594637,Alive
45,46,11.8,66.27866,,,0.0,2686,22.183654671792006,0.6281701126101998,Alive
45,47,,0.0,,,0.0,2687,0.0,0.0,Dead
45,48,7.5,57.05,,,0.0,2688,7.857058750000001,0.22248676121200003,Alive
45,49,8.9,60.31858,,,0.0,2689,11.590736637884003,0.32821257122763375,Alive
45,50,7.9,60.0,46.0,,0.0,2690,9.131638000000002,0.25857876691840004,Alive
45,51,7.7,57.53254,,,0.0,2691,8.337918225908002,0.2361031628193917,Alive
45,52,6.6,54.814220000000006,,,0.0,2692,5.9022336672160005,0.16713237030782205,Alive
45,53,10.6,63.94502,,,0.0,2693,17.319462624336,0.4904317592407977,Alive
45,54,9.8,62.28526,,,0.0,2694,14.456355761552004,0.4093577348287158,Alive
45,55,8.9,60.31858,,,0.0,2695,11.590736637884003,0.32821257122763375,Alive
45,56,9.8,62.28526,,,0.0,2696,14.456355761552004,0.4093577348287158,Alive
45,57,9.0,60.5423,,,0.0,2697,11.890834594000001,0.33671038503137923,Alive
45,58,6.0,53.2652,,,0.0,2698,4.783252336,0.13544639974804482,Alive
45,59,9.1,60.76472,,,0.0,2699,12.195474982415998,0.3453368259820773,Alive
45,60,5.6,51.0,45.0,3438.0,286.5,2700,4.0259668,0.11400249668224,Alive
46,1,,0.0,,,0.0,2701,0.0,0.0,Dead
46,2,10.6,63.94502,,,0.0,2702,17.319462624336,0.4904317592407977,Alive
46,3,11.3,65.32906,,,0.0,2703,20.073135057932003,0.5684069508084489,Alive
46,4,10.7,64.14664,,,0.0,2704,17.698564176368,0.5011667020693773,Alive
46,5,5.3,51.39886,,,0.0,2705,3.655719666212,0.10351828264419197,Alive
46,6,10.1,62.91742000000001,,,0.0,2706,15.494820313796001,0.4387637278616986,Alive
46,7,10.3,63.33236,,,0.0,2707,16.210543572312005,0.4590307202284446,Alive
46,8,9.4,61.42418,,,0.0,2708,13.136798496624003,0.37199209566920255,Alive
46,9,9.6,61.85732,,,0.0,2709,13.787324054656,0.390412897790883,Alive
46,10,,0.0,,,0.0,2710,0.0,0.0,Dead
46,11,11.2,65.13524000000001,,,0.0,2711,19.665433523328,0.5568621479933743,Alive
46,12,,0.0,,,0.0,2712,0.0,0.0,Dead
46,13,,0.0,,,0.0,2713,0.0,0.0,Dead
46,14,9.3,61.20566,,,0.0,2714,12.818442529492003,0.3629772734191192,Alive
46,15,10.8,64.34696,,842.0,70.16666666666667,2715,18.082412006272,0.512036044299203,Alive
46,16,,0.0,,,0.0,2716,0.0,0.0,Dead
46,17,6.4,54.30308,,,0.0,2717,5.513214893184002,0.15611660348731274,Alive
46,18,7.8,57.77186,,,0.0,2718,8.584809110512,0.24309432262054617,Alive
46,19,7.5,57.05,,,0.0,2719,7.857058750000001,0.22248676121200003,Alive
46,20,8.9,56.0,43.0,,0.0,2720,10.776598800000002,0.30515879289984005,Alive
46,21,10.1,62.91742000000001,,,0.0,2721,15.494820313796001,0.4387637278616986,Alive
46,22,11.6,65.90272,,,0.0,2722,21.325020607616,0.6038563435417408,Alive
46,23,6.4,54.30308,,,0.0,2723,5.513214893184002,0.15611660348731274,Alive
46,24,7.3,56.562259999999995,,,0.0,2724,7.393292748252,0.2093543920937022,Alive
46,25,6.2,53.78674,,,0.0,2725,5.140288239728002,0.1455565140267299,Alive
46,26,8.3,58.94896,,,0.0,2726,9.884655373472004,0.27990180927953207,Alive
46,27,8.9,60.31858,,,0.0,2727,11.590736637884003,0.32821257122763375,Alive
46,28,10.7,64.14664,,,0.0,2728,17.698564176368,0.5011667020693773,Alive
46,29,12.1,66.83282,,,0.0,2729,23.507773759356002,0.6656649279889321,Alive
46,30,8.9,63.0,42.0,1708.0,142.33333333333334,2730,12.096237400000003,0.3425267352083201,Alive
46,31,10.2,63.12554,,,0.0,2731,15.850333212208001,0.44883071550345155,Alive
46,32,10.7,64.14664,,,0.0,2732,17.698564176368,0.5011667020693773,Alive
46,33,7.4,56.80678,,,0.0,2733,7.623049469264002,0.21586036721125487,Alive
46,34,9.3,61.20566,,,0.0,2734,12.818442529492003,0.3629772734191192,Alive
46,35,8.6,59.63962,,,0.0,2735,10.717542182576,0.3034864984755681,Alive
46,36,11.7,66.09134,,,0.0,2736,21.751929607588,0.6159450403121479,Alive
46,37,8.0,58.2466,,,0.0,2737,9.091612112000002,0.25744536185308164,Alive
46,38,9.0,60.5423,,,0.0,2738,11.890834594000001,0.33671038503137923,Alive
46,39,7.0,55.8209,,,0.0,2739,6.729323358,0.19055290366381442,Alive
46,40,10.0,61.0,43.0,,0.0,2740,14.737490000000001,0.41731855683200003,Alive
46,41,5.8,52.73846,,,0.0,2741,4.4418998706720005,0.1257803902578449,Alive
46,42,8.8,60.09356,,,0.0,2742,11.295165781632003,0.3198429504053171,Alive
46,43,9.8,62.28526,,,0.0,2743,14.456355761552004,0.4093577348287158,Alive
46,44,6.0,53.2652,,,0.0,2744,4.783252336,0.13544639974804482,Alive
46,45,10.0,62.708,,2620.0,218.33333333333334,2745,15.143994000000001,0.4288294492992,Alive
46,46,8.6,59.63962,,,0.0,2746,10.717542182576,0.3034864984755681,Alive
46,47,5.5,51.9386,,,0.0,2747,3.9588095070000002,0.1121008170478176,Alive
46,48,,0.0,,,0.0,2748,0.0,0.0,Dead
46,49,10.1,62.91742000000001,,,0.0,2749,15.494820313796001,0.4387637278616986,Alive
46,50,12.5,67.0,31.0,,0.0,2750,25.135115000000003,0.7117460244320001,Alive
46,51,,0.0,,,0.0,2751,0.0,0.0,Dead
46,52,,0.0,,,0.0,2752,0.0,0.0,Dead
46,53,7.8,57.77186,,,0.0,2753,8.584809110512,0.24309432262054617,Alive
46,54,,0.0,,,0.0,2754,0.0,0.0,Dead
46,55,9.9,62.49728,,,0.0,2755,14.797843022464003,0.41902756129850866,Alive
46,56,10.8,64.34696,,,0.0,2756,18.082412006272,0.512036044299203,Alive
46,57,,0.0,,,0.0,2757,0.0,0.0,Dead
46,58,7.6,57.291920000000005,,,0.0,2758,8.095341492096,0.22923416596338403,Alive
46,59,8.6,59.63962,,,0.0,2759,10.717542182576,0.3034864984755681,Alive
46,60,9.2,59.0,39.0,3532.0,294.3333333333333,2760,12.1046388,0.34276463597184,Alive
47,1,10.9,64.54598,,,0.0,2761,18.471014763444,0.523040030853491,Alive
47,2,10.0,62.708,,,0.0,2762,15.143994000000001,0.4288294492992,Alive
47,3,9.4,61.42418,,,0.0,2763,13.136798496624003,0.37199209566920255,Alive
47,4,9.8,62.28526,,,0.0,2764,14.456355761552004,0.4093577348287158,Alive
47,5,9.3,61.20566,,,0.0,2765,12.818442529492003,0.3629772734191192,Alive
47,6,11.3,65.32906,,,0.0,2766,20.073135057932003,0.5684069508084489,Alive
47,7,8.3,58.94896,,,0.0,2767,9.884655373472004,0.27990180927953207,Alive
47,8,7.5,57.05,,,0.0,2768,7.857058750000001,0.22248676121200003,Alive
47,9,8.4,59.18048,,,0.0,2769,10.157833711744003,0.2876373456487126,Alive
47,10,7.7,52.0,17.5,,0.0,2770,7.557220400000001,0.21399629862272004,Alive
47,11,10.1,62.91742000000001,,,0.0,2771,15.494820313796001,0.4387637278616986,Alive
47,12,5.1,50.85392,,,0.0,2772,3.3675408928960002,0.09535798195595746,Alive
47,13,6.5,54.5593,,,0.0,2773,5.7057004115000005,0.1615671774123632,Alive
47,14,7.7,57.53254,,,0.0,2774,8.337918225908002,0.2361031628193917,Alive
47,15,7.7,57.53254,,840.0,70.0,2775,8.337918225908002,0.2361031628193917,Alive
47,16,5.6,52.20652,,,0.0,2776,4.116017591935999,0.1165524469473333,Alive
47,17,11.2,65.13524000000001,,,0.0,2777,19.665433523328,0.5568621479933743,Alive
47,18,,0.0,,,0.0,2778,0.0,0.0,Dead
47,19,9.2,60.98584,,,0.0,2779,12.504672764288,0.3540923177317904,Alive
47,20,13.0,66.0,46.0,,0.0,2780,26.76601,0.757927751968,Alive
47,21,11.0,64.74369999999999,,,0.0,2781,18.864380725999997,0.5341788961419967,Alive
47,22,,0.0,,,0.0,2782,0.0,0.0,Dead
47,23,,0.0,,,0.0,2783,0.0,0.0,Dead
47,24,11.4,65.52158,,,0.0,2784,20.485629197584004,0.5800874648621467,Alive
47,25,,0.0,,,0.0,2785,0.0,0.0,Dead
47,26,10.5,63.74209999999999,,,0.0,2786,16.945098329500002,0.47983096037678563,Alive
47,27,6.7,55.06784,,,0.0,2787,6.102838903488001,0.17281286866228904,Alive
47,28,9.5,61.6414,,,0.0,2788,13.459754513,0.3811371765937184,Alive
47,29,13.0,68.4251,,,0.0,2789,27.741433722000004,0.7855486304191297,Alive
47,30,,0.0,,1986.0,165.5,2790,0.0,0.0,Dead
47,31,11.4,65.52158,,,0.0,2791,20.485629197584004,0.5800874648621467,Alive
47,32,10.4,63.53788,,,0.0,2792,16.575461899904006,0.46936403952720174,Alive
47,33,9.5,61.6414,,,0.0,2793,13.459754513,0.3811371765937184,Alive
47,34,7.3,56.562259999999995,,,0.0,2794,7.393292748252,0.2093543920937022,Alive
47,35,,0.0,,,0.0,2795,0.0,0.0,Dead
47,36,,0.0,,,0.0,2796,0.0,0.0,Dead
47,37,,0.0,,,0.0,2797,0.0,0.0,Dead
47,38,11.0,64.74369999999999,,,0.0,2798,18.864380725999997,0.5341788961419967,Alive
47,39,,0.0,,,0.0,2799,0.0,0.0,Dead
47,40,5.4,74.0,41.0,,0.0,2800,5.355149200000001,0.15164068886656004,Alive
47,41,11.1,64.94012000000001,,,0.0,2801,19.262517800776003,0.5454528640610139,Alive
47,42,7.6,57.291920000000005,,,0.0,2802,8.095341492096,0.22923416596338403,Alive
47,43,10.6,63.94502,,,0.0,2803,17.319462624336,0.4904317592407977,Alive
47,44,6.9,55.57118,,,0.0,2804,6.516360433924001,0.18452247513533915,Alive
47,45,6.7,55.06784,,2982.0,248.5,2805,6.102838903488001,0.17281286866228904,Alive
47,46,7.4,56.80678,,,0.0,2806,7.623049469264002,0.21586036721125487,Alive
47,47,10.9,64.54598,,,0.0,2807,18.471014763444,0.523040030853491,Alive
47,48,10.0,62.708,,,0.0,2808,15.143994000000001,0.4288294492992,Alive
47,49,8.0,58.2466,,,0.0,2809,9.091612112000002,0.25744536185308164,Alive
47,50,,0.0,,,0.0,2810,0.0,0.0,Dead
47,51,10.1,62.91742000000001,,,0.0,2811,15.494820313796001,0.4387637278616986,Alive
47,52,10.8,64.34696,,,0.0,2812,18.082412006272,0.512036044299203,Alive
47,53,,0.0,,,0.0,2813,0.0,0.0,Dead
47,54,9.3,61.20566,,,0.0,2814,12.818442529492003,0.3629772734191192,Alive
47,55,5.7,52.47314,,,0.0,2815,4.277038518268001,0.12111204431409132,Alive
47,56,8.9,60.31858,,,0.0,2816,11.590736637884003,0.32821257122763375,Alive
47,57,10.2,63.12554,,,0.0,2817,15.850333212208001,0.44883071550345155,Alive
47,58,,0.0,,,0.0,2818,0.0,0.0,Dead
47,59,,0.0,,,0.0,2819,0.0,0.0,Dead
47,60,9.2,64.0,40.0,3990.0,332.5,2820,0.0,0.0,Alive
48,1,4.8,50.02676,,,0.0,2821,2.962717389952,0.08389467578779279,Alive
48,2,6.4,54.30308,,,0.0,2822,5.513214893184002,0.15611660348731274,Alive
48,3,,0.0,,,0.0,2823,0.0,0.0,Dead
48,4,12.1,66.83282,,,0.0,2824,23.507773759356002,0.6656649279889321,Alive
48,5,9.0,60.5423,,,0.0,2825,11.890834594000001,0.33671038503137923,Alive
48,6,7.2,56.31644,,,0.0,2826,7.167767314048001,0.20296823347843443,Alive
48,7,7.2,56.31644,,,0.0,2827,7.167767314048001,0.20296823347843443,Alive
48,8,6.4,54.30308,,,0.0,2828,5.513214893184002,0.15611660348731274,Alive
48,9,,0.0,,,0.0,2829,0.0,0.0,Dead
48,10,10.5,68.0,43.0,,0.0,2830,18.062350000000002,0.5114679524800001,Alive
48,11,7.3,56.562259999999995,,,0.0,2831,7.393292748252,0.2093543920937022,Alive
48,12,11.8,66.27866,,,0.0,2832,22.183654671792006,0.6281701126101998,Alive
48,13,11.2,65.13524000000001,,,0.0,2833,19.665433523328,0.5568621479933743,Alive
48,14,,0.0,,,0.0,2834,0.0,0.0,Dead
48,15,,0.0,,804.0,67.0,2835,0.0,0.0,Dead
48,16,,0.0,,,0.0,2836,0.0,0.0,Dead
48,17,11.4,65.52158,,,0.0,2837,20.485629197584004,0.5800874648621467,Alive
48,18,7.9,58.00988,,,0.0,2838,8.836033933704002,0.25020820569390945,Alive
48,19,9.5,61.6414,,,0.0,2839,13.459754513,0.3811371765937184,Alive
48,20,12.4,67.0,45.0,,0.0,2840,24.738059600000007,0.7005026860812802,Alive
48,21,,0.0,,,0.0,2841,0.0,0.0,Dead
48,22,,0.0,,,0.0,2842,0.0,0.0,Dead
48,23,10.7,64.14664,,,0.0,2843,17.698564176368,0.5011667020693773,Alive
48,24,10.7,64.14664,,,0.0,2844,17.698564176368,0.5011667020693773,Alive
48,25,9.7,62.07194,,,0.0,2845,14.119520226348,0.39981963034545104,Alive
48,26,11.0,64.74369999999999,,,0.0,2846,18.864380725999997,0.5341788961419967,Alive
48,27,,0.0,,,0.0,2847,0.0,0.0,Dead
48,28,6.2,53.78674,,,0.0,2848,5.140288239728002,0.1455565140267299,Alive
48,29,,0.0,,,0.0,2849,0.0,0.0,Dead
48,30,10.5,65.0,42.0,1896.0,158.0,2850,17.275165000000005,0.48917739227200013,Alive
48,31,6.8,55.32016,,,0.0,2851,6.307539992192001,0.17860934845090246,Alive
48,32,8.3,58.94896,,,0.0,2852,9.884655373472004,0.27990180927953207,Alive
48,33,,0.0,,,0.0,2853,0.0,0.0,Dead
48,34,8.6,59.63962,,,0.0,2854,10.717542182576,0.3034864984755681,Alive
48,35,3.7,46.89374,,,0.0,2855,1.7473912154280002,0.049480527569031596,Alive
48,36,9.3,61.20566,,,0.0,2856,12.818442529492003,0.3629772734191192,Alive
48,37,,0.0,,,0.0,2857,0.0,0.0,Dead
48,38,4.0,47.7638,,,0.0,2858,2.0383355040000004,0.05771913879966721,Alive
48,39,10.5,63.74209999999999,,,0.0,2859,16.945098329500002,0.47983096037678563,Alive
48,40,10.1,68.0,47.0,,0.0,2860,16.7287884,0.47370575536512,Alive
48,41,8.3,58.94896,,,0.0,2861,9.884655373472004,0.27990180927953207,Alive
48,42,,0.0,,,0.0,2862,0.0,0.0,Dead
48,43,11.9,66.46468,,,0.0,2863,22.620200736824003,0.6405317002244979,Alive
48,44,,0.0,,,0.0,2864,0.0,0.0,Dead
48,45,,0.0,,2836.0,236.33333333333334,2865,0.0,0.0,Dead
48,46,,0.0,,,0.0,2866,0.0,0.0,Dead
48,47,9.9,62.49728,,,0.0,2867,14.797843022464003,0.41902756129850866,Alive
48,48,10.0,62.708,,,0.0,2868,15.143994000000001,0.4288294492992,Alive
48,49,6.9,55.57118,,,0.0,2869,6.516360433924001,0.18452247513533915,Alive
48,50,12.3,70.0,44.0,,0.0,2870,25.424404000000006,0.7199377631872002,Alive
48,51,7.1,56.069320000000005,,,0.0,2871,6.946451522456002,0.1967012784710821,Alive
48,52,,0.0,,,0.0,2872,0.0,0.0,Dead
48,53,10.4,63.53788,,,0.0,2873,16.575461899904006,0.46936403952720174,Alive
48,54,8.9,60.31858,,,0.0,2874,11.590736637884003,0.32821257122763375,Alive
48,55,10.9,64.54598,,,0.0,2875,18.471014763444,0.523040030853491,Alive
48,56,6.4,54.30308,,,0.0,2876,5.513214893184002,0.15611660348731274,Alive
48,57,5.6,52.20652,,,0.0,2877,4.116017591935999,0.1165524469473333,Alive
48,58,9.2,60.98584,,,0.0,2878,12.504672764288,0.3540923177317904,Alive
48,59,6.7,55.06784,,,0.0,2879,6.102838903488001,0.17281286866228904,Alive
48,60,9.9,64.0,40.0,3850.0,320.8333333333333,2880,15.148373200000002,0.42895345422976006,Alive
49,1,10.9,64.54598,,,0.0,2881,18.471014763444,0.523040030853491,Alive
49,2,8.0,58.2466,,,0.0,2882,9.091612112000002,0.25744536185308164,Alive
49,3,12.6,67.73042,,,0.0,2883,25.811347920495997,0.7308947767951011,Alive
49,4,7.6,57.291920000000005,,,0.0,2884,8.095341492096,0.22923416596338403,Alive
49,5,8.7,59.867239999999995,,,0.0,2885,11.004106321527997,0.311601077885444,Alive
49,6,9.6,61.85732,,,0.0,2886,13.787324054656,0.390412897790883,Alive
49,7,12.0,66.6494,,,0.0,2887,23.061572368000004,0.6530299324301825,Alive
49,8,11.1,64.94012000000001,,,0.0,2888,19.262517800776003,0.5454528640610139,Alive
49,9,10.6,63.94502,,,0.0,2889,17.319462624336,0.4904317592407977,Alive
49,10,,0.0,,,0.0,2890,0.0,0.0,Dead
49,11,,0.0,,,0.0,2891,0.0,0.0,Dead
49,12,6.4,54.30308,,,0.0,2892,5.513214893184002,0.15611660348731274,Alive
49,13,,0.0,,,0.0,2893,0.0,0.0,Dead
49,14,,0.0,,,0.0,2894,0.0,0.0,Dead
49,15,11.5,65.7128,,936.0,78.0,2895,20.902922364000002,0.5919038719969153,Alive
49,16,8.6,59.63962,,,0.0,2896,10.717542182576,0.3034864984755681,Alive
49,17,,0.0,,,0.0,2897,0.0,0.0,Dead
49,18,8.4,59.18048,,,0.0,2898,10.157833711744003,0.2876373456487126,Alive
49,19,11.4,65.52158,,,0.0,2899,20.485629197584004,0.5800874648621467,Alive
49,20,8.3,62.0,49.0,,0.0,2900,10.384898400000004,0.2940670910131201,Alive
49,21,7.4,56.80678,,,0.0,2901,7.623049469264002,0.21586036721125487,Alive
49,22,8.5,59.410700000000006,,,0.0,2902,10.435456918500003,0.2954987464697809,Alive
49,23,8.3,58.94896,,,0.0,2903,9.884655373472004,0.27990180927953207,Alive
49,24,12.5,67.5535,,,0.0,2904,25.3409478125,0.7175745510170001,Alive
49,25,,0.0,,,0.0,2905,0.0,0.0,Dead
49,26,9.5,61.6414,,,0.0,2906,13.459754513,0.3811371765937184,Alive
49,27,,0.0,,,0.0,2907,0.0,0.0,Dead
49,28,11.9,66.46468,,,0.0,2908,22.620200736824003,0.6405317002244979,Alive
49,29,9.5,61.6414,,,0.0,2909,13.459754513,0.3811371765937184,Alive
49,30,8.0,63.0,48.0,1911.0,159.25,2910,9.815650000000002,0.27794779792,Alive
49,31,11.6,65.90272,,,0.0,2911,21.325020607616,0.6038563435417408,Alive
49,32,10.4,63.53788,,,0.0,2912,16.575461899904006,0.46936403952720174,Alive
49,33,9.7,62.07194,,,0.0,2913,14.119520226348,0.39981963034545104,Alive
49,34,7.3,56.562259999999995,,,0.0,2914,7.393292748252,0.2093543920937022,Alive
49,35,,0.0,,,0.0,2915,0.0,0.0,Dead
49,36,10.8,64.34696,,,0.0,2916,18.082412006272,0.512036044299203,Alive
49,37,8.7,59.867239999999995,,,0.0,2917,11.004106321527997,0.311601077885444,Alive
49,38,9.0,60.5423,,,0.0,2918,11.890834594000001,0.33671038503137923,Alive
49,39,8.2,58.71614,,,0.0,2919,9.615904343568001,0.27229164011594637,Alive
49,40,8.7,62.0,45.0,,0.0,2920,11.3883064,0.32248039466752,Alive
49,41,5.9,53.002480000000006,,,0.0,2921,4.610628862544002,0.130558255374886,Alive
49,42,,0.0,,,0.0,2922,0.0,0.0,Dead
49,43,6.7,55.06784,,,0.0,2923,6.102838903488001,0.17281286866228904,Alive
49,44,6.7,55.06784,,,0.0,2924,6.102838903488001,0.17281286866228904,Alive
49,45,7.2,56.31644,,2851.0,237.58333333333334,2925,7.167767314048001,0.20296823347843443,Alive
49,46,4.0,47.7638,,,0.0,2926,2.0383355040000004,0.05771913879966721,Alive
49,47,9.0,60.5423,,,0.0,2927,11.890834594000001,0.33671038503137923,Alive
49,48,4.2,48.33734,,,0.0,2928,2.248846212688,0.06368012843544356,Alive
49,49,9.1,60.76472,,,0.0,2929,12.195474982415998,0.3453368259820773,Alive
49,50,11.1,64.0,41.0,,0.0,2930,18.9868372,0.53764647162496,Alive
49,51,6.0,53.2652,,,0.0,2931,4.783252336,0.13544639974804482,Alive
49,52,,0.0,,,0.0,2932,0.0,0.0,Dead
49,53,8.3,58.94896,,,0.0,2933,9.884655373472004,0.27990180927953207,Alive
49,54,6.6,54.814220000000006,,,0.0,2934,5.9022336672160005,0.16713237030782205,Alive
49,55,5.2,51.12704,,,0.0,2935,3.5097808846080008,0.09938576335326783,Alive
49,56,7.9,58.00988,,,0.0,2936,8.836033933704002,0.25020820569390945,Alive
49,57,13.1,68.59552,,,0.0,2937,28.236081705535998,0.7995554784393217,Alive
49,58,,0.0,,,0.0,2938,0.0,0.0,Dead
49,59,6.2,53.78674,,,0.0,2939,5.140288239728002,0.1455565140267299,Alive
49,60,8.2,54.0,38.0,3727.0,310.5833333333333,2940,8.8611748,0.25092011457664,Alive
50,1,10.3,63.33236,,,0.0,2941,16.210543572312005,0.4590307202284446,Alive
50,2,6.1,53.52662,,,0.0,2942,4.959796761876,0.14044557294669033,Alive
50,3,10.9,64.54598,,,0.0,2943,18.471014763444,0.523040030853491,Alive
50,4,9.5,61.6414,,,0.0,2944,13.459754513,0.3811371765937184,Alive
50,5,9.8,62.28526,,,0.0,2945,14.456355761552004,0.4093577348287158,Alive
50,6,,0.0,,,0.0,2946,0.0,0.0,Dead
50,7,6.3,54.045559999999995,,,0.0,2947,5.324752497832,0.15077995153060916,Alive
50,8,11.8,66.27866,,,0.0,2948,22.183654671792006,0.6281701126101998,Alive
50,9,,0.0,,,0.0,2949,0.0,0.0,Dead
50,10,10.2,54.0,47.0,,0.0,2950,13.5907108,0.38484543958144,Alive
50,11,9.9,62.49728,,,0.0,2951,14.797843022464003,0.41902756129850866,Alive
50,12,10.0,62.708,,,0.0,2952,15.143994000000001,0.4288294492992,Alive
50,13,10.2,63.12554,,,0.0,2953,15.850333212208001,0.44883071550345155,Alive
50,14,11.1,64.94012000000001,,,0.0,2954,19.262517800776003,0.5454528640610139,Alive
50,15,,0.0,,936.0,78.0,2955,0.0,0.0,Dead
50,16,10.6,63.94502,,,0.0,2956,17.319462624336,0.4904317592407977,Alive
50,17,6.0,53.2652,,,0.0,2957,4.783252336,0.13544639974804482,Alive
50,18,,0.0,,,0.0,2958,0.0,0.0,Dead
50,19,,0.0,,,0.0,2959,0.0,0.0,Dead
50,20,10.5,66.0,41.0,,0.0,2960,17.537560000000003,0.49660757900800007,Alive
50,21,,0.0,,,0.0,2961,0.0,0.0,Dead
50,22,8.5,59.410700000000006,,,0.0,2962,10.435456918500003,0.2954987464697809,Alive
50,23,12.1,66.83282,,,0.0,2963,23.507773759356002,0.6656649279889321,Alive
50,24,7.5,57.05,,,0.0,2964,7.857058750000001,0.22248676121200003,Alive
50,25,,0.0,,,0.0,2965,0.0,0.0,Dead
50,26,,0.0,,,0.0,2966,0.0,0.0,Dead
50,27,12.0,66.6494,,,0.0,2967,23.061572368000004,0.6530299324301825,Alive
50,28,10.6,63.94502,,,0.0,2968,17.319462624336,0.4904317592407977,Alive
50,29,7.3,56.562259999999995,,,0.0,2969,7.393292748252,0.2093543920937022,Alive
50,30,9.3,67.0,48.0,1944.0,162.0,2970,14.011185400000002,0.39675193473472004,Alive
50,31,8.2,58.71614,,,0.0,2971,9.615904343568001,0.27229164011594637,Alive
50,32,9.2,60.98584,,,0.0,2972,12.504672764288,0.3540923177317904,Alive
50,33,9.4,61.42418,,,0.0,2973,13.136798496624003,0.37199209566920255,Alive
50,34,9.4,61.42418,,,0.0,2974,13.136798496624003,0.37199209566920255,Alive
50,35,6.2,53.78674,,,0.0,2975,5.140288239728002,0.1455565140267299,Alive
50,36,8.3,58.94896,,,0.0,2976,9.884655373472004,0.27990180927953207,Alive
50,37,8.9,60.31858,,,0.0,2977,11.590736637884003,0.32821257122763375,Alive
50,38,8.0,58.2466,,,0.0,2978,9.091612112000002,0.25744536185308164,Alive
50,39,11.7,66.09134,,,0.0,2979,21.751929607588,0.6159450403121479,Alive
50,40,5.5,51.0,40.0,,0.0,2980,3.891235,0.110187323248,Alive
50,41,9.4,61.42418,,,0.0,2981,13.136798496624003,0.37199209566920255,Alive
50,42,12.4,67.37528,,,0.0,2982,24.875392865664008,0.7043915246984346,Alive
50,43,,0.0,,,0.0,2983,0.0,0.0,Dead
50,44,,0.0,,,0.0,2984,0.0,0.0,Dead
50,45,10.7,64.14664,,2916.0,243.0,2985,17.698564176368,0.5011667020693773,Alive
50,46,5.5,51.9386,,,0.0,2986,3.9588095070000002,0.1121008170478176,Alive
50,47,10.5,63.74209999999999,,,0.0,2987,16.945098329500002,0.47983096037678563,Alive
50,48,13.8,69.75206,,,0.0,2988,31.834415889232005,0.9014487878522048,Alive
50,49,8.2,58.71614,,,0.0,2989,9.615904343568001,0.27229164011594637,Alive
50,50,6.5,61.0,50.0,,0.0,2990,6.353345000000001,0.17990639969600003,Alive
50,51,10.3,63.33236,,,0.0,2991,16.210543572312005,0.4590307202284446,Alive
50,52,3.2,45.417640000000006,,,0.0,2992,1.3263723879680003,0.03755862163561227,Alive
50,53,9.4,61.42418,,,0.0,2993,13.136798496624003,0.37199209566920255,Alive
50,54,10.5,63.74209999999999,,,0.0,2994,16.945098329500002,0.47983096037678563,Alive
50,55,9.5,61.6414,,,0.0,2995,13.459754513,0.3811371765937184,Alive
50,56,7.9,58.00988,,,0.0,2996,8.836033933704002,0.25020820569390945,Alive
50,57,9.0,60.5423,,,0.0,2997,11.890834594000001,0.33671038503137923,Alive
50,58,4.5,49.1879,,,0.0,2998,2.5901008405,0.0733433674802704,Alive
50,59,6.8,55.32016,,,0.0,2999,6.307539992192001,0.17860934845090246,Alive
50,60,11.9,68.0,44.0,3750.0,312.5,3000,23.137652400000004,0.6551842754803201,Alive
