Row,Tree,X,Y,pre_DBH,pre_HT,status
1,1,725472.25,4162747.75,8.4,67.040927,Alive
1,2,725464.75,4162743.25,9.1,64.059067,Alive
1,3,725463.180249999,4162743.19549999,11.3,67.5602,Alive
1,4,725461.25,4162740.75,7.4,70.452283,Alive
1,5,725459.25,4162739.25,9.2,69.3,Alive
1,6,725455.75,4162737.25,8.5,68.037227,Alive
1,7,725453.2365,4162736.06875,6.3,64.775488,Alive
1,8,725447.75,4162731.75,12.7,69.9424,Alive
1,9,725441.25,4162727.25,7.8,68.331775,Alive
1,10,725440.25,4162725.75,0.0,0.0,Dead
1,11,725434.75,4162722.75,8.4,68.986,Alive
1,12,725432.75,4162722.25,8.9,68.186848,Alive
1,13,725431.25,4162720.25,12.0,68.0,Alive
1,14,725427.75,4162717.75,10.4,69.9,Alive
1,15,725424.75,4162715.75,7.8,68.331775,Alive
1,16,725421.25,4162713.25,7.6,70.4294,Alive
1,17,725419.25,4162712.25,7.9,67.723903,Alive
1,18,725414.25,4162709.25,7.0,63.810872,Alive
1,19,725410.75,4162707.25,8.2,68.186848,Alive
1,20,725408.25,4162705.75,6.8,68.607547,Alive
1,21,725405.75,4162703.25,6.9,67.040927,Alive
1,22,725403.25,4162702.75,8.2,70.077352,Alive
1,23,725400.25,4162700.25,0.0,0.0,Dead
1,24,725398.25,4162699.75,4.7,66.858448,Alive
1,25,725396.25,4162698.25,7.3,68.037227,Alive
1,26,725393.25,4162696.25,10.6,70.4294,Alive
1,27,725390.25,4162693.75,9.3,66.479408,Alive
1,28,725385.25,4162690.25,9.8,70.193528,Alive
1,29,725382.25,4162688.25,8.1,67.040927,Alive
1,30,725380.75,4162689.25,7.9,69.102763,Alive
1,31,725380.25,4162686.25,6.8,63.3004,Alive
1,32,725378.25,4162686.25,10.6,70.0,Alive
1,33,725374.75,4162683.25,11.5,66.671275,Alive
1,34,725373.25,4162682.25,9.4,73.7,Alive
1,35,725369.25,4162679.75,7.6,69.322207,Alive
1,36,725366.25,4162677.75,8.2,61.942075,Alive
1,37,725364.75,4162676.25,6.5,61.656328,Alive
2,1,725477.25,4162747.25,11.0,61.942075,Alive
2,2,725475.75,4162747.75,9.6,67.882912,Alive
2,3,725474.264749999,4162747.00125,7.0,69.522875,Alive
2,4,725473.25,4162745.25,8.4,68.738392,Alive
2,5,725469.25,4162741.75,9.1,68.738392,Alive
2,6,725467.25,4162740.75,7.1,67.218712,Alive
2,7,725465.75,4162739.25,0.0,0.0,Dead
2,8,725464.25,4162738.75,0.0,0.0,Dead
2,9,725461.25,4162736.25,0.0,0.0,Dead
2,10,725459.60725,4162735.4575,9.8,69.424888,Alive
2,11,725457.8135,4162734.51825,0.0,0.0,Dead
2,12,725456.75,4162733.75,10.6,68.331775,Alive
2,13,725455.441499999,4162732.38175,9.9,65.004907,Alive
2,14,725453.75,4162731.75,11.2,70.012223,Alive
2,15,725450.75,4162729.75,7.8,69.522875,Alive
2,16,725448.75,4162728.75,10.6,67.5602,Alive
2,17,725446.75,4162726.75,6.6,70.193528,Alive
2,18,725444.75,4162725.75,12.6,66.282847,Alive
2,19,725441.319249999,4162723.6765,8.4,67.040927,Alive
2,20,725439.25,4162723.25,8.2,67.882912,Alive
2,21,725438.75,4162721.25,6.9,57.861232,Alive
2,22,725436.25,4162720.25,9.7,70.492768,Alive
2,23,725433.25,4162718.25,9.7,65.004907,Alive
2,24,725430.001999999,4162716.22074999,9.0,67.5602,Alive
2,25,725429.361,4162715.09725,10.7,69.6,Alive
2,26,725426.75,4162714.25,10.0,69.2,Alive
2,27,725424.25,4162712.25,7.9,65.665,Alive
2,28,725417.75,4162708.25,10.2,69.322207,Alive
2,29,725408.75,4162702.25,10.8,64.541375,Alive
2,30,725402.75,4162698.25,8.0,69.704767,Alive
2,31,725397.25,4162694.75,0.0,0.0,Dead
2,32,725394.25,4162692.75,11.1,67.040927,Alive
2,33,725392.75,4162691.25,8.0,64.059067,Alive
2,34,725391.25,4162690.25,12.0,68.738392,Alive
2,35,725389.25,4162689.75,10.7,66.282847,Alive
2,36,725387.75,4162688.75,10.0,64.059067,Alive
2,37,725386.25,4162687.75,0.0,0.0,Dead
2,38,725383.25,4162685.75,9.3,67.723903,Alive
2,39,725378.75,4162682.75,6.5,69.424888,Alive
2,40,725377.25,4162681.75,6.3,69.867883,Alive
2,41,725372.75,4162678.25,10.5,70.401823,Alive
2,42,725369.75,4162676.25,10.0,69.322207,Alive
2,43,725367.77925,4162675.6065,10.4,66.671275,Alive
2,44,725366.75,4162674.75,8.2,67.391803,Alive
2,45,725364.25,4162674.25,6.9,67.218712,Alive
3,1,725479.25,4162743.75,8.7,69.924203,Alive
3,2,725475.75,4162742.75,8.7,68.986,Alive
3,3,725473.75,4162741.25,10.7,65.875643,Alive
3,4,725470.75,4162739.25,7.1,65.449663,Alive
3,5,725468.75,4162738.25,9.5,66.081592,Alive
3,6,725467.75,4162736.75,10.1,67.391803,Alive
3,7,725466.25,4162736.25,11.4,67.882912,Alive
3,8,725461.75,4162733.25,8.5,68.607547,Alive
3,9,725458.75,4162731.25,11.1,70.012223,Alive
3,10,725456.75,4162730.25,7.7,63.038123,Alive
3,11,725453.75,4162727.75,9.7,64.059067,Alive
3,12,725452.88075,4162726.76475,8.1,57.861232,Alive
3,13,725451.25,4162725.75,11.8,65.004907,Alive
3,14,725449.25,4162725.25,7.2,69.102763,Alive
3,15,725447.75,4162723.75,11.0,63.3004,Alive
3,16,725445.25,4162722.25,12.2,66.479408,Alive
3,17,725443.25,4162721.25,0.0,0.0,Dead
3,18,725441.25,4162720.25,10.1,66.282847,Alive
3,19,725437.75,4162717.75,8.7,61.656328,Alive
3,20,725434.75,4162715.25,8.5,68.986,Alive
3,21,725431.75,4162713.25,7.3,68.986,Alive
3,22,725428.75,4162711.75,11.2,76.0,Alive
3,23,725426.25,4162709.25,5.1,64.059067,Alive
3,24,725422.75,4162707.25,7.9,69.322207,Alive
3,25,725419.25,4162705.75,6.5,68.986,Alive
3,26,725413.25,4162701.75,9.3,68.186848,Alive
3,27,725410.599999999,4162698.36599999,8.9,65.875643,Alive
3,28,725407.25,4162697.75,10.8,68.864543,Alive
3,29,725404.25,4162695.75,9.5,63.038123,Alive
3,30,725400.75,4162693.25,8.6,69.1,Alive
3,31,725398.75,4162692.25,8.6,69.704767,Alive
3,32,725395.75,4162690.25,6.5,66.671275,Alive
3,33,725393.25,4162688.25,8.9,68.037227,Alive
3,34,725390.25,4162685.75,11.4,70.470472,Alive
3,35,725388.25,4162685.25,7.0,69.214832,Alive
3,36,725386.75,4162683.75,10.1,69.424888,Alive
3,37,725384.25,4162681.75,7.7,69.867883,Alive
3,38,725382.532,4162680.95624999,8.5,67.3,Alive
3,39,725380.25,4162680.25,6.4,69.322207,Alive
3,40,725379.25,4162678.75,9.6,69.322207,Alive
3,41,725376.25,4162676.75,9.8,67.8,Alive
3,42,725374.282499999,4162676.214,8.6,68.986,Alive
3,43,725371.25,4162674.25,7.4,68.472008,Alive
3,44,725370.25,4162673.25,11.4,68.331775,Alive
3,45,725365.88025,4162672.52375,8.3,69.522875,Alive
3,46,725366.75,4162670.75,8.1,69.704767,Alive
3,47,725363.75,4162670.75,7.0,67.5602,Alive
4,1,725476.75,4162739.75,8.7,69.322207,Alive
4,2,725475.69775,4162738.771,9.8,63.810872,Alive
4,3,725474.25,4162737.25,7.8,70.332587,Alive
4,4,725470.75,4162735.75,9.9,60.4664,Alive
4,5,725469.75,4162734.75,8.8,65.449663,Alive
4,6,725466.25,4162732.75,11.6,67.882912,Alive
4,7,725463.25,4162730.75,8.6,70.012223,Alive
4,8,725461.75,4162729.75,7.8,63.3004,Alive
4,9,725459.90225,4162728.85925,10.7,68.037227,Alive
4,10,725457.25,4162726.75,8.6,70.290928,Alive
4,11,725455.75,4162725.75,8.5,69.102763,Alive
4,12,725452.75,4162723.25,8.8,67.882912,Alive
4,13,725449.25,4162721.75,6.6,66.081592,Alive
4,14,725448.25,4162720.25,8.8,68.986,Alive
4,15,725446.671749999,4162719.50425,7.7,67.218712,Alive
4,16,725445.25,4162718.75,6.2,68.037227,Alive
4,17,725441.75,4162716.75,8.9,69.9424,Alive
4,18,725439.75,4162715.25,9.0,65.449663,Alive
4,19,725436.75,4162712.75,6.6,70.332587,Alive
4,20,725430.75,4162709.25,8.3,69.102763,Alive
4,21,725427.25,4162707.25,12.2,67.5602,Alive
4,22,725424.408249999,4162706.97049999,7.5,67.040927,Alive
4,23,725421.25,4162702.75,9.1,70.369552,Alive
4,24,725418.25,4162700.75,10.8,70.470472,Alive
4,25,725415.25,4162699.25,10.6,67.5602,Alive
4,26,725411.75,4162697.25,8.5,68.738392,Alive
4,27,725408.75,4162695.25,8.7,68.738392,Alive
4,28,725406.25,4162692.75,7.3,63.038123,Alive
4,29,725402.75,4162690.25,0.0,0.0,Dead
4,30,725399.75,4162688.25,9.7,61.942075,Alive
4,31,725397.25,4162688.25,8.1,74.8,Alive
4,32,725396.75,4162685.75,8.1,77.1,Alive
4,33,725394.75,4162685.75,12.2,68.331775,Alive
4,34,725391.75,4162683.25,6.2,66.282847,Alive
4,35,725390.25,4162682.25,6.4,69.102763,Alive
4,36,725388.766749999,4162681.41674999,7.7,66.858448,Alive
4,37,725386.75,4162680.75,7.8,60.4664,Alive
4,38,725384.27225,4162678.4035,9.5,62.223128,Alive
4,39,725382.25,4162677.25,8.1,70.193528,Alive
4,40,725379.75,4162675.25,9.3,70.290928,Alive
4,41,725378.25,4162674.75,7.4,68.186848,Alive
4,42,725376.25,4162673.25,6.9,63.557983,Alive
4,43,725374.75,4162672.25,4.5,65.229632,Alive
4,44,725372.25,4162670.75,7.6,64.541375,Alive
4,45,725370.003999999,4162669.42524999,9.7,70.491007,Alive
4,46,725365.25,4162667.75,13.0,60.4664,Alive
5,1,725483.75,4162741.25,12.3,61.365887,Alive
5,2,725481.75,4162739.25,9.4,64.302568,Alive
5,3,725478.75,4162737.75,7.8,69.322207,Alive
5,4,725477.25,4162736.25,8.4,70.369552,Alive
5,5,725476.315749999,4162735.27925,9.0,69.102763,Alive
5,6,725473.75,4162734.75,5.8,66.671275,Alive
5,7,725471.25,4162732.25,9.1,66.671275,Alive
5,8,725467.75,4162730.25,10.0,68.864543,Alive
5,9,725466.75,4162729.25,10.1,67.5602,Alive
5,10,725464.75,4162727.75,7.7,61.070752,Alive
5,11,725462.25,4162725.75,10.5,67.5602,Alive
5,12,725459.25,4162724.25,8.5,67.218712,Alive
5,13,725457.75,4162723.25,7.8,69.704767,Alive
5,14,725455.75,4162721.75,9.7,70.491007,Alive
5,15,725454.25,4162720.75,9.9,72.0,Alive
5,16,725451.25,4162718.75,11.6,66.858448,Alive
5,17,725449.75,4162717.75,10.3,66.282847,Alive
5,18,725448.25,4162716.75,7.7,65.004907,Alive
5,19,725446.25,4162715.75,8.7,65.229632,Alive
5,20,725443.75,4162713.75,8.3,68.986,Alive
5,21,725441.25,4162712.75,5.9,66.671275,Alive
5,22,725438.75,4162710.75,6.8,65.875643,Alive
5,23,725432.25,4162706.75,8.7,68.738392,Alive
5,24,725429.25,4162704.75,10.3,70.4294,Alive
5,25,725423.25,4162701.25,9.5,58.540688,Alive
5,26,725419.75,4162698.75,10.1,67.040927,Alive
5,27,725416.75,4162696.75,7.6,70.290928,Alive
5,28,725413.75,4162694.75,4.1,63.3004,Alive
5,29,725410.25,4162692.75,9.6,65.004907,Alive
5,30,725408.25,4162690.75,7.5,70.137787,Alive
5,31,725405.75,4162688.75,9.3,65.875643,Alive
5,32,725402.25,4162686.75,11.8,65.004907,Alive
5,33,725400.75,4162685.75,8.9,68.186848,Alive
5,34,725399.25,4162684.25,6.3,68.331775,Alive
5,35,725397.959999999,4162683.796,7.6,66.671275,Alive
5,36,725395.75,4162683.25,6.8,68.864543,Alive
5,37,725393.75,4162680.75,9.4,68.607547,Alive
5,38,725391.75,4162679.75,7.8,73.5,Alive
5,39,725389.964249999,4162679.05899999,5.0,66.479408,Alive
5,40,725388.683749999,4162678.00149999,0.0,0.0,Dead
5,41,725387.532,4162676.921,0.0,0.0,Dead
5,42,725386.25,4162675.75,7.6,69.214832,Alive
5,43,725384.25,4162674.75,7.7,68.607547,Alive
5,44,725382.75,4162673.75,10.4,69.322207,Alive
5,45,725379.75,4162671.75,6.9,68.8,Alive
5,46,725376.75,4162669.75,9.6,70.137787,Alive
5,47,725374.75,4162669.25,6.6,66.081592,Alive
5,48,725373.25,4162667.75,6.8,65.665,Alive
5,49,725370.25,4162666.25,7.5,62.223128,Alive
5,50,725366.317999999,4162664.193,10.5,68.607547,Alive
5,51,725367.25,4162662.25,12.7,67.5602,Alive
6,1,725480.75,4162735.25,5.8,68.331775,Alive
6,2,725478.75,4162733.75,7.6,70.137787,Alive
6,3,725475.75,4162731.75,7.9,68.037227,Alive
6,4,725473.339249999,4162731.29275,0.0,0.0,Dead
6,5,725472.75,4162730.25,9.6,65.665,Alive
6,6,725471.25,4162728.75,9.2,64.541375,Alive
6,7,725470.25,4162727.75,0.0,0.0,Dead
6,8,725468.25,4162726.75,9.4,70.4294,Alive
6,9,725465.25,4162724.75,8.3,70.012223,Alive
6,10,725459.25,4162720.75,8.7,67.5602,Alive
6,11,725457.75,4162719.75,9.9,64.059067,Alive
6,12,725454.25,4162717.75,6.0,66.081592,Alive
6,13,725451.25,4162715.75,9.1,61.6,Alive
6,14,725449.75,4162715.25,10.4,60.157183,Alive
6,15,725447.030249999,4162712.8385,11.0,70.012223,Alive
6,16,725445.25,4162711.75,8.0,64.541375,Alive
6,17,725443.25,4162710.25,7.3,66.479408,Alive
6,18,725437.25,4162706.25,0.0,0.0,Dead
6,19,725434.25,4162704.25,11.5,57.4,Alive
6,20,725430.75,4162702.25,9.5,69.704767,Alive
6,21,725427.75,4162700.25,10.7,67.3,Alive
6,22,725424.25,4162698.25,8.0,65.449663,Alive
6,23,725421.75,4162696.25,7.9,70.401823,Alive
6,24,725418.75,4162694.75,7.8,70.137787,Alive
6,25,725415.25,4162692.25,6.8,68.037227,Alive
6,26,725412.75,4162690.75,6.9,65.875643,Alive
6,27,725409.75,4162687.75,8.0,66.9,Alive
6,28,725407.85475,4162686.7475,9.4,67.218712,Alive
6,29,725405.25,4162685.75,8.0,65.875643,Alive
6,30,725404.25,4162684.75,8.9,70.077352,Alive
6,31,725401.25,4162682.25,11.0,63.3,Alive
6,32,725398.375,4162680.75675,5.8,62.9,Alive
6,33,725396.75,4162679.25,13.1,65.229632,Alive
6,34,725395.25,4162678.75,7.5,65.449663,Alive
6,35,725393.623999999,4162677.74725,11.3,63.557983,Alive
6,36,725391.75,4162676.25,8.5,69.322207,Alive
6,37,725390.75,4162675.25,9.3,64.775488,Alive
6,38,725388.82675,4162674.757,8.0,69.102763,Alive
6,39,725387.885499999,4162673.57125,10.0,67.1,Alive
6,40,725385.75,4162672.75,10.5,67.723903,Alive
6,41,725384.25,4162671.75,10.4,70.012223,Alive
6,42,725382.75,4162670.75,11.7,69.704767,Alive
6,43,725381.25,4162669.75,7.5,62.771152,Alive
6,44,725379.25,4162668.75,7.4,66.858448,Alive
6,45,725378.25,4162667.25,10.2,68.186848,Alive
6,46,725376.85175,4162666.098,8.1,68.331775,Alive
6,47,725375.25,4162665.75,8.6,69.214832,Alive
6,48,725373.75,4162664.75,9.4,65.449663,Alive
6,49,725371.75,4162663.75,8.8,65.665,Alive
6,50,725369.25,4162663.25,6.5,68.738392,Alive
6,51,725368.25,4162659.75,8.8,67.882912,Alive
6,52,725364.75,4162659.75,7.2,66.671275,Alive
7,1,725484.75,4162734.25,8.0,74.6,Alive
7,2,725481.25,4162731.25,8.0,68.186848,Alive
7,3,725478.75,4162730.25,6.9,67.5602,Alive
7,4,725476.25,4162728.25,7.6,69.788672,Alive
7,5,725474.75,4162726.75,11.2,65.665,Alive
7,6,725472.75,4162726.25,8.3,66.858448,Alive
7,7,725469.75,4162724.25,6.7,68.864543,Alive
7,8,725467.067999999,4162722.49924999,10.0,66.858448,Alive
7,9,725465.25,4162720.75,7.7,64.541375,Alive
7,10,725462.25,4162719.25,11.9,64.541375,Alive
7,11,725460.75,4162718.25,7.7,66.282847,Alive
7,12,725455.712749999,4162716.88274999,6.0,60.0,Alive
7,13,725456.25,4162714.75,10.3,65.665,Alive
7,14,725453.25,4162713.25,9.7,64.541375,Alive
7,15,725451.4425,4162712.1675,9.3,60.770923,Alive
7,16,725449.75,4162711.25,9.6,62.771152,Alive
7,17,725447.25,4162708.75,6.4,64.541375,Alive
7,18,725442.25,4162705.75,8.4,69.9,Alive
7,19,725439.25,4162703.25,10.4,64.9,Alive
7,20,725435.75,4162701.75,7.4,66.671275,Alive
7,21,725432.75,4162699.25,7.9,68.607547,Alive
7,22,725429.75,4162697.25,6.2,63.3004,Alive
7,23,725423.25,4162693.75,12.0,65.665,Alive
7,24,725420.25,4162691.75,9.7,66.282847,Alive
7,25,725414.25,4162687.25,8.3,67.5602,Alive
7,26,725411.25,4162685.75,10.9,69.322207,Alive
7,27,725407.25,4162683.25,9.1,70.077352,Alive
7,28,725404.25,4162681.25,11.0,67.5602,Alive
7,29,725402.75,4162679.75,8.3,67.5602,Alive
7,30,725401.25,4162679.25,8.8,64.541375,Alive
7,31,725400.25,4162678.75,7.9,64.541375,Alive
7,32,725398.75,4162677.25,11.0,69.788672,Alive
7,33,725397.3305,4162676.10949999,9.6,69.322207,Alive
7,34,725394.75,4162675.25,9.4,66.671275,Alive
7,35,725393.75,4162674.25,7.3,68.864543,Alive
7,36,725391.75,4162672.75,9.8,67.5602,Alive
7,37,725388.75,4162671.25,7.7,62.771152,Alive
7,38,725387.217999999,4162670.2815,8.7,65.004907,Alive
7,39,725384.75,4162668.25,6.1,70.4294,Alive
7,40,725382.75,4162667.25,9.7,65.665,Alive
7,41,725379.25,4162665.75,8.7,69.704767,Alive
7,42,725378.25,4162664.25,10.4,69.9424,Alive
7,43,725376.6025,4162663.26899999,7.6,67.5602,Alive
7,44,725373.25,4162661.75,9.9,67.5602,Alive
7,45,725369.75,4162657.75,9.3,67.5602,Alive
7,46,725365.75,4162655.75,9.4,62.499487,Alive
8,1,725490.25,4162731.75,8.6,69.424888,Alive
8,2,725486.75,4162730.25,7.6,68.738392,Alive
8,3,725484.25,4162729.75,9.9,68.6,Alive
8,4,725482.75,4162728.75,7.0,70.137787,Alive
8,5,725479.75,4162726.25,8.5,66.282847,Alive
8,6,725477.75,4162725.25,8.1,68.186848,Alive
8,7,725473.75,4162722.75,7.9,70.012223,Alive
8,8,725470.25,4162720.75,8.2,70.244575,Alive
8,9,725467.75,4162718.75,8.4,68.986,Alive
8,10,725465.75,4162717.75,10.6,67.723903,Alive
8,11,725461.25,4162714.75,8.6,66.282847,Alive
8,12,725459.75,4162713.75,10.6,64.059067,Alive
8,13,725458.25,4162712.75,11.7,68.331775,Alive
8,14,725456.74675,4162711.63249999,7.4,69.214832,Alive
8,15,725454.75,4162710.75,8.9,69.214832,Alive
8,16,725453.75,4162709.75,10.2,75.7,Alive
8,17,725451.75,4162708.25,8.7,69.704767,Alive
8,18,725448.75,4162706.75,9.3,67.391803,Alive
8,19,725446.75,4162705.25,9.2,71.0,Alive
8,20,725443.75,4162703.25,9.7,65.665,Alive
8,21,725442.3995,4162703.23224999,8.0,70.452283,Alive
8,22,725440.25,4162701.25,10.9,64.302568,Alive
8,23,725437.25,4162699.25,8.0,60.4664,Alive
8,24,725434.75,4162697.25,8.2,61.070752,Alive
8,25,725428.25,4162693.25,9.1,68.037227,Alive
8,26,725425.25,4162691.25,7.6,65.229632,Alive
8,27,725421.75,4162689.25,9.8,66.479408,Alive
8,28,725418.75,4162687.25,10.2,68.186848,Alive
8,29,725416.25,4162684.75,6.8,68.607547,Alive
8,30,725413.25,4162682.75,11.1,65.665,Alive
8,31,725412.16425,4162682.98724999,8.9,68.331775,Alive
8,32,725410.25,4162681.75,10.7,65.875643,Alive
8,33,725408.25,4162680.75,8.6,62.499487,Alive
8,34,725404.25,4162677.75,7.9,63.557983,Alive
8,35,725401.75,4162675.25,10.3,66.858448,Alive
8,36,725399.75,4162674.25,10.9,69.867883,Alive
8,37,725397.25,4162672.75,11.0,68.037227,Alive
8,38,725395.25,4162671.25,8.8,63.810872,Alive
8,39,725392.25,4162669.25,9.1,69.867883,Alive
8,40,725387.75,4162666.25,6.7,71.9,Alive
8,41,725385.75,4162665.25,9.4,68.472008,Alive
8,42,725382.25,4162661.75,6.5,68.6,Alive
8,43,725376.75,4162659.75,8.0,65.665,Alive
8,44,725375.75,4162658.25,8.2,68.986,Alive
8,45,725372.75,4162656.75,5.5,69.616168,Alive
8,46,725366.079999999,4162654.22624999,9.0,70.4294,Alive
8,47,725366.97825,4162652.37825,9.9,69.867883,Alive
9,1,725484.25,4162726.25,8.6,65.004907,Alive
9,2,725482.25,4162725.25,9.1,65.004907,Alive
9,3,725480.97875,4162724.3585,9.9,69.522875,Alive
9,4,725478.75,4162721.75,7.5,66.858448,Alive
9,5,725476.75,4162721.25,8.4,67.723903,Alive
9,6,725475.319,4162720.51125,11.3,67.723903,Alive
9,7,725473.75,4162719.25,10.1,58.8,Alive
9,8,725472.25,4162718.25,9.6,68.472008,Alive
9,9,725468.75,4162716.25,7.8,71.2,Alive
9,10,725467.75,4162715.25,10.0,65.004907,Alive
9,11,725464.187999999,4162713.02699999,7.3,68.1,Alive
9,12,725462.75,4162712.25,12.3,65.449663,Alive
9,13,725461.75,4162711.25,11.0,62.771152,Alive
9,14,725459.135499999,4162708.96075,6.3,68.607547,Alive
9,15,725456.75,4162708.25,0.0,0.0,Dead
9,16,725452.25,4162705.25,8.8,67.218712,Alive
9,17,725450.25,4162704.25,8.5,67.391803,Alive
9,18,725448.302499999,4162702.8695,8.8,69.522875,Alive
9,19,725445.25,4162700.25,8.8,64.541375,Alive
9,20,725442.25,4162698.75,10.1,66.282847,Alive
9,21,725439.25,4162696.75,8.0,64.059067,Alive
9,22,725436.25,4162694.25,9.0,69.616168,Alive
9,23,725433.75,4162692.75,9.3,67.5602,Alive
9,24,725429.75,4162690.75,11.5,69.522875,Alive
9,25,725423.75,4162686.75,7.7,60.4664,Alive
9,26,725420.75,4162684.75,10.2,68.607547,Alive
9,27,725421.0995,4162683.19274999,9.1,69.102763,Alive
9,28,725415.25,4162680.25,8.7,65.665,Alive
9,29,725412.25,4162679.25,10.2,62.499487,Alive
9,30,725410.25,4162678.25,12.2,62.223128,Alive
9,31,725408.75,4162677.25,10.8,68.472008,Alive
9,32,725406.25,4162675.25,10.5,73.0,Alive
9,33,725404.75,4162674.25,7.3,67.8,Alive
9,34,725401.75,4162671.75,9.0,70.4294,Alive
9,35,725398.75,4162670.25,7.9,69.616168,Alive
9,36,725395.25,4162668.25,8.7,65.229632,Alive
9,37,725392.75,4162665.75,9.7,67.882912,Alive
9,38,725389.75,4162663.75,8.6,62.499487,Alive
9,39,725387.748249999,4162662.676,9.3,63.557983,Alive
9,40,725386.25,4162661.75,11.0,61.656328,Alive
9,41,725384.837249999,4162660.77149999,8.3,70.491007,Alive
9,42,725383.25,4162660.25,9.4,64.541375,Alive
9,43,725382.25,4162658.25,10.2,66.671275,Alive
9,44,725380.25,4162658.25,7.2,70.496288,Alive
9,45,725378.75,4162656.25,11.0,65.665,Alive
9,46,725373.4645,4162654.79525,8.9,63.810872,Alive
9,47,725374.25,4162653.25,10.8,63.3004,Alive
9,48,725371.25,4162651.75,9.3,68.738392,Alive
9,49,725368.25,4162649.75,9.5,67.040927,Alive
10,1,725489.25,4162727.25,7.8,65.229632,Alive
10,2,725487.75,4162724.75,8.7,70.4294,Alive
10,3,725484.75,4162722.75,9.2,70.137787,Alive
10,4,725481.25,4162720.75,10.5,67.040927,Alive
10,5,725478.75,4162718.75,9.2,65.229632,Alive
10,6,725476.75,4162717.25,0.0,0.0,Dead
10,7,725475.25,4162716.75,12.1,53.3,Alive
10,8,725473.75,4162715.25,6.7,62.499487,Alive
10,9,725470.54575,4162714.6855,10.5,65.875643,Alive
10,10,725469.25,4162712.25,8.4,65.449663,Alive
10,11,725467.25,4162711.75,9.5,70.4294,Alive
10,12,725465.498999999,4162710.5345,8.6,69.788672,Alive
10,13,725463.25,4162708.75,8.6,72.3,Alive
10,14,725461.25,4162707.75,7.5,67.882912,Alive
10,15,725459.75,4162706.75,8.0,69.867883,Alive
10,16,725456.75,4162704.75,11.7,64.775488,Alive
10,17,725454.75,4162703.25,0.0,0.0,Dead
10,18,725450.25,4162699.75,7.8,68.331775,Alive
10,19,725446.302499999,4162699.477,9.8,64.059067,Alive
10,20,725443.75,4162696.25,7.7,69.322207,Alive
10,21,725440.25,4162694.25,10.2,70.470472,Alive
10,22,725438.25,4162691.75,9.4,68.037227,Alive
10,23,725434.75,4162689.75,8.0,65.665,Alive
10,24,725431.25,4162688.25,10.4,67.391803,Alive
10,25,725428.75,4162686.25,6.7,68.186848,Alive
10,26,725425.25,4162684.25,6.7,69.102763,Alive
10,27,725422.25,4162681.75,8.3,65.665,Alive
10,28,725419.25,4162680.75,6.5,63.810872,Alive
10,29,725416.75,4162678.25,6.8,64.775488,Alive
10,30,725414.25,4162676.75,6.3,67.5602,Alive
10,31,725412.36825,4162675.669,6.5,67.5602,Alive
10,32,725410.75,4162674.25,8.2,68.7,Alive
10,33,725408.474,4162673.909,11.9,65.004907,Alive
10,34,725405.25,4162670.75,11.6,61.365887,Alive
10,35,725403.25,4162669.25,10.6,64.059067,Alive
10,36,725401.25,4162668.25,9.8,65.449663,Alive
10,37,725399.75,4162667.25,7.8,69.788672,Alive
10,38,725394.25,4162663.75,8.0,68.037227,Alive
10,39,725392.75,4162662.25,8.2,65.004907,Alive
10,40,725391.24525,4162661.35,7.2,78.6,Alive
10,41,725389.484,4162660.608,10.4,65.665,Alive
10,42,725388.25,4162659.25,11.8,64.059067,Alive
10,43,725386.25,4162658.25,10.0,69.424888,Alive
10,44,725383.616,4162656.5,6.8,68.331775,Alive
10,45,725382.25,4162655.25,7.7,72.3,Alive
10,46,725380.25,4162654.75,10.6,68.986,Alive
10,47,725378.75,4162653.25,9.5,66.479408,Alive
10,48,725369.657499999,4162648.61224999,10.4,69.704767,Alive
10,49,725370.25,4162647.25,8.5,64.775488,Alive
11,1,725491.25,4162723.75,9.6,65.004907,Alive
11,2,725489.458499999,4162722.34549999,9.6,65.665,Alive
11,3,725487.75,4162721.25,8.8,68.7,Alive
11,4,725486.3835,4162720.149,6.0,68.472008,Alive
11,5,725484.75,4162719.25,8.8,66.282847,Alive
11,6,725483.25,4162717.75,9.0,66.9,Alive
11,7,725480.25,4162716.25,8.0,69.704767,Alive
11,8,725477.25,4162714.25,10.1,63.3004,Alive
11,9,725475.25,4162712.75,7.2,70.492768,Alive
11,10,725473.95175,4162711.70374999,10.9,67.5602,Alive
11,11,725472.75,4162710.75,12.3,69.102763,Alive
11,12,725470.75,4162709.75,8.2,70.491007,Alive
11,13,725469.25,4162709.25,12.4,65.665,Alive
11,14,725466.25,4162707.25,10.5,69.322207,Alive
11,15,725464.75,4162706.25,5.1,65.004907,Alive
11,16,725462.75,4162704.75,10.0,76.0,Alive
11,17,725459.75,4162703.25,9.0,69.924203,Alive
11,18,725458.75,4162702.25,10.3,67.882912,Alive
11,19,725455.75,4162700.25,11.8,64.541375,Alive
11,20,725453.25,4162699.25,8.1,65.229632,Alive
11,21,725451.75,4162697.75,6.9,67.5602,Alive
11,22,725448.25,4162695.75,0.0,0.0,Dead
11,23,725445.75,4162693.75,9.0,70.077352,Alive
11,24,725442.25,4162691.75,9.5,65.449663,Alive
11,25,725436.25,4162687.25,7.7,69.1,Alive
11,26,725424.25,4162679.75,9.0,63.038123,Alive
11,27,725421.75,4162677.75,11.4,69.424888,Alive
11,28,725418.25,4162675.25,7.3,68.864543,Alive
11,29,725415.75,4162674.25,8.8,62.771152,Alive
11,30,725411.25,4162671.25,10.8,63.810872,Alive
11,31,725409.25,4162670.25,6.4,65.875643,Alive
11,32,725408.25,4162669.25,7.7,65.004907,Alive
11,33,725406.23725,4162668.03599999,11.1,60.157183,Alive
11,34,725402.25,4162665.25,9.1,65.875643,Alive
11,35,725400.25,4162663.75,9.0,63.557983,Alive
11,36,725398.25,4162662.75,0.0,0.0,Dead
11,37,725397.25,4162662.25,10.1,60.4664,Alive
11,38,725396.06975,4162660.92125,11.8,65.229632,Alive
11,39,725394.457249999,4162660.27825,8.0,68.607547,Alive
11,40,725393.25,4162658.75,10.6,69.867883,Alive
11,41,725391.25,4162657.75,9.9,62.771152,Alive
11,42,725387.863999999,4162656.31499999,9.4,65.449663,Alive
11,43,725386.75,4162654.75,8.1,67.5602,Alive
11,44,725382.25,4162652.25,8.2,65.449663,Alive
11,45,725380.75,4162651.25,8.4,71.9,Alive
11,46,725373.25,4162648.25,0.0,0.0,Dead
11,47,725374.19825,4162646.76899999,7.9,69.6,Alive
11,48,725371.25,4162645.25,13.4,70.193528,Alive
12,1,725495.75,4162723.75,5.9,67.5602,Alive
12,2,725491.25,4162719.75,8.2,65.229632,Alive
12,3,725489.75,4162718.25,8.1,66.479408,Alive
12,4,725487.75,4162717.25,6.4,65.229632,Alive
12,5,725485.25,4162715.25,0.0,0.0,Dead
12,6,725483.75,4162714.25,10.9,33.605,Alive
12,7,725481.75,4162713.25,7.9,65.665,Alive
12,8,725480.25,4162712.25,9.3,70.193528,Alive
12,9,725478.75,4162711.25,10.2,70.290928,Alive
12,10,725477.75,4162710.25,5.5,67.5602,Alive
12,11,725475.58975,4162709.32775,9.7,68.472008,Alive
12,12,725468.25,4162704.75,9.5,69.522875,Alive
12,13,725463.25,4162701.75,8.5,70.369552,Alive
12,14,725461.75,4162700.75,9.5,65.449663,Alive
12,15,725460.25,4162699.75,7.0,62.9,Alive
12,16,725458.75,4162698.75,7.9,67.723903,Alive
12,17,725457.25,4162697.75,6.5,64.775488,Alive
12,18,725453.25,4162695.25,7.9,70.077352,Alive
12,19,725450.25,4162693.25,8.9,67.5602,Alive
12,20,725446.75,4162691.25,6.6,64.541375,Alive
12,21,725444.25,4162688.75,8.6,60.157183,Alive
12,22,725440.75,4162687.25,0.0,0.0,Dead
12,23,725435.25,4162683.25,8.1,67.218712,Alive
12,24,725431.75,4162681.25,13.0,74.5,Alive
12,25,725428.75,4162679.25,8.8,68.186848,Alive
12,26,725425.75,4162676.75,7.8,66.858448,Alive
12,27,725422.25,4162675.25,11.6,67.723903,Alive
12,28,725419.75,4162673.25,10.3,65.004907,Alive
12,29,725417.75,4162671.75,5.3,69.704767,Alive
12,30,725415.75,4162670.25,0.0,0.0,Dead
12,31,725413.239749999,4162668.68575,7.4,65.229632,Alive
12,32,725411.25,4162667.75,8.9,64.302568,Alive
12,33,725409.75,4162666.25,10.9,67.5602,Alive
12,34,725407.75,4162665.75,7.3,60.4664,Alive
12,35,725406.344,4162664.8665,8.7,66.479408,Alive
12,36,725403.75,4162662.25,11.4,70.077352,Alive
12,37,725400.75,4162660.75,8.0,70.452283,Alive
12,38,725397.75,4162658.75,9.8,65.875643,Alive
12,39,725393.25,4162655.25,7.0,67.882912,Alive
12,40,725391.25,4162654.25,12.9,70.492768,Alive
12,41,725389.67925,4162653.574,9.8,69.616168,Alive
12,42,725388.25,4162652.25,11.3,70.193528,Alive
12,43,725385.57775,4162650.50199999,8.4,65.875643,Alive
12,44,725384.25,4162649.25,8.8,68.607547,Alive
12,45,725381.75,4162648.75,7.7,64.0,Alive
12,46,725378.75,4162647.75,7.4,62.223128,Alive
12,47,725375.75,4162645.25,9.9,66.282847,Alive
12,48,725376.25,4162643.75,0.0,0.0,Dead
12,49,725372.25,4162642.75,12.0,68.331775,Alive
13,1,725495.25,4162718.25,9.4,62.771152,Alive
13,2,725492.75,4162717.25,7.7,66.671275,Alive
13,3,725488.25,4162714.25,12.0,66.282847,Alive
13,4,725486.25,4162713.25,7.9,68.986,Alive
13,5,725483.75,4162710.75,9.6,68.331775,Alive
13,6,725480.25,4162709.25,8.4,70.012223,Alive
13,7,725478.25,4162708.25,9.2,67.040927,Alive
13,8,725474.25,4162705.25,8.7,53.3,Alive
13,9,725471.25,4162703.25,8.8,57.4,Alive
13,10,725470.25,4162702.25,9.9,65.229632,Alive
13,11,725468.25,4162700.75,7.5,67.040927,Alive
13,12,725466.75,4162699.75,6.9,65.875643,Alive
13,13,725464.75,4162699.25,6.7,68.738392,Alive
13,14,725463.75,4162697.75,9.8,70.422943,Alive
13,15,725461.75,4162696.75,9.9,70.193528,Alive
13,16,725457.25,4162694.25,8.5,67.218712,Alive
13,17,725455.25,4162692.75,8.9,64.059067,Alive
13,18,725452.75,4162691.25,9.4,64.059067,Alive
13,19,725451.625,4162690.26099999,8.4,65.004907,Alive
13,20,725448.25,4162688.75,8.2,73.3,Alive
13,21,725446.25,4162686.75,7.6,68.472008,Alive
13,22,725442.75,4162684.75,8.4,69.424888,Alive
13,23,725439.75,4162682.75,9.2,65.229632,Alive
13,24,725436.75,4162680.75,9.1,69.616168,Alive
13,25,725433.75,4162678.25,7.4,68.037227,Alive
13,26,725430.75,4162676.75,6.9,66.282847,Alive
13,27,725424.75,4162672.25,10.9,68.738392,Alive
13,28,725421.75,4162670.75,6.7,68.607547,Alive
13,29,725419.25,4162669.25,7.6,69.616168,Alive
13,30,725414.75,4162666.25,8.3,70.5,Alive
13,31,725412.75,4162664.75,9.3,66.479408,Alive
13,32,725409.75,4162663.25,9.3,45.7,Alive
13,33,725408.25,4162662.25,10.7,66.858448,Alive
13,34,725407.25,4162661.25,12.0,66.671275,Alive
13,35,725405.75,4162659.75,9.8,66.671275,Alive
13,36,725402.25,4162658.25,6.2,64.302568,Alive
13,37,725400.75,4162656.75,8.2,62.499487,Alive
13,38,725398.75,4162656.25,6.1,68.8,Alive
13,39,725396.25,4162653.25,9.7,64.541375,Alive
13,40,725394.25,4162652.75,8.0,62.771152,Alive
13,41,725392.75,4162651.75,0.0,0.0,Dead
13,42,725390.25,4162649.75,10.8,69.522875,Alive
13,43,725388.75,4162649.25,9.7,67.5602,Alive
13,44,725386.75,4162647.75,7.6,66.858448,Alive
13,45,725383.75,4162646.75,7.3,65.665,Alive
13,46,725376.75,4162641.75,10.0,69.322207,Alive
13,47,725373.25,4162639.75,9.0,69.867883,Alive
14,1,725498.75,4162717.75,8.2,64.302568,Alive
14,2,725498.483499999,4162716.682,8.8,68.738392,Alive
14,3,725494.75,4162714.75,10.1,61.656328,Alive
14,4,725492.75,4162713.25,7.8,68.186848,Alive
14,5,725491.212249999,4162712.53574999,12.0,69.322207,Alive
14,6,725489.75,4162711.25,7.9,68.986,Alive
14,7,725488.538249999,4162710.58625,10.1,67.040927,Alive
14,8,725486.75,4162709.25,8.7,70.470472,Alive
14,9,725483.75,4162707.25,9.1,71.7,Alive
14,10,725480.75,4162705.25,8.4,66.479408,Alive
14,11,725477.75,4162703.75,8.3,69.522875,Alive
14,12,725476.25,4162702.25,10.0,72.0,Alive
14,13,725474.467749999,4162701.47974999,9.0,68.037227,Alive
14,14,725472.75,4162700.25,10.9,66.671275,Alive
14,15,725469.75,4162698.25,8.9,69.102763,Alive
14,16,725468.25,4162697.25,9.7,68.738392,Alive
14,17,725467.25,4162696.75,0.0,0.0,Dead
14,18,725465.25,4162695.25,10.5,67.5602,Alive
14,19,725463.75,4162694.25,7.1,66.282847,Alive
14,20,725462.25,4162693.25,8.0,66.671275,Alive
14,21,725460.75,4162692.25,10.9,62.223128,Alive
14,22,725459.25,4162691.25,8.6,69.704767,Alive
14,23,725456.75,4162690.25,8.4,63.038123,Alive
14,24,725453.75,4162688.25,8.2,66.282847,Alive
14,25,725447.25,4162684.25,7.8,66.282847,Alive
14,26,725444.25,4162682.25,11.3,61.070752,Alive
14,27,725442.089249999,4162679.01024999,9.6,68.607547,Alive
14,28,725441.25,4162680.25,9.3,64.059067,Alive
14,29,725438.75,4162677.75,9.1,69.322207,Alive
14,30,725435.75,4162676.25,10.3,64.775488,Alive
14,31,725432.25,4162673.75,0.0,0.0,Dead
14,32,725429.25,4162671.75,8.0,65.004907,Alive
14,33,725422.75,4162668.25,8.1,68.986,Alive
14,34,725420.75,4162666.25,6.0,68.607547,Alive
14,35,725419.32775,4162665.48975,10.0,68.037227,Alive
14,36,725417.75,4162664.75,10.2,70.332587,Alive
14,37,725416.25,4162663.25,8.6,67.391803,Alive
14,38,725414.944249999,4162661.23474999,0.0,0.0,Dead
14,39,725411.25,4162660.75,10.9,65.665,Alive
14,40,725409.75,4162659.25,7.5,69.616168,Alive
14,41,725406.046749999,4162657.23975,8.8,69.788672,Alive
14,42,725404.75,4162655.75,8.4,70.290928,Alive
14,43,725403.25,4162654.75,10.4,70.137787,Alive
14,44,725402.25,4162654.25,9.2,68.331775,Alive
14,45,725399.25,4162652.25,6.6,66.479408,Alive
14,46,725397.75,4162650.75,9.5,63.9,Alive
14,47,725394.75,4162649.25,7.2,64.541375,Alive
14,48,725391.634749999,4162646.68525,6.7,69.788672,Alive
14,49,725390.25,4162646.25,8.8,69.616168,Alive
14,50,725385.25,4162643.25,8.1,70.244575,Alive
14,51,725380.75,4162641.75,6.3,64.059067,Alive
14,52,725377.75,4162639.25,10.3,66.671275,Alive
14,53,725374.75,4162637.75,10.1,73.1,Alive
15,1,725498.503249999,4162714.899,8.7,69.522875,Alive
15,2,725497.39375,4162711.70949999,9.2,65.875643,Alive
15,3,725485.70125,4162704.48174999,10.6,69.616168,Alive
15,4,725482.75,4162703.25,10.3,65.875643,Alive
15,5,725480.75,4162702.25,8.9,70.012223,Alive
15,6,725477.75,4162700.25,10.1,67.723903,Alive
15,7,725475.75,4162699.25,8.6,66.479408,Alive
15,8,725474.75,4162698.25,7.0,61.942075,Alive
15,9,725473.25,4162697.25,9.2,66.858448,Alive
15,10,725468.75,4162694.25,7.4,63.038123,Alive
15,11,725467.25,4162693.25,12.6,70.369552,Alive
15,12,725465.64075,4162691.93725,9.5,69.102763,Alive
15,13,725462.75,4162690.25,9.1,68.738392,Alive
15,14,725461.25,4162689.25,8.2,70.193528,Alive
15,15,725459.899749999,4162687.83275,10.4,68.186848,Alive
15,16,725456.75,4162686.25,6.9,64.541375,Alive
15,17,725455.25,4162685.25,10.0,68.037227,Alive
15,18,725453.293249999,4162684.517,6.8,70.4294,Alive
15,19,725452.75,4162682.75,0.0,0.0,Dead
15,20,725449.25,4162680.75,7.6,67.5602,Alive
15,21,725446.25,4162679.75,7.7,66.081592,Alive
15,22,725443.75,4162677.75,6.0,68.331775,Alive
15,23,725440.25,4162675.75,9.4,63.557983,Alive
15,24,725437.75,4162673.25,8.5,61.656328,Alive
15,25,725434.75,4162671.25,10.0,68.037227,Alive
15,26,725431.25,4162669.25,11.6,61.656328,Alive
15,27,725425.25,4162665.75,9.0,70.422943,Alive
15,28,725422.25,4162663.75,7.6,67.040927,Alive
15,29,725419.25,4162661.75,4.5,66.479408,Alive
15,30,725416.25,4162659.75,10.6,67.040927,Alive
15,31,725413.25,4162657.25,10.5,61.070752,Alive
15,32,725409.75,4162655.25,8.6,65.875643,Alive
15,33,725406.75,4162653.75,7.9,54.6,Alive
15,34,725403.25,4162651.25,7.0,66.671275,Alive
15,35,725397.75,4162648.25,8.4,67.5602,Alive
15,36,725394.75,4162645.75,9.8,63.557983,Alive
15,37,725391.75,4162643.25,8.8,61.070752,Alive
15,38,725388.25,4162641.75,7.7,65.875643,Alive
15,39,725385.25,4162639.25,7.0,64.541375,Alive
15,40,725384.2225,4162639.16649999,12.4,65.875643,Alive
15,41,725382.25,4162638.25,11.0,67.5602,Alive
15,42,725380.364999999,4162637.04999999,9.4,69.704767,Alive
15,43,725379.25,4162635.75,7.8,64.302568,Alive
15,44,725376.25,4162633.75,0.0,0.0,Dead
15,45,725375.22975,4162632.34249999,11.7,68.738392,Alive
16,1,725499.75,4162711.25,6.6,66.081592,Alive
16,2,725496.75,4162708.25,9.4,67.040927,Alive
16,3,725493.25,4162707.75,0.0,0.0,Dead
16,4,725492.75,4162705.25,9.8,67.391803,Alive
16,5,725491.75,4162704.25,7.1,67.4,Alive
16,6,725486.25,4162701.75,8.3,60.770923,Alive
16,7,725484.25,4162700.75,7.1,69.522875,Alive
16,8,725481.75,4162699.25,8.2,66.282847,Alive
16,9,725480.400499999,4162698.69549999,0.0,0.0,Dead
16,10,725479.75,4162697.75,9.9,66.858448,Alive
16,11,725478.1515,4162696.72374999,9.0,62.771152,Alive
16,12,725476.75,4162695.75,9.5,69.322207,Alive
16,13,725475.70125,4162694.68575,8.7,65.875643,Alive
16,14,725474.25,4162693.25,0.0,0.0,Dead
16,15,725471.75,4162692.75,9.6,70.322608,Alive
16,16,725469.75,4162690.75,10.7,68.472008,Alive
16,17,725467.75,4162689.75,5.9,58.203307,Alive
16,18,725466.020999999,4162688.64449999,6.5,70.061503,Alive
16,19,725464.75,4162687.75,8.7,65.875643,Alive
16,20,725462.75,4162686.25,9.6,68.864543,Alive
16,21,725461.18475,4162685.47225,7.2,67.218712,Alive
16,22,725458.75,4162683.25,6.3,68.186848,Alive
16,23,725455.75,4162681.25,12.1,68.037227,Alive
16,24,725454.163249999,4162680.16674999,12.7,65.875643,Alive
16,25,725452.25,4162679.75,11.2,66.282847,Alive
16,26,725451.25,4162678.25,6.1,65.875643,Alive
16,27,725445.25,4162675.25,9.4,69.867883,Alive
16,28,725443.25,4162673.75,9.6,62.223128,Alive
16,29,725436.25,4162669.25,11.7,70.077352,Alive
16,30,725434.3275,4162666.96975,7.4,61.365887,Alive
16,31,725432.75,4162667.25,10.9,63.3004,Alive
16,32,725430.25,4162664.75,9.0,66.282847,Alive
16,33,725427.25,4162663.25,10.0,61.656328,Alive
16,34,725424.25,4162661.25,8.9,63.038123,Alive
16,35,725420.75,4162659.25,0.0,0.0,Dead
16,36,725418.25,4162657.25,10.6,65.875643,Alive
16,37,725414.75,4162655.25,8.0,64.059067,Alive
16,38,725412.25,4162653.25,10.1,57.163,Alive
16,39,725408.75,4162651.25,10.4,64.541375,Alive
16,40,725405.75,4162649.25,8.2,69.522875,Alive
16,41,725402.25,4162647.75,7.5,62.771152,Alive
16,42,725399.25,4162645.75,8.5,59.524667,Alive
16,43,725396.75,4162643.25,8.6,65.449663,Alive
16,44,725393.25,4162640.75,8.1,65.875643,Alive
16,45,725390.75,4162639.25,7.5,70.0,Alive
16,46,725387.25,4162637.25,11.1,68.331775,Alive
16,47,725384.25,4162635.25,9.4,64.775488,Alive
16,48,725380.75,4162633.25,7.0,69.102763,Alive
16,49,725378.25,4162631.25,8.3,66.479408,Alive
16,50,725376.27625,4162631.029,10.8,72.0,Alive
16,51,725374.25,4162630.25,8.4,72.2,Alive
17,1,725500.75,4162708.75,10.8,60.4664,Alive
17,2,725495.75,4162705.75,0.0,0.0,Dead
17,3,725490.25,4162701.75,9.3,62.499487,Alive
17,4,725487.75,4162699.25,0.0,0.0,Dead
17,5,725486.25,4162697.75,7.5,69.102763,Alive
17,6,725483.25,4162696.25,10.2,69.522875,Alive
17,7,725481.25,4162695.25,10.1,66.479408,Alive
17,8,725478.25,4162693.25,7.9,67.723903,Alive
17,9,725477.25,4162691.75,11.1,67.882912,Alive
17,10,725475.25,4162690.75,10.4,64.775488,Alive
17,11,725473.75,4162689.75,9.1,67.5602,Alive
17,12,725470.75,4162688.25,7.9,66.671275,Alive
17,13,725469.25,4162687.25,10.4,66.858448,Alive
17,14,725467.25,4162686.25,5.8,67.5602,Alive
17,15,725465.25,4162684.25,6.1,68.607547,Alive
17,16,725461.25,4162682.25,0.0,0.0,Dead
17,17,725459.783749999,4162681.10949999,8.0,65.229632,Alive
17,18,725458.75,4162680.25,9.2,68.607547,Alive
17,19,725455.75,4162678.25,10.3,70.077352,Alive
17,20,725454.25,4162676.75,11.2,69.704767,Alive
17,21,725449.75,4162674.75,9.0,66.479408,Alive
17,22,725446.75,4162673.25,8.8,62.499487,Alive
17,23,725444.25,4162670.25,8.6,67.391803,Alive
17,24,725440.75,4162668.75,10.0,69.214832,Alive
17,25,725438.25,4162666.75,7.4,70.466363,Alive
17,26,725434.25,4162664.75,0.0,0.0,Dead
17,27,725428.75,4162661.25,8.1,69.322207,Alive
17,28,725425.75,4162658.75,9.3,72.1,Alive
17,29,725422.75,4162655.75,8.1,70.2,Alive
17,30,725419.25,4162654.75,0.0,0.0,Dead
17,31,725416.75,4162652.75,13.5,69.424888,Alive
17,32,725413.75,4162650.25,7.9,75.6,Alive
17,33,725410.25,4162648.75,7.9,62.223128,Alive
17,34,725407.25,4162646.75,9.9,64.775488,Alive
17,35,725404.25,4162644.75,7.6,69.616168,Alive
17,36,725400.75,4162642.75,8.0,63.557983,Alive
17,37,725398.75,4162640.75,8.3,65.004907,Alive
17,38,725395.75,4162639.25,9.1,66.671275,Alive
17,39,725392.25,4162636.25,9.5,62.771152,Alive
17,40,725388.75,4162634.75,6.5,58.8,Alive
17,41,725386.25,4162632.75,12.1,62.499487,Alive
17,42,725382.75,4162630.75,6.0,65.875643,Alive
17,43,725379.75,4162628.25,9.6,69.214832,Alive
18,1,725504.186749999,4162707.41025,7.8,64.302568,Alive
18,2,725499.25,4162704.25,6.4,68.607547,Alive
18,3,725496.75,4162702.25,0.0,0.0,Dead
18,4,725489.25,4162696.75,8.7,69.322207,Alive
18,5,725487.75,4162695.75,11.8,65.229632,Alive
18,6,725485.6165,4162694.67375,0.0,0.0,Dead
18,7,725482.891749999,4162692.67975,9.3,70.332587,Alive
18,8,725481.25,4162691.75,11.6,66.3,Alive
18,9,725479.75,4162690.75,9.4,69.704767,Alive
18,10,725477.25,4162688.75,6.2,68.037227,Alive
18,11,725471.25,4162684.25,8.6,66.081592,Alive
18,12,725469.3645,4162683.5485,9.5,66.479408,Alive
18,13,725466.75,4162681.75,10.1,71.0,Alive
18,14,725464.75,4162680.25,9.6,67.723903,Alive
18,15,725463.221999999,4162679.71675,11.6,66.282847,Alive
18,16,725461.75,4162678.25,11.3,69.867883,Alive
18,17,725459.75,4162677.25,10.3,66.282847,Alive
18,18,725457.25,4162675.75,8.4,70.492768,Alive
18,19,725455.75,4162674.25,7.0,69.214832,Alive
18,20,725451.75,4162672.25,8.5,67.882912,Alive
18,21,725448.25,4162670.75,9.9,65.229632,Alive
18,22,725448.75,4162669.75,10.9,65.875643,Alive
18,23,725445.25,4162668.25,13.7,65.229632,Alive
18,24,725442.25,4162666.25,10.5,64.302568,Alive
18,25,725440.905999999,4162666.55624999,0.0,0.0,Dead
18,26,725439.75,4162664.25,8.8,58.540688,Alive
18,27,725437.858,4162662.93,11.0,71.2,Alive
18,28,725436.25,4162662.25,9.0,71.3,Alive
18,29,725433.25,4162660.25,7.5,70.401823,Alive
18,30,725431.40775,4162659.4205,10.3,70.2,Alive
18,31,725430.25,4162657.75,9.3,67.723903,Alive
18,32,725427.25,4162655.75,10.6,63.038123,Alive
18,33,725423.75,4162653.75,9.0,70.077352,Alive
18,34,725421.25,4162651.75,6.2,65.665,Alive
18,35,725418.25,4162650.25,7.4,67.040927,Alive
18,36,725414.75,4162648.25,9.1,65.449663,Alive
18,37,725412.25,4162645.75,12.6,64.541375,Alive
18,38,725408.75,4162644.25,7.9,64.775488,Alive
18,39,725405.75,4162641.75,8.4,67.391803,Alive
18,40,725402.75,4162640.25,10.0,69.867883,Alive
18,41,725399.75,4162638.25,10.0,63.810872,Alive
18,42,725396.75,4162635.75,6.8,64.302568,Alive
18,43,725393.75,4162633.75,6.0,66.282847,Alive
18,44,725390.25,4162632.25,7.6,67.218712,Alive
18,45,725387.75,4162630.25,6.9,69.322207,Alive
18,46,725384.75,4162627.75,10.5,69.102763,Alive
18,47,725381.25,4162625.75,0.0,0.0,Dead
18,48,725377.658,4162624.53574999,11.0,66.081592,Alive
19,1,725505.25,4162704.25,9.7,65.875643,Alive
19,2,725504.50375,4162703.33474999,7.0,70.452283,Alive
19,3,725501.75,4162700.25,9.6,67.040927,Alive
19,4,725499.658999999,4162700.51425,7.5,75.7,Alive
19,5,725496.25,4162696.75,8.3,62.223128,Alive
19,6,725492.75,4162696.75,10.0,67.5602,Alive
19,7,725491.0365,4162694.074,7.6,65.875643,Alive
19,8,725487.75,4162692.25,7.6,65.875643,Alive
19,9,725486.25,4162691.25,6.5,70.137787,Alive
19,10,725485.25375,4162689.87275,5.7,71.0,Alive
19,11,725482.75,4162689.25,10.5,69.788672,Alive
19,12,725479.75,4162687.25,11.9,68.472008,Alive
19,13,725476.75,4162685.25,9.4,68.607547,Alive
19,14,725475.746249999,4162683.8445,7.6,63.3004,Alive
19,15,725474.25,4162683.25,6.6,68.331775,Alive
19,16,725472.25,4162681.75,10.8,69.522875,Alive
19,17,725469.25,4162680.25,10.1,66.671275,Alive
19,18,725467.75,4162678.75,7.6,67.040927,Alive
19,19,725466.614749999,4162679.70674999,7.6,61.656328,Alive
19,20,725465.069,4162677.20175,7.7,69.616168,Alive
19,21,725463.25,4162676.25,10.9,70.244575,Alive
19,22,725460.25,4162673.75,12.7,53.3,Alive
19,23,725458.75,4162672.75,7.0,67.218712,Alive
19,24,725455.25,4162671.25,9.8,66.479408,Alive
19,25,725453.25,4162669.25,11.0,69.4,Alive
19,26,725450.25,4162667.25,8.4,70.137787,Alive
19,27,725447.75,4162665.25,13.1,69.616168,Alive
19,28,725443.75,4162663.25,6.3,70.5,Alive
19,29,725440.75,4162661.75,8.4,67.040927,Alive
19,30,725438.25,4162659.75,9.1,68.864543,Alive
19,31,725434.75,4162657.75,10.3,60.4664,Alive
19,32,725432.25,4162655.75,7.5,66.858448,Alive
19,33,725426.25,4162651.75,10.9,62.223128,Alive
19,34,725422.75,4162649.25,8.0,64.302568,Alive
19,35,725418.013249999,4162645.36524999,9.4,68.331775,Alive
19,36,725416.75,4162645.75,7.3,70.8,Alive
19,37,725413.75,4162643.25,8.0,70.077352,Alive
19,38,725411.25,4162642.25,10.5,70.9,Alive
19,39,725407.25,4162639.75,11.7,63.038123,Alive
19,40,725404.25,4162637.25,9.0,69.424888,Alive
19,41,725401.75,4162635.75,10.5,68.864543,Alive
19,42,725398.25,4162633.25,8.0,68.738392,Alive
19,43,725395.25,4162631.25,8.7,74.8,Alive
19,44,725392.25,4162629.75,0.0,0.0,Dead
19,45,725389.25,4162627.25,10.2,68.864543,Alive
19,46,725385.75,4162625.75,10.6,66.671275,Alive
19,47,725383.25,4162623.25,9.8,68.986,Alive
19,48,725377.75,4162621.25,8.2,67.723903,Alive
20,1,725495.25,4162693.25,11.7,67.040927,Alive
20,2,725492.75,4162691.25,8.3,65.229632,Alive
20,3,725489.75,4162689.75,7.9,65.004907,Alive
20,4,725487.75,4162688.75,6.5,68.738392,Alive
20,5,725484.75,4162686.75,14.1,63.3004,Alive
20,6,725482.75,4162684.75,9.4,66.858448,Alive
20,7,725480.25,4162683.75,11.1,64.059067,Alive
20,8,725477.25,4162681.75,8.3,75.6,Alive
20,9,725475.75,4162680.25,11.6,69.102763,Alive
20,10,725472.75,4162678.75,8.0,71.4,Alive
20,11,725471.25,4162677.75,5.9,63.810872,Alive
20,12,725469.641749999,4162676.68825,9.5,66.081592,Alive
20,13,725468.25,4162675.75,11.1,68.864543,Alive
20,14,725466.75,4162674.75,9.5,68.472008,Alive
20,15,725463.75,4162672.75,8.0,60.4664,Alive
20,16,725462.25,4162671.25,7.6,69.322207,Alive
20,17,725460.25,4162670.25,9.0,67.723903,Alive
20,18,725458.25,4162669.75,9.4,70.077352,Alive
20,19,725456.75,4162668.75,8.6,71.0,Alive
20,20,725454.75,4162667.25,8.4,70.481032,Alive
20,21,725451.75,4162664.75,9.4,64.302568,Alive
20,22,725448.75,4162663.25,10.8,66.479408,Alive
20,23,725445.75,4162661.25,6.7,65.665,Alive
20,24,725442.25,4162659.25,8.9,66.671275,Alive
20,25,725439.75,4162656.75,7.6,67.5602,Alive
20,26,725436.75,4162654.75,10.4,67.218712,Alive
20,27,725433.75,4162653.25,9.9,68.037227,Alive
20,28,725430.75,4162651.25,8.8,69.867883,Alive
20,29,725427.75,4162648.75,8.3,63.557983,Alive
20,30,725424.25,4162646.75,8.1,69.214832,Alive
20,31,725421.25,4162645.25,10.6,64.059067,Alive
20,32,725418.75,4162642.75,9.8,65.449663,Alive
20,33,725417.37225,4162644.10724999,9.1,66.858448,Alive
20,34,725415.25,4162641.25,9.5,62.771152,Alive
20,35,725412.25,4162639.25,6.1,66.081592,Alive
20,36,725408.75,4162636.75,12.6,65.875643,Alive
20,37,725406.25,4162635.25,9.1,64.775488,Alive
20,38,725403.25,4162633.25,10.6,66.479408,Alive
20,39,725400.25,4162631.25,6.7,67.218712,Alive
20,40,725399.014749999,4162631.632,0.0,0.0,Dead
20,41,725396.75,4162629.25,8.4,67.723903,Alive
20,42,725393.75,4162627.25,10.3,70.481032,Alive
20,43,725390.75,4162624.75,6.9,70.322608,Alive
20,44,725387.75,4162623.25,7.0,66.081592,Alive
20,45,725384.75,4162620.25,6.7,64.775488,Alive
20,46,725379.75,4162618.25,5.8,69.616168,Alive
20,47,725380.13075,4162616.79925,7.7,68.738392,Alive
21,1,725497.25,4162690.75,12.3,65.665,Alive
21,2,725494.25,4162688.75,12.2,69.4,Alive
21,3,725492.14875,4162688.01275,9.9,71.2,Alive
21,4,725491.25,4162686.75,10.6,70.290928,Alive
21,5,725490.788249999,4162684.99324999,9.3,72.8,Alive
21,6,725488.25,4162684.75,9.5,69.8,Alive
21,7,725486.13,4162684.22575,10.0,71.4,Alive
21,8,725483.75,4162681.75,8.7,63.5,Alive
21,9,725481.71025,4162681.09125,8.7,67.218712,Alive
21,10,725480.25,4162679.75,8.7,69.867883,Alive
21,11,725477.75,4162677.75,5.2,59.201368,Alive
21,12,725475.75,4162676.75,12.8,67.882912,Alive
21,13,725472.75,4162675.25,8.9,66.671275,Alive
21,14,725472.444499999,4162673.12525,7.7,67.882912,Alive
21,15,725470.75,4162673.75,7.2,67.040927,Alive
21,16,725468.25,4162672.25,7.4,69.102763,Alive
21,17,725466.25,4162671.25,10.8,67.5602,Alive
21,18,725463.75,4162669.25,10.0,67.882912,Alive
21,19,725462.25,4162667.75,6.7,68.037227,Alive
21,20,725460.25,4162666.75,8.7,64.302568,Alive
21,21,725458.75,4162665.75,9.2,70.470472,Alive
21,22,725456.75,4162663.75,8.4,64.775488,Alive
21,23,725453.75,4162662.25,7.0,69.616168,Alive
21,24,725450.75,4162660.75,8.8,68.186848,Alive
21,25,725447.75,4162658.25,5.7,63.810872,Alive
21,26,725444.75,4162655.75,6.9,71.3,Alive
21,27,725441.75,4162654.75,8.2,66.671275,Alive
21,28,725438.25,4162652.75,0.0,0.0,Dead
21,29,725435.75,4162650.25,6.9,69.102763,Alive
21,30,725432.25,4162647.75,9.4,67.5602,Alive
21,31,725429.25,4162646.75,11.1,65.229632,Alive
21,32,725426.25,4162644.25,10.4,65.004907,Alive
21,33,725424.537,4162641.79675,8.5,68.186848,Alive
21,34,725423.25,4162642.25,7.1,69.102763,Alive
21,35,725420.25,4162640.25,8.4,66.081592,Alive
21,36,725417.75,4162638.25,8.7,66.858448,Alive
21,37,725414.25,4162636.75,8.6,69.9424,Alive
21,38,725411.25,4162634.25,10.9,61.942075,Alive
21,39,725409.591499999,4162634.28599999,9.3,68.986,Alive
21,40,725407.75,4162632.75,8.9,67.218712,Alive
21,41,725404.75,4162630.75,5.7,65.875643,Alive
21,42,725402.25,4162627.75,8.7,60.4,Alive
21,43,725398.25,4162626.25,8.3,69.214832,Alive
21,44,725395.75,4162624.25,12.8,69.867883,Alive
21,45,725393.25,4162622.75,8.4,65.004907,Alive
21,46,725389.75,4162620.25,7.9,66.282847,Alive
21,47,725386.25,4162618.25,5.2,70.422943,Alive
21,48,725385.25,4162616.75,9.3,65.449663,Alive
21,49,725380.841499999,4162615.6035,8.4,68.331775,Alive
22,1,725495.75,4162686.75,10.3,60.157183,Alive
22,2,725492.75,4162684.25,9.5,66.479408,Alive
22,3,725491.25,4162683.75,10.5,67.218712,Alive
22,4,725488.25,4162681.75,10.6,77.1,Alive
22,5,725486.75,4162680.25,11.3,68.738392,Alive
22,6,725485.25,4162679.75,6.4,66.479408,Alive
22,7,725483.75,4162678.25,7.5,69.102763,Alive
22,8,725481.75,4162677.25,8.1,69.322207,Alive
22,9,725480.574,4162676.39625,8.5,68.331775,Alive
22,10,725478.75,4162675.25,9.0,65.875643,Alive
22,11,725477.75,4162674.75,7.5,65.875643,Alive
22,12,725476.004749999,4162673.30525,11.1,63.557983,Alive
22,13,725474.25,4162672.75,7.7,70.012223,Alive
22,14,725472.75,4162671.25,10.6,66.479408,Alive
22,15,725471.13,4162670.38625,7.5,66.858448,Alive
22,16,725470.25,4162669.75,8.8,64.775488,Alive
22,17,725468.25,4162668.25,8.0,61.942075,Alive
22,18,725467.25025,4162667.14724999,9.5,62.499487,Alive
22,19,725465.25,4162666.75,5.9,65.665,Alive
22,20,725463.75,4162665.75,7.4,67.5602,Alive
22,21,725460.75,4162663.25,0.0,0.0,Dead
22,22,725458.25,4162661.75,7.8,68.738392,Alive
22,23,725455.25,4162659.75,9.4,70.077352,Alive
22,24,725452.25,4162657.75,7.6,69.9424,Alive
22,25,725449.25,4162655.75,8.8,65.6,Alive
22,26,725443.75,4162652.25,0.0,0.0,Dead
22,27,725440.25,4162649.75,7.1,70.470472,Alive
22,28,725437.088499999,4162646.93725,8.3,67.5602,Alive
22,29,725433.75,4162645.75,6.8,68.738392,Alive
22,30,725430.75,4162643.75,7.5,67.882912,Alive
22,31,725427.75,4162642.25,8.7,65.875643,Alive
22,32,725425.25,4162639.75,11.4,68.331775,Alive
22,33,725421.75,4162637.75,10.3,66.081592,Alive
22,34,725415.75,4162633.75,10.2,66.858448,Alive
22,35,725412.75,4162631.75,12.1,70.466363,Alive
22,36,725409.75,4162630.25,10.3,67.5602,Alive
22,37,725406.75,4162628.25,8.3,69.424888,Alive
22,38,725403.25,4162625.25,5.9,70.7,Alive
22,39,725400.25,4162624.25,9.2,68.472008,Alive
22,40,725397.25,4162621.75,7.5,67.5602,Alive
22,41,725394.25,4162619.75,9.9,68.607547,Alive
22,42,725391.25,4162617.75,8.5,65.875643,Alive
22,43,725388.25,4162615.25,8.8,66.858448,Alive
22,44,725383.75,4162611.75,10.9,64.541375,Alive
23,1,725505.75,4162688.75,7.3,70.137787,Alive
23,2,725502.75,4162687.25,9.0,67.8,Alive
23,3,725500.75,4162685.25,9.1,59.524667,Alive
23,4,725497.25,4162684.25,11.4,67.723903,Alive
23,5,725496.25,4162682.25,8.9,66.7,Alive
23,6,725492.75,4162680.75,10.3,68.037227,Alive
23,7,725491.25,4162679.75,9.0,62.499487,Alive
23,8,725489.8155,4162678.65774999,9.6,67.5602,Alive
23,9,725488.25,4162677.75,8.7,73.7,Alive
23,10,725485.25,4162675.75,6.7,68.472008,Alive
23,11,725483.75,4162674.75,8.6,67.218712,Alive
23,12,725482.25,4162673.75,6.3,58.4,Alive
23,13,725480.75,4162672.75,10.0,69.214832,Alive
23,14,725479.25,4162671.75,10.9,68.738392,Alive
23,15,725478.3225,4162670.97049999,8.4,70.077352,Alive
23,16,725476.25,4162669.75,5.0,66.5,Alive
23,17,725474.25,4162668.75,10.5,64.7,Alive
23,18,725471.75,4162666.75,5.5,62.499487,Alive
23,19,725468.25,4162664.75,10.3,69.522875,Alive
23,20,725466.4435,4162664.06449999,8.9,62.499487,Alive
23,21,725463.75,4162662.25,7.9,65.665,Alive
23,22,725462.25,4162660.75,9.7,69.9424,Alive
23,23,725459.75,4162659.25,11.8,58.540688,Alive
23,24,725457.25,4162657.75,9.7,72.1,Alive
23,25,725454.25,4162655.25,8.9,63.038123,Alive
23,26,725453.660249999,4162654.23524999,6.3,67.5602,Alive
23,27,725450.75,4162653.25,7.7,69.102763,Alive
23,28,725444.75,4162649.25,9.4,69.214832,Alive
23,29,725441.25,4162647.25,7.3,66.081592,Alive
23,30,725438.25,4162644.75,9.3,67.040927,Alive
23,31,725435.75,4162643.25,7.5,67.218712,Alive
23,32,725432.25,4162641.25,8.5,58.4,Alive
23,33,725429.25,4162639.25,0.0,0.0,Dead
23,34,725426.75,4162637.25,6.6,66.858448,Alive
23,35,725423.25,4162635.75,8.6,68.186848,Alive
23,36,725416.75,4162631.25,9.5,64.775488,Alive
23,37,725411.25,4162627.25,9.5,67.882912,Alive
23,38,725408.25,4162625.25,6.9,67.723903,Alive
23,39,725405.25,4162623.75,8.9,67.5602,Alive
23,40,725402.25,4162621.25,9.2,68.186848,Alive
23,41,725398.75,4162619.25,6.9,63.810872,Alive
23,42,725395.75,4162617.25,8.9,65.449663,Alive
23,43,725392.75,4162615.25,9.0,61.942075,Alive
23,44,725389.75,4162613.25,11.3,64.775488,Alive
23,45,725381.241,4162608.092,10.7,63.810872,Alive
24,1,725505.25,4162684.25,7.9,68.331775,Alive
24,2,725502.25,4162682.25,11.4,66.081592,Alive
24,3,725499.25,4162681.25,9.7,67.5602,Alive
24,4,725498.25,4162680.25,8.2,63.810872,Alive
24,5,725495.75,4162679.75,5.9,66.671275,Alive
24,6,725493.25,4162677.25,8.9,64.541375,Alive
24,7,725491.75,4162676.25,7.9,65.875643,Alive
24,8,725490.14275,4162675.54325,6.0,66.858448,Alive
24,9,725488.25,4162674.75,8.1,67.218712,Alive
24,10,725486.75,4162672.75,7.8,70.137787,Alive
24,11,725484.25,4162671.25,8.6,68.472008,Alive
24,12,725480.75,4162669.25,7.2,67.5602,Alive
24,13,725477.75,4162667.25,11.3,64.059067,Alive
24,14,725476.16125,4162666.52275,8.0,72.3,Alive
24,15,725474.75,4162665.25,12.9,63.3004,Alive
24,16,725471.75,4162663.25,8.0,68.186848,Alive
24,17,725468.75,4162661.25,10.6,63.7,Alive
24,18,725465.25,4162659.25,9.0,61.365887,Alive
24,19,725461.75,4162656.75,9.3,67.882912,Alive
24,20,725458.75,4162654.75,9.4,68.037227,Alive
24,21,725455.25,4162652.75,7.7,61.070752,Alive
24,22,725452.25,4162650.75,7.2,67.5602,Alive
24,23,725450.452249999,4162647.75,0.0,0.0,Dead
24,24,725449.25,4162649.25,10.2,66.081592,Alive
24,25,725446.75,4162647.25,9.8,65.665,Alive
24,26,725443.25,4162644.75,9.0,69.522875,Alive
24,27,725440.25,4162642.75,10.6,68.607547,Alive
24,28,725437.25,4162640.75,11.0,63.4,Alive
24,29,725433.75,4162638.75,7.3,69.0,Alive
24,30,725430.25,4162635.75,7.6,66.671275,Alive
24,31,725424.75,4162632.75,8.4,71.2,Alive
24,32,725421.75,4162630.75,10.6,62.223128,Alive
24,33,725418.75,4162628.75,10.4,70.077352,Alive
24,34,725413.25,4162625.25,7.4,65.875643,Alive
24,35,725409.75,4162622.75,9.3,56.7,Alive
24,36,725406.75,4162620.75,11.8,70.180027,Alive
24,37,725403.75,4162618.75,10.6,65.875643,Alive
24,38,725400.25,4162616.75,9.5,65.229632,Alive
24,39,725397.25,4162614.75,8.5,68.472008,Alive
24,40,725394.25,4162612.75,9.1,67.7,Alive
24,41,725391.25,4162610.75,0.0,0.0,Dead
25,1,725509.25,4162683.75,10.0,64.541375,Alive
25,2,725500.75,4162678.75,8.8,69.102763,Alive
25,3,725499.4965,4162678.79174999,10.1,69.867883,Alive
25,4,725495.25,4162675.25,7.7,68.986,Alive
25,5,725492.75,4162673.75,11.0,69.322207,Alive
25,6,725491.25,4162672.75,9.7,69.322207,Alive
25,7,725488.75,4162670.75,11.0,68.472008,Alive
25,8,725486.75,4162669.75,8.3,64.059067,Alive
25,9,725484.25,4162668.25,12.2,73.7,Alive
25,10,725482.25,4162666.75,9.4,67.5602,Alive
25,11,725479.25,4162664.75,10.0,65.004907,Alive
25,12,725477.680249999,4162663.70475,9.7,59.201368,Alive
25,13,725476.25,4162662.75,8.6,65.875643,Alive
25,14,725474.75,4162661.25,10.7,70.4,Alive
25,15,725470.25,4162658.75,10.8,68.986,Alive
25,16,725468.75,4162657.75,9.0,67.5602,Alive
25,17,725465.75,4162655.75,9.1,69.704767,Alive
25,18,725464.884749999,4162654.11599999,9.5,70.193528,Alive
25,19,725463.25,4162654.25,8.9,70.452283,Alive
25,20,725460.25,4162652.25,0.0,0.0,Dead
25,21,725456.75,4162650.25,7.8,68.864543,Alive
25,22,725453.75,4162648.25,7.6,67.218712,Alive
25,23,725451.25,4162646.25,9.0,68.864543,Alive
25,24,725448.25,4162644.75,7.6,64.541375,Alive
25,25,725444.75,4162642.25,0.0,0.0,Dead
25,26,725441.75,4162640.25,11.6,69.322207,Alive
25,27,725438.75,4162638.25,7.9,61.942075,Alive
25,28,725435.75,4162636.25,8.5,68.738392,Alive
25,29,725432.75,4162634.25,8.6,56.445992,Alive
25,30,725429.25,4162632.25,5.7,68.037227,Alive
25,31,725426.75,4162630.25,9.0,68.864543,Alive
25,32,725420.25,4162626.75,5.3,69.522875,Alive
25,33,725417.25,4162624.75,9.8,63.038123,Alive
25,34,725414.25,4162622.75,11.4,62.499487,Alive
25,35,725411.75,4162620.25,12.2,68.864543,Alive
25,36,725405.25,4162616.25,8.6,67.723903,Alive
25,37,725402.75,4162614.75,8.9,67.882912,Alive
25,38,725399.25,4162612.25,0.0,0.0,Dead
25,39,725392.75,4162608.25,8.1,70.332587,Alive
25,40,725389.25,4162604.75,5.5,66.081592,Alive
25,41,725385.784749999,4162603.89674999,8.5,67.882912,Alive
26,1,725512.75,4162681.75,9.0,69.322207,Alive
26,2,725510.099,4162679.72725,8.3,70.496288,Alive
26,3,725507.75,4162679.25,10.6,66.282847,Alive
26,4,725502.25,4162676.25,9.1,69.3,Alive
26,5,725499.25,4162674.75,8.5,67.391803,Alive
26,6,725497.75,4162673.25,8.3,64.059067,Alive
26,7,725496.25,4162672.25,9.5,66.282847,Alive
26,8,725494.25,4162671.25,10.3,65.875643,Alive
26,9,725492.327249999,4162670.612,8.9,69.214832,Alive
26,10,725489.75,4162668.75,11.6,70.193528,Alive
26,11,725486.75,4162666.25,8.2,70.0,Alive
26,12,725483.75,4162664.25,11.6,61.942075,Alive
26,13,725480.75,4162662.25,6.7,63.810872,Alive
26,14,725479.291749999,4162660.67075,7.8,69.322207,Alive
26,15,725477.75,4162660.25,9.5,66.479408,Alive
26,16,725476.3915,4162659.16825,8.9,66.671275,Alive
26,17,725474.75,4162658.25,6.8,68.331775,Alive
26,18,725472.476249999,4162657.22399999,10.9,64.775488,Alive
26,19,725470.75,4162654.75,7.8,68.864543,Alive
26,20,725468.75,4162654.25,9.5,67.723903,Alive
26,21,725467.25,4162652.75,11.6,68.864543,Alive
26,22,725461.75,4162649.75,11.2,70.290928,Alive
26,23,725459.25,4162647.75,9.8,69.867883,Alive
26,24,725455.75,4162645.75,12.2,69.322207,Alive
26,25,725452.75,4162644.25,7.6,69.522875,Alive
26,26,725449.75,4162641.75,8.6,64.541375,Alive
26,27,725443.25,4162637.75,8.7,66.858448,Alive
26,28,725440.75,4162635.75,8.7,68.331775,Alive
26,29,725437.25,4162633.75,7.7,67.723903,Alive
26,30,725434.75,4162632.25,11.6,68.037227,Alive
26,31,725431.75,4162629.75,9.3,67.2,Alive
26,32,725428.75,4162627.75,7.5,65.449663,Alive
26,33,725425.25,4162626.25,9.3,69.214832,Alive
26,34,725422.25,4162623.75,8.6,67.5602,Alive
26,35,725419.25,4162622.25,10.1,64.541375,Alive
26,36,725416.25,4162619.25,0.0,0.0,Dead
26,37,725412.75,4162617.75,9.7,70.012223,Alive
26,38,725409.75,4162615.75,0.0,0.0,Dead
26,39,725408.85825,4162616.54625,0.0,0.0,Dead
26,40,725407.25,4162613.75,9.6,67.391803,Alive
26,41,725403.75,4162611.75,6.5,65.449663,Alive
26,42,725397.75,4162608.25,11.7,69.9424,Alive
26,43,725394.75,4162605.75,9.3,69.322207,Alive
26,44,725386.25,4162600.75,7.5,66.081592,Alive
27,1,725508.25,4162675.25,8.7,69.0,Alive
27,2,725501.75,4162671.75,9.9,61.656328,Alive
27,3,725500.29625,4162669.81174999,11.4,69.1,Alive
27,4,725498.75,4162669.75,7.7,65.449663,Alive
27,5,725496.75,4162668.75,9.0,67.5602,Alive
27,6,725494.75,4162667.75,9.6,68.986,Alive
27,7,725492.25,4162665.75,10.6,70.483967,Alive
27,8,725490.61175,4162664.50925,8.2,68.472008,Alive
27,9,725489.25,4162663.75,11.2,69.424888,Alive
27,10,725486.25,4162661.75,8.4,68.986,Alive
27,11,725482.75,4162659.75,7.9,65.449663,Alive
27,12,725480.75,4162659.25,12.4,70.077352,Alive
27,13,725480.25,4162657.25,8.3,73.6,Alive
27,14,725476.75,4162655.75,10.1,66.858448,Alive
27,15,725475.75,4162654.75,0.0,0.0,Dead
27,16,725473.75,4162653.25,9.8,68.186848,Alive
27,17,725472.25,4162652.75,8.5,71.6,Alive
27,18,725470.25,4162651.75,7.2,71.9,Alive
27,19,725468.25,4162649.25,8.2,66.081592,Alive
27,20,725466.75,4162648.25,11.0,63.038123,Alive
27,21,725464.75,4162648.25,0.0,0.0,Dead
27,22,725463.53075,4162646.48774999,13.0,69.9424,Alive
27,23,725461.25,4162645.75,10.6,60.770923,Alive
27,24,725460.75,4162644.25,9.3,64.059067,Alive
27,25,725458.75,4162643.75,9.1,68.472008,Alive
27,26,725457.25,4162642.75,12.0,71.9,Alive
27,27,725452.800249999,4162639.7705,11.3,68.864543,Alive
27,28,725451.25,4162638.75,11.3,69.322207,Alive
27,29,725449.25,4162637.75,6.4,64.6,Alive
27,30,725446.25,4162635.75,0.0,0.0,Dead
27,31,725444.876249999,4162635.21824999,11.7,66.282847,Alive
27,32,725443.25,4162634.25,7.8,66.282847,Alive
27,33,725441.247749999,4162632.7135,9.8,68.2,Alive
27,34,725440.25,4162631.75,10.2,70.9,Alive
27,35,725437.25,4162629.75,8.2,70.193528,Alive
27,36,725433.75,4162628.25,12.4,66.081592,Alive
27,37,725429.75,4162625.25,10.0,65.229632,Alive
27,38,725426.75,4162623.75,7.8,69.214832,Alive
27,39,725421.65925,4162620.7625,0.0,0.0,Dead
27,40,725420.75,4162619.25,9.4,70.332587,Alive
27,41,725417.75,4162617.25,11.4,68.986,Alive
27,42,725413.75,4162615.75,10.2,68.186848,Alive
27,43,725411.25,4162613.75,7.0,66.858448,Alive
27,44,725408.75,4162611.25,9.1,77.7,Alive
27,45,725399.75,4162605.25,10.6,65.665,Alive
27,46,725396.25,4162603.75,8.6,63.557983,Alive
28,1,725512.25,4162673.25,7.8,69.424888,Alive
28,2,725506.25,4162671.25,8.3,64.6,Alive
28,3,725501.25,4162668.25,11.2,67.040927,Alive
28,4,725496.55775,4162666.04625,8.2,63.3004,Alive
28,5,725495.25,4162664.25,9.8,60.770923,Alive
28,6,725492.25,4162662.25,9.8,68.986,Alive
28,7,725488.25,4162659.25,10.5,66.671275,Alive
28,8,725486.25,4162658.25,0.0,0.0,Dead
28,9,725484.75,4162657.25,7.8,68.331775,Alive
28,10,725482.75,4162656.25,9.3,66.671275,Alive
28,11,725478.25,4162653.25,8.9,67.882912,Alive
28,12,725477.25,4162651.75,8.7,69.788672,Alive
28,13,725474.25,4162650.25,9.9,70.077352,Alive
28,14,725472.75,4162648.75,12.3,65.449663,Alive
28,15,725470.75,4162647.75,10.9,67.218712,Alive
28,16,725466.25,4162645.25,9.0,65.875643,Alive
28,17,725464.75,4162644.25,10.9,68.4,Alive
28,18,725460.735499999,4162642.656,8.2,67.882912,Alive
28,19,725460.25,4162641.25,12.0,66.081592,Alive
28,20,725458.75,4162640.25,7.1,65.449663,Alive
28,21,725457.25,4162639.25,5.7,68.738392,Alive
28,22,725455.75,4162638.25,9.5,66.282847,Alive
28,23,725453.8075,4162637.47899999,10.6,68.986,Alive
28,24,725452.25,4162635.75,9.2,69.788672,Alive
28,25,725449.75,4162634.25,8.3,63.038123,Alive
28,26,725448.25,4162633.25,7.6,67.882912,Alive
28,27,725446.25,4162632.25,8.5,69.6,Alive
28,28,725444.75,4162631.25,8.7,67.723903,Alive
28,29,725443.25,4162630.25,8.8,70.492768,Alive
28,30,725441.75,4162629.25,7.5,66.4,Alive
28,31,725440.25,4162628.25,9.8,69.9424,Alive
28,32,725436.75,4162626.25,9.2,70.012223,Alive
28,33,725434.25,4162624.25,8.7,68.607547,Alive
28,34,725431.25,4162623.25,6.5,63.810872,Alive
28,35,725428.75,4162621.25,7.8,67.218712,Alive
28,36,725425.25,4162618.75,0.0,0.0,Dead
28,37,725421.75,4162617.25,9.2,63.038123,Alive
28,38,725419.25,4162615.25,11.2,67.3,Alive
28,39,725416.25,4162613.25,8.7,66.081592,Alive
28,40,725412.75,4162611.25,0.0,0.0,Dead
28,41,725410.25,4162608.75,4.8,66.671275,Alive
28,42,725407.25,4162606.75,7.9,66.8,Alive
28,43,725404.25,4162604.75,11.2,65.004907,Alive
28,44,725401.75,4162602.25,6.7,65.875643,Alive
28,45,725397.75,4162600.75,10.6,67.218712,Alive
28,46,725393.75,4162597.25,11.4,69.1,Alive
29,1,725511.75,4162669.25,6.9,68.331775,Alive
29,2,725508.25,4162669.25,8.3,67.218712,Alive
29,3,725506.25,4162667.75,9.4,66.282847,Alive
29,4,725503.75,4162665.75,10.9,68.986,Alive
29,5,725501.75,4162664.75,8.4,62.771152,Alive
29,6,725501.420249999,4162662.9125,7.3,61.365887,Alive
29,7,725498.75,4162662.75,8.1,66.671275,Alive
29,8,725495.75,4162660.75,10.3,65.229632,Alive
29,9,725494.25,4162659.75,6.9,68.986,Alive
29,10,725492.75,4162658.75,8.9,66.858448,Alive
29,11,725490.75,4162657.75,6.9,70.481032,Alive
29,12,725489.25,4162656.75,6.8,63.810872,Alive
29,13,725488.25,4162655.75,0.0,0.0,Dead
29,14,725484.75,4162653.75,8.2,65.449663,Alive
29,15,725482.25,4162651.25,0.0,0.0,Dead
29,16,725480.550249999,4162650.0465,9.6,65.665,Alive
29,17,725479.25,4162649.75,8.5,68.6,Alive
29,18,725475.75,4162647.75,0.0,0.0,Dead
29,19,725474.25,4162646.25,11.9,68.186848,Alive
29,20,725470.75,4162644.75,0.0,0.0,Dead
29,21,725468.25,4162642.25,7.5,67.723903,Alive
29,22,725465.75,4162641.75,7.6,67.882912,Alive
29,23,725462.25,4162638.75,11.7,67.5602,Alive
29,24,725460.25,4162637.75,5.9,69.7,Alive
29,25,725457.25,4162635.75,9.3,65.449663,Alive
29,26,725454.14725,4162633.73224999,0.0,0.0,Dead
29,27,725452.75,4162632.75,7.8,64.059067,Alive
29,28,725449.75,4162630.25,0.0,0.0,Dead
29,29,725446.75,4162628.75,9.3,69.616168,Alive
29,30,725443.25,4162626.25,10.3,62.499487,Alive
29,31,725440.75,4162624.75,10.8,66.3,Alive
29,32,725437.75,4162622.75,12.9,69.214832,Alive
29,33,725435.25,4162621.75,12.4,69.424888,Alive
29,34,725433.25,4162620.75,9.3,67.218712,Alive
29,35,725430.25,4162618.75,10.3,66.081592,Alive
29,36,725427.25,4162616.75,7.0,67.218712,Alive
29,37,725424.25,4162614.75,11.0,62.771152,Alive
29,38,725421.25,4162612.25,8.9,68.331775,Alive
29,39,725418.25,4162610.25,6.7,65.875643,Alive
29,40,725414.75,4162608.25,8.8,67.040927,Alive
29,41,725411.75,4162606.75,7.7,63.557983,Alive
29,42,725408.75,4162604.25,11.5,63.3004,Alive
29,43,725405.75,4162602.25,7.5,69.424888,Alive
29,44,725404.9325,4162600.20899999,0.0,0.0,Dead
29,45,725402.75,4162600.25,8.8,66.479408,Alive
29,46,725395.25,4162596.25,7.8,61.070752,Alive
30,1,725509.25,4162666.25,8.9,69.924203,Alive
30,2,725508.25,4162664.75,6.0,63.038123,Alive
30,3,725506.25,4162663.75,11.9,67.040927,Alive
30,4,725504.75,4162663.25,9.5,68.1,Alive
30,5,725502.25,4162661.25,0.0,0.0,Dead
30,6,725500.25,4162660.25,11.9,67.218712,Alive
30,7,725498.25,4162659.25,7.9,69.102763,Alive
30,8,725495.75,4162656.75,7.7,66.282847,Alive
30,9,725492.75,4162655.25,10.6,68.738392,Alive
30,10,725489.75,4162652.75,10.6,69.9424,Alive
30,11,725487.75,4162652.25,7.5,70.193528,Alive
30,12,725485.25,4162649.75,9.0,66.479408,Alive
30,13,725480.25,4162647.25,11.1,68.607547,Alive
30,14,725479.25,4162646.25,7.6,66.479408,Alive
30,15,725477.25,4162644.75,8.1,71.1,Alive
30,16,725475.25,4162643.75,8.3,67.218712,Alive
30,17,725472.75,4162642.25,6.8,70.137787,Alive
30,18,725469.75,4162640.25,9.0,65.229632,Alive
30,19,725467.75,4162639.75,11.0,69.867883,Alive
30,20,725465.25,4162637.25,9.0,66.858448,Alive
30,21,725463.25,4162635.75,9.2,63.038123,Alive
30,22,725460.75,4162634.25,7.5,63.810872,Alive
30,23,725458.75,4162633.25,7.8,68.037227,Alive
30,24,725456.83825,4162632.2675,8.0,68.037227,Alive
30,25,725455.75,4162631.25,7.2,67.5602,Alive
30,26,725452.75,4162629.75,8.7,68.607547,Alive
30,27,725450.75,4162628.25,11.0,69.867883,Alive
30,28,725448.25,4162626.25,7.9,70.401823,Alive
30,29,725444.75,4162624.75,7.5,69.6,Alive
30,30,725442.25,4162622.25,9.4,70.7,Alive
30,31,725440.25,4162621.75,9.9,68.331775,Alive
30,32,725438.75,4162620.75,7.9,71.1,Alive
30,33,725434.75,4162618.25,9.3,67.9,Alive
30,34,725431.75,4162616.25,0.0,0.0,Dead
30,35,725428.75,4162613.75,9.5,66.081592,Alive
30,36,725425.75,4162611.75,8.3,63.557983,Alive
30,37,725422.25,4162610.25,6.0,63.810872,Alive
30,38,725419.75,4162607.75,10.0,63.557983,Alive
30,39,725416.75,4162605.75,8.5,73.5,Alive
30,40,725414.25,4162604.25,10.1,65.229632,Alive
30,41,725410.75,4162601.75,12.7,68.472008,Alive
30,42,725404.75,4162598.25,5.2,72.8,Alive
30,43,725400.403,4162596.00075,6.0,62.223128,Alive
31,1,725515.25,4162666.75,7.4,64.775488,Alive
31,2,725513.71975,4162664.91699999,10.8,70.4,Alive
31,3,725511.75,4162663.75,8.3,69.102763,Alive
31,4,725509.25,4162662.75,5.9,71.6,Alive
31,5,725508.25,4162661.25,13.4,64.302568,Alive
31,6,725503.25,4162659.25,0.0,0.0,Dead
31,7,725501.75,4162657.75,7.2,70.244575,Alive
31,8,725500.38425,4162656.64025,7.6,64.775488,Alive
31,9,725498.5575,4162655.69175,12.0,72.2,Alive
31,10,725497.25,4162654.75,6.8,63.3004,Alive
31,11,725494.75,4162652.75,8.1,63.3004,Alive
31,12,725491.25,4162650.75,9.7,63.557983,Alive
31,13,725488.25,4162648.75,9.1,63.038123,Alive
31,14,725486.75,4162646.75,11.7,70.244575,Alive
31,15,725484.75,4162646.75,9.4,69.522875,Alive
31,16,725482.25,4162644.75,10.5,76.0,Alive
31,17,725480.25,4162643.25,8.9,69.322207,Alive
31,18,725477.75,4162641.25,10.0,68.331775,Alive
31,19,725473.25,4162638.25,0.0,0.0,Dead
31,20,725469.75,4162636.75,10.5,70.077352,Alive
31,21,725466.25,4162634.75,9.8,67.5602,Alive
31,22,725462.25,4162631.75,7.5,66.671275,Alive
31,23,725459.25,4162629.75,8.1,69.102763,Alive
31,24,725457.75,4162628.75,7.1,68.738392,Alive
31,25,725455.75,4162627.75,9.2,66.858448,Alive
31,26,725454.4185,4162626.80824999,10.2,68.186848,Alive
31,27,725452.75,4162625.75,7.9,68.607547,Alive
31,28,725449.75,4162623.75,10.0,67.040927,Alive
31,29,725447.75,4162622.75,10.0,67.1,Alive
31,30,725446.91075,4162621.73675,6.2,64.302568,Alive
31,31,725445.75,4162621.25,7.5,67.5602,Alive
31,32,725443.730499999,4162619.5885,9.8,69.424888,Alive
31,33,725442.25,4162618.75,6.9,65.229632,Alive
31,34,725440.25,4162617.75,8.3,69.9424,Alive
31,35,725438.645999999,4162616.796,6.9,69.9424,Alive
31,36,725436.75,4162615.25,9.7,63.557983,Alive
31,37,725433.75,4162613.75,8.7,66.081592,Alive
31,38,725430.25,4162611.25,7.7,65.665,Alive
31,39,725424.25,4162607.75,0.0,0.0,Dead
31,40,725421.25,4162605.25,7.7,64.059067,Alive
31,41,725419.40625,4162602.34075,8.6,75.4,Alive
31,42,725418.25,4162603.25,7.8,70.244575,Alive
31,43,725415.25,4162601.25,9.8,69.424888,Alive
31,44,725412.25,4162599.25,9.0,66.282847,Alive
31,45,725409.25,4162597.25,11.7,69.616168,Alive
31,46,725406.25,4162595.25,9.3,68.472008,Alive
31,47,725402.75,4162593.25,8.2,67.040927,Alive
31,48,725399.25,4162591.25,6.9,70.077352,Alive
31,49,725396.75,4162588.25,10.5,69.616168,Alive
32,1,725517.738,4162663.86824999,8.1,63.3004,Alive
32,2,725511.25,4162660.25,9.2,69.102763,Alive
32,3,725506.75,4162657.75,9.7,77.6,Alive
32,4,725503.25,4162655.25,9.2,67.5602,Alive
32,5,725501.75,4162653.75,5.8,64.775488,Alive
32,6,725500.328749999,4162652.28725,8.3,66.858448,Alive
32,7,725498.75,4162652.25,8.2,69.322207,Alive
32,8,725497.25,4162651.25,10.6,65.665,Alive
32,9,725494.486999999,4162649.13599999,10.6,70.193528,Alive
32,10,725493.25,4162648.25,11.3,65.875643,Alive
32,11,725490.25,4162646.25,8.6,66.479408,Alive
32,12,725488.75,4162644.25,5.7,69.102763,Alive
32,13,725486.75,4162644.25,8.5,65.665,Alive
32,14,725485.25,4162643.25,8.0,65.665,Alive
32,15,725482.25,4162641.25,9.8,70.012223,Alive
32,16,725479.25,4162639.25,5.3,62.223128,Alive
32,17,725475.75,4162636.75,10.0,67.5602,Alive
32,18,725474.25,4162636.25,9.5,64.059067,Alive
32,19,725472.25,4162634.75,8.2,68.037227,Alive
32,20,725471.25,4162633.75,8.7,66.282847,Alive
32,21,725469.656749999,4162633.10374999,8.8,64.775488,Alive
32,22,725468.25,4162632.25,6.1,68.472008,Alive
32,23,725466.814999999,4162631.046,9.0,65.449663,Alive
32,24,725465.25,4162629.75,8.0,68.986,Alive
32,25,725463.75,4162629.25,7.7,66.7,Alive
32,26,725462.25,4162628.25,7.7,67.391803,Alive
32,27,725458.75,4162626.25,10.8,64.541375,Alive
32,28,725457.25,4162625.25,10.0,65.875643,Alive
32,29,725454.25,4162623.25,10.0,69.322207,Alive
32,30,725453.25,4162621.75,9.7,68.331775,Alive
32,31,725449.75,4162620.25,6.3,69.424888,Alive
32,32,725446.25,4162618.25,0.0,0.0,Dead
32,33,725443.75,4162616.25,8.7,65.004907,Alive
32,34,725440.25,4162614.25,6.5,63.810872,Alive
32,35,725438.25,4162612.75,8.3,66.081592,Alive
32,36,725432.25,4162608.25,10.2,66.479408,Alive
32,37,725428.75,4162607.25,9.0,61.070752,Alive
32,38,725425.75,4162604.75,8.3,69.704767,Alive
32,39,725422.75,4162602.75,8.6,62.223128,Alive
32,40,725420.25,4162600.75,8.6,69.322207,Alive
32,41,725416.75,4162598.75,8.3,69.214832,Alive
32,42,725413.75,4162596.75,9.1,66.081592,Alive
32,43,725407.75,4162592.75,0.0,0.0,Dead
32,44,725404.25,4162590.75,11.5,67.218712,Alive
32,45,725398.75,4162585.25,8.8,71.0,Alive
33,1,725517.25,4162660.25,5.5,61.070752,Alive
33,2,725514.75,4162658.75,8.8,62.771152,Alive
33,3,725512.75,4162657.75,6.4,67.882912,Alive
33,4,725508.75,4162654.75,8.5,69.522875,Alive
33,5,725507.25,4162653.25,7.3,63.8,Alive
33,6,725504.25,4162651.75,10.3,67.723903,Alive
33,7,725502.25,4162650.75,8.9,67.882912,Alive
33,8,725500.75,4162649.75,9.1,65.875643,Alive
33,9,725499.25,4162648.75,7.9,64.302568,Alive
33,10,725497.68775,4162647.87999999,0.0,0.0,Dead
33,11,725495.25,4162645.25,0.0,0.0,Dead
33,12,725493.25,4162644.75,8.8,65.229632,Alive
33,13,725491.75,4162643.75,8.8,63.557983,Alive
33,14,725490.25,4162642.75,5.2,70.452283,Alive
33,15,725485.75,4162639.75,5.7,63.557983,Alive
33,16,725483.75,4162638.25,10.2,66.671275,Alive
33,17,725480.75,4162636.75,8.1,65.875643,Alive
33,18,725477.25,4162634.25,10.3,64.541375,Alive
33,19,725474.25,4162632.25,11.8,68.331775,Alive
33,20,725472.75,4162631.25,0.0,0.0,Dead
33,21,725471.25,4162630.25,12.9,69.867883,Alive
33,22,725469.75,4162629.75,10.4,67.723903,Alive
33,23,725467.946499999,4162628.64775,11.1,66.671275,Alive
33,24,725466.7075,4162627.5175,9.4,58.203307,Alive
33,25,725465.75,4162626.75,10.7,68.607547,Alive
33,26,725463.75,4162625.25,9.3,65.229632,Alive
33,27,725461.75,4162624.75,8.7,67.723903,Alive
33,28,725460.454499999,4162623.90299999,8.5,63.3004,Alive
33,29,725458.75,4162622.75,8.0,70.481032,Alive
33,30,725457.25,4162621.75,0.0,0.0,Dead
33,31,725455.25,4162620.75,8.8,64.775488,Alive
33,32,725451.25,4162617.75,7.8,67.882912,Alive
33,33,725449.75,4162616.75,8.7,69.6,Alive
33,34,725448.2245,4162615.79124999,9.5,68.986,Alive
33,35,725447.104249999,4162615.86274999,9.5,65.875643,Alive
33,36,725446.75,4162614.75,12.0,69.9424,Alive
33,37,725445.25,4162613.25,0.0,0.0,Dead
33,38,725441.75,4162611.75,7.6,70.466363,Alive
33,39,725439.75,4162610.75,9.5,66.858448,Alive
33,40,725436.75,4162608.75,9.5,65.665,Alive
33,41,725434.459249999,4162606.20349999,8.0,69.424888,Alive
33,42,725433.25,4162606.75,7.7,69.867883,Alive
33,43,725430.75,4162604.25,8.7,66.081592,Alive
33,44,725427.75,4162602.25,4.5,65.875643,Alive
33,45,725421.75,4162597.75,0.0,0.0,Dead
33,46,725419.633999999,4162595.65925,10.4,68.986,Alive
33,47,725418.75,4162596.75,0.0,0.0,Dead
33,48,725415.25,4162594.25,8.4,68.331775,Alive
33,49,725412.75,4162592.25,7.5,68.331775,Alive
33,50,725409.75,4162590.25,8.9,65.449663,Alive
33,51,725406.25,4162588.75,9.5,66.282847,Alive
33,52,725404.357749999,4162586.86874999,10.9,69.3,Alive
33,53,725402.75,4162587.25,7.2,68.331775,Alive
34,1,725521.25,4162658.75,8.2,66.081592,Alive
34,2,725516.25,4162655.75,12.0,67.882912,Alive
34,3,725512.75,4162654.25,7.5,70.7,Alive
34,4,725510.25,4162652.25,8.5,65.875643,Alive
34,5,725508.75,4162651.25,9.0,67.5602,Alive
34,6,725507.25,4162649.75,8.6,69.102763,Alive
34,7,725505.75,4162648.75,5.4,64.059067,Alive
34,8,725503.75,4162647.75,9.6,70.137787,Alive
34,9,725500.75,4162646.25,6.9,66.671275,Alive
34,10,725499.25,4162644.75,9.1,69.424888,Alive
34,11,725496.75,4162642.75,0.0,0.0,Dead
34,12,725493.75,4162640.75,8.9,70.077352,Alive
34,13,725491.75,4162639.75,9.5,69.788672,Alive
34,14,725490.040999999,4162639.20725,8.8,68.607547,Alive
34,15,725487.25,4162636.75,8.0,64.059067,Alive
34,16,725483.75,4162635.25,8.8,65.229632,Alive
34,17,725482.25,4162633.75,11.2,68.331775,Alive
34,18,725479.25,4162631.75,9.2,63.810872,Alive
34,19,725476.25,4162629.75,9.7,67.8,Alive
34,20,725474.75,4162628.75,10.6,66.671275,Alive
34,21,725471.75,4162626.75,8.6,70.012223,Alive
34,22,725470.25,4162625.75,10.2,69.214832,Alive
34,23,725466.910999999,4162624.04075,8.9,68.607547,Alive
34,24,725463.75,4162621.75,8.7,67.218712,Alive
34,25,725462.1665,4162620.679,7.3,66.671275,Alive
34,26,725460.75,4162620.25,5.5,70.422943,Alive
34,27,725459.25,4162618.75,7.6,66.282847,Alive
34,28,725457.75,4162618.25,7.6,69.867883,Alive
34,29,725456.25,4162616.75,7.9,66.282847,Alive
34,30,725454.75,4162616.25,9.8,64.541375,Alive
34,31,725453.25,4162615.25,7.6,68.607547,Alive
34,32,725451.75,4162614.25,8.5,68.186848,Alive
34,33,725450.25,4162613.25,12.6,66.858448,Alive
34,34,725448.25,4162611.75,9.2,65.875643,Alive
34,35,725445.38525,4162610.22974999,0.0,0.0,Dead
34,36,725443.75,4162609.25,9.6,63.557983,Alive
34,37,725441.25,4162607.75,7.2,68.472008,Alive
34,38,725438.25,4162605.75,7.1,65.875643,Alive
34,39,725435.25,4162603.75,0.0,0.0,Dead
34,40,725432.25,4162601.75,9.0,66.081592,Alive
34,41,725429.75,4162599.25,9.3,66.671275,Alive
34,42,725426.75,4162597.75,9.8,67.040927,Alive
34,43,725423.75,4162595.75,11.2,67.040927,Alive
34,44,725420.25,4162594.25,8.7,67.040927,Alive
34,45,725417.25,4162591.75,7.7,64.059067,Alive
34,46,725413.75,4162589.75,8.1,64.541375,Alive
34,47,725411.25,4162587.25,7.7,69.214832,Alive
34,48,725407.75,4162585.75,0.0,0.0,Dead
34,49,725404.75,4162583.25,10.8,65.004907,Alive
35,1,725526.25,4162657.75,7.3,65.449663,Alive
35,2,725522.75,4162657.25,12.9,69.102763,Alive
35,3,725518.73825,4162655.4445,9.3,74.7,Alive
35,4,725518.25,4162652.25,9.4,68.864543,Alive
35,5,725516.95175,4162654.024,9.5,67.040927,Alive
35,6,725512.25,4162649.75,7.1,70.077352,Alive
35,7,725510.25,4162648.25,7.0,68.986,Alive
35,8,725508.755499999,4162647.416,8.2,66.858448,Alive
35,9,725507.145249999,4162646.27125,10.5,61.070752,Alive
35,10,725505.78425,4162645.40625,9.5,69.9424,Alive
35,11,725504.25,4162644.25,10.3,70.3,Alive
35,12,725499.75,4162641.25,9.9,70.012223,Alive
35,13,725496.75,4162639.25,9.0,63.557983,Alive
35,14,725492.25,4162636.25,8.6,60.770923,Alive
35,15,725490.25,4162635.25,7.4,66.671275,Alive
35,16,725486.25,4162632.25,10.1,68.186848,Alive
35,17,725484.444499999,4162631.014,9.4,71.9,Alive
35,18,725482.75,4162630.75,8.2,70.492768,Alive
35,19,725481.25,4162629.25,8.7,69.522875,Alive
35,20,725479.25,4162628.25,6.5,68.037227,Alive
35,21,725476.75,4162626.75,7.3,70.193528,Alive
35,22,725474.75,4162625.25,12.7,70.492768,Alive
35,23,725473.4115,4162624.44575,9.1,65.1,Alive
35,24,725471.75,4162623.75,11.0,68.186848,Alive
35,25,725470.25,4162622.25,10.9,62.771152,Alive
35,26,725467.75,4162620.25,8.9,67.040927,Alive
35,27,725465.75,4162619.25,12.1,65.1,Alive
35,28,725464.25,4162617.75,9.7,70.077352,Alive
35,29,725462.25,4162617.25,9.0,69.522875,Alive
35,30,725461.04,4162616.34524999,8.1,64.775488,Alive
35,31,725459.25,4162615.25,10.5,66.081592,Alive
35,32,725456.25,4162613.25,11.7,70.012223,Alive
35,33,725454.923749999,4162612.424,6.0,70.422943,Alive
35,34,725453.25,4162611.75,7.2,69.522875,Alive
35,35,725451.75,4162610.75,9.5,67.5602,Alive
35,36,725448.75,4162608.25,9.3,70.193528,Alive
35,37,725447.25,4162607.75,0.0,0.0,Dead
35,38,725443.25,4162605.25,0.0,0.0,Dead
35,39,725440.25,4162603.25,9.9,68.037227,Alive
35,40,725437.25,4162601.25,7.7,70.012223,Alive
35,41,725433.75,4162599.25,7.8,69.102763,Alive
35,42,725431.25,4162596.75,9.3,62.771152,Alive
35,43,725428.25,4162595.25,10.3,70.012223,Alive
35,44,725424.75,4162593.25,10.1,64.059067,Alive
35,45,725422.25,4162591.25,10.8,67.040927,Alive
35,46,725418.75,4162589.25,9.0,66.479408,Alive
35,47,725415.46625,4162589.10474999,8.0,67.882912,Alive
35,48,725415.75,4162587.25,7.0,68.472008,Alive
35,49,725412.75,4162584.75,9.2,65.665,Alive
35,50,725409.75,4162582.75,9.4,67.040927,Alive
35,51,725403.75,4162578.75,7.5,63.0,Alive
35,52,725400.75,4162578.25,10.5,70.290928,Alive
36,1,725524.766249999,4162653.5085,9.9,66.671275,Alive
36,2,725522.75,4162651.75,6.2,61.942075,Alive
36,3,725518.75,4162649.75,8.1,70.496288,Alive
36,4,725516.25,4162649.25,10.3,64.059067,Alive
36,5,725514.75,4162647.75,10.2,65.875643,Alive
36,6,725511.75,4162646.25,9.0,67.040927,Alive
36,7,725510.25,4162644.75,10.9,69.322207,Alive
36,8,725508.74225,4162644.01175,9.6,66.479408,Alive
36,9,725507.25,4162643.25,5.9,68.2,Alive
36,10,725505.75,4162641.75,9.3,65.004907,Alive
36,11,725502.75,4162639.75,6.3,72.2,Alive
36,12,725501.043249999,4162638.99074999,9.4,68.607547,Alive
36,13,725499.75,4162638.25,7.2,69.9424,Alive
36,14,725496.75,4162636.25,6.8,67.5602,Alive
36,15,725495.25,4162634.75,6.6,67.218712,Alive
36,16,725493.25,4162633.75,10.7,66.282847,Alive
36,17,725490.25,4162631.75,9.9,66.081592,Alive
36,18,725488.75,4162630.75,10.7,69.522875,Alive
36,19,725487.631249999,4162629.84324999,9.0,64.059067,Alive
36,20,725485.75,4162628.75,5.9,33.605,Alive
36,21,725484.25,4162628.25,6.9,63.0,Alive
36,22,725481.25,4162625.75,7.1,70.452283,Alive
36,23,725477.75,4162623.75,7.8,70.470472,Alive
36,24,725476.46875,4162622.79774999,7.5,70.077352,Alive
36,25,725474.75,4162621.75,6.8,61.365887,Alive
36,26,725473.25,4162621.25,8.4,65.449663,Alive
36,27,725471.83625,4162620.276,11.0,68.738392,Alive
36,28,725468.75,4162618.25,10.4,66.671275,Alive
36,29,725467.25,4162616.75,7.4,67.5602,Alive
36,30,725465.25,4162615.75,10.5,70.332587,Alive
36,31,725462.75,4162613.75,0.0,0.0,Dead
36,32,725459.25,4162612.25,10.8,70.332587,Alive
36,33,725458.01575,4162611.48824999,9.4,64.059067,Alive
36,34,725456.25,4162610.25,7.9,68.037227,Alive
36,35,725455.25,4162608.75,7.3,68.864543,Alive
36,36,725451.75,4162607.25,8.3,69.867883,Alive
36,37,725450.75,4162606.25,6.8,67.391803,Alive
36,38,725449.75,4162605.75,7.2,69.867883,Alive
36,39,725448.75,4162604.75,11.2,69.9424,Alive
36,40,725446.75,4162604.25,10.3,66.3,Alive
36,41,725444.29775,4162603.34375,9.3,69.424888,Alive
36,42,725442.25,4162600.75,8.1,67.882912,Alive
36,43,725438.75,4162598.75,6.6,72.2,Alive
36,44,725435.75,4162596.75,8.5,68.472008,Alive
36,45,725434.75,4162597.75,7.7,66.081592,Alive
36,46,725432.75,4162594.25,9.5,65.875643,Alive
36,47,725429.25,4162592.75,7.0,70.422943,Alive
36,48,725426.25,4162590.75,8.9,70.401823,Alive
36,49,725423.25,4162588.75,9.0,66.282847,Alive
36,50,725420.75,4162586.25,10.5,57.163,Alive
36,51,725417.75,4162584.75,6.8,68.331775,Alive
36,52,725414.75,4162582.75,11.2,69.704767,Alive
36,53,725411.25,4162580.75,10.1,67.391803,Alive
36,54,725407.25,4162578.75,8.9,70.9,Alive
37,1,725527.25,4162651.25,12.1,69.522875,Alive
37,2,725524.25,4162648.25,8.3,72.6,Alive
37,3,725521.25,4162648.75,8.3,63.810872,Alive
37,4,725517.75,4162646.75,11.6,65.665,Alive
37,5,725515.25,4162644.25,7.9,69.9424,Alive
37,6,725513.25,4162643.75,10.9,65.004907,Alive
37,7,725511.75,4162642.25,9.9,69.8,Alive
37,8,725505.75,4162638.75,9.5,69.214832,Alive
37,9,725504.29425,4162637.6825,8.9,70.012223,Alive
37,10,725502.75,4162636.75,9.8,65.875643,Alive
37,11,725498.25,4162633.25,8.8,69.102763,Alive
37,12,725495.75,4162631.25,6.1,68.738392,Alive
37,13,725493.75,4162630.75,9.8,69.214832,Alive
37,14,725491.25,4162628.75,9.5,67.391803,Alive
37,15,725489.75,4162627.25,8.1,69.9424,Alive
37,16,725487.75,4162626.25,6.8,77.3,Alive
37,17,725486.25,4162625.25,8.5,64.059067,Alive
37,18,725484.25,4162624.25,10.9,69.9424,Alive
37,19,725482.25,4162622.75,12.1,66.858448,Alive
37,20,725480.83525,4162621.95525,8.4,68.738392,Alive
37,21,725474.75,4162618.75,7.9,68.607547,Alive
37,22,725471.75,4162616.25,9.9,66.081592,Alive
37,23,725470.25,4162615.25,8.1,69.322207,Alive
37,24,725468.75,4162614.25,11.9,67.218712,Alive
37,25,725466.75,4162613.75,6.3,70.9,Alive
37,26,725464.25,4162611.75,7.5,69.616168,Alive
37,27,725461.25,4162609.25,0.0,0.0,Dead
37,28,725459.75,4162608.25,11.7,67.5602,Alive
37,29,725457.25,4162605.75,8.4,67.723903,Alive
37,30,725453.25,4162604.75,11.0,69.102763,Alive
37,31,725452.006999999,4162603.856,7.2,62.499487,Alive
37,32,725450.25,4162602.25,0.0,0.0,Dead
37,33,725448.25,4162601.75,9.7,68.738392,Alive
37,34,725441.9,4162596.63799999,9.8,64.7,Alive
37,35,725440.25,4162596.25,6.6,69.867883,Alive
37,36,725437.25,4162594.25,0.0,0.0,Dead
37,37,725434.75,4162591.75,8.3,66.479408,Alive
37,38,725431.25,4162590.25,9.6,67.218712,Alive
37,39,725428.25,4162587.75,9.5,71.1,Alive
37,40,725425.25,4162585.75,10.2,62.771152,Alive
37,41,725422.75,4162583.75,11.1,67.391803,Alive
37,42,725419.25,4162581.75,5.9,68.037227,Alive
37,43,725415.75,4162579.75,10.5,70.496875,Alive
37,44,725412.75,4162577.75,7.3,68.4,Alive
37,45,725406.25,4162574.25,8.1,66.858448,Alive
37,46,725403.75,4162572.25,8.6,63.810872,Alive
38,1,725519.25,4162643.75,9.7,65.665,Alive
38,2,725516.75,4162641.75,0.0,0.0,Dead
38,3,725514.75,4162640.75,11.7,67.391803,Alive
38,4,725513.75,4162640.25,5.9,64.541375,Alive
38,5,725511.75,4162638.75,9.5,65.229632,Alive
38,6,725509.25,4162636.75,9.5,68.607547,Alive
38,7,725507.25,4162635.75,10.7,68.738392,Alive
38,8,725504.25,4162633.75,7.3,66.282847,Alive
38,9,725503.0065,4162632.455,0.0,0.0,Dead
38,10,725501.25,4162631.75,9.0,67.391803,Alive
38,11,725498.54075,4162629.63075,7.2,69.322207,Alive
38,12,725496.75,4162628.75,11.5,67.218712,Alive
38,13,725495.75,4162627.75,11.7,69.704767,Alive
38,14,725492.75,4162625.25,10.0,65.004907,Alive
38,15,725490.75,4162624.25,9.5,68.864543,Alive
38,16,725487.75,4162622.25,10.3,68.986,Alive
38,17,725485.75,4162621.25,8.1,69.0,Alive
38,18,725484.25,4162620.25,0.0,0.0,Dead
38,19,725482.25,4162619.75,10.5,67.723903,Alive
38,20,725479.75,4162617.75,7.7,65.665,Alive
38,21,725477.75,4162616.75,6.2,67.723903,Alive
38,22,725475.24025,4162614.0355,9.9,69.102763,Alive
38,23,725473.5975,4162613.51074999,6.7,67.040927,Alive
38,24,725471.75,4162612.75,8.9,68.331775,Alive
38,25,725470.25,4162611.75,6.3,76.4,Alive
38,26,725467.25,4162609.75,9.2,63.810872,Alive
38,27,725464.25,4162607.25,8.7,64.541375,Alive
38,28,725462.25,4162605.75,7.1,63.810872,Alive
38,29,725459.75,4162604.75,7.9,67.882912,Alive
38,30,725458.75,4162603.75,0.0,0.0,Dead
38,31,725456.25,4162603.25,10.7,65.449663,Alive
38,32,725453.25,4162600.75,0.0,0.0,Dead
38,33,725452.381249999,4162599.10999999,10.2,69.867883,Alive
38,34,725450.75,4162598.75,10.4,69.522875,Alive
38,35,725448.25,4162597.25,7.5,73.1,Alive
38,36,725445.25,4162595.75,7.1,71.1,Alive
38,37,725442.25,4162593.75,8.4,71.9,Alive
38,38,725438.75,4162591.25,8.7,68.037227,Alive
38,39,725435.75,4162589.25,11.6,62.771152,Alive
38,40,725432.75,4162587.75,9.5,63.038123,Alive
38,41,725430.25,4162585.25,10.5,69.322207,Alive
38,42,725426.75,4162583.25,9.8,69.788672,Alive
38,43,725420.75,4162579.25,9.1,70.279775,Alive
38,44,725417.75,4162577.25,8.3,68.864543,Alive
38,45,725414.25,4162575.25,9.5,66.081592,Alive
38,46,725411.25,4162572.75,9.0,64.775488,Alive
38,47,725408.25,4162569.75,8.4,68.037227,Alive
39,1,725532.75,4162649.25,7.4,67.218712,Alive
39,2,725529.75,4162647.75,9.5,69.616168,Alive
39,3,725527.75,4162645.75,8.0,65.229632,Alive
39,4,725524.75,4162643.25,10.7,64.059067,Alive
39,5,725521.75,4162641.25,9.2,68.472008,Alive
39,6,725520.25,4162640.75,12.2,57.861232,Alive
39,7,725518.75,4162639.25,8.6,68.472008,Alive
39,8,725517.11225,4162638.2625,7.5,67.5602,Alive
39,9,725515.25,4162637.25,8.9,65.6,Alive
39,10,725514.25,4162636.25,9.0,65.665,Alive
39,11,725512.30475,4162635.345,12.1,69.322207,Alive
39,12,725510.75,4162633.75,7.0,69.522875,Alive
39,13,725507.75,4162631.75,8.1,69.616168,Alive
39,14,725505.75,4162631.25,8.1,70.137787,Alive
39,15,725501.75,4162628.25,9.2,70.4294,Alive
39,16,725500.25,4162626.75,9.1,67.723903,Alive
39,17,725499.25,4162625.75,7.0,68.472008,Alive
39,18,725495.75,4162624.25,10.2,67.040927,Alive
39,19,725494.25,4162622.75,9.5,70.4294,Alive
39,20,725492.75,4162621.75,9.9,66.858448,Alive
39,21,725489.75,4162619.75,4.5,61.070752,Alive
39,22,725488.25,4162619.25,8.7,65.665,Alive
39,23,725486.25,4162618.25,8.0,68.986,Alive
39,24,725484.881749999,4162617.12399999,10.9,68.607547,Alive
39,25,725483.25,4162615.75,8.3,68.331775,Alive
39,26,725480.25,4162613.75,7.7,70.244575,Alive
39,27,725477.25,4162612.25,9.8,68.986,Alive
39,28,725475.659499999,4162610.53074999,9.5,65.004907,Alive
39,29,725474.25,4162610.25,6.6,68.738392,Alive
39,30,725472.559499999,4162608.46375,9.6,67.391803,Alive
39,31,725468.25,4162605.75,8.7,67.5602,Alive
39,32,725466.60475,4162605.53425,10.2,67.218712,Alive
39,33,725464.75,4162604.25,8.7,69.522875,Alive
39,34,725463.25,4162602.75,7.2,69.424888,Alive
39,35,725461.75,4162602.25,6.8,67.882912,Alive
39,36,725459.25,4162600.25,8.5,72.5,Alive
39,37,725457.25,4162598.75,9.8,70.470472,Alive
39,38,725452.75,4162596.25,7.5,66.6,Alive
39,39,725450.25,4162595.25,7.9,70.466363,Alive
39,40,725447.25,4162592.75,9.8,67.040927,Alive
39,41,725443.75,4162590.75,8.3,69.424888,Alive
39,42,725441.25,4162588.75,10.9,73.1,Alive
39,43,725437.75,4162587.25,6.6,67.882912,Alive
39,44,725435.25,4162585.25,8.9,69.704767,Alive
39,45,725432.25,4162582.75,8.3,66.0,Alive
39,46,725429.25,4162580.75,7.0,70.012223,Alive
39,47,725425.75,4162578.75,9.1,67.218712,Alive
39,48,725422.75,4162576.75,9.5,63.8,Alive
39,49,725419.25,4162574.75,9.6,70.077352,Alive
39,50,725416.75,4162572.75,7.9,69.102763,Alive
39,51,725411.75,4162570.75,10.1,61.365887,Alive
40,1,725528.75,4162643.75,0.0,0.0,Dead
40,2,725526.75,4162640.75,7.1,62.223128,Alive
40,3,725524.25,4162639.75,9.5,67.723903,Alive
40,4,725519.75,4162636.75,8.4,69.424888,Alive
40,5,725516.75,4162634.75,10.3,67.723903,Alive
40,6,725515.75,4162633.75,8.5,68.331775,Alive
40,7,725512.75,4162631.75,9.3,66.671275,Alive
40,8,725511.25,4162630.75,8.7,70.401823,Alive
40,9,725508.75,4162628.25,10.6,66.282847,Alive
40,10,725506.75,4162627.75,6.8,69.102763,Alive
40,11,725503.75,4162625.25,7.0,64.541375,Alive
40,12,725501.75,4162623.75,8.2,66.081592,Alive
40,13,725498.75,4162622.75,10.6,64.541375,Alive
40,14,725497.25,4162621.75,5.5,67.391803,Alive
40,15,725495.75,4162620.25,7.1,63.038123,Alive
40,16,725492.75,4162618.75,8.9,69.9424,Alive
40,17,725491.25,4162617.25,9.0,67.882912,Alive
40,18,725489.75,4162616.25,0.0,0.0,Dead
40,19,725487.75,4162615.25,8.0,70.077352,Alive
40,20,725480.25,4162610.25,6.6,69.102763,Alive
40,21,725478.75,4162608.75,12.2,66.858448,Alive
40,22,725475.75,4162607.75,0.0,0.0,Dead
40,23,725472.25,4162605.75,9.0,62.771152,Alive
40,24,725469.6735,4162603.64974999,8.6,65.449663,Alive
40,25,725468.25,4162602.75,8.3,70.077352,Alive
40,26,725466.75,4162601.75,9.0,70.394192,Alive
40,27,725464.75025,4162600.75749999,6.4,65.449663,Alive
40,28,725463.75,4162599.75,6.9,68.331775,Alive
40,29,725460.75,4162597.75,10.9,69.867883,Alive
40,30,725458.75,4162596.75,0.0,0.0,Dead
40,31,725457.25,4162595.75,10.5,66.479408,Alive
40,32,725455.75,4162593.75,9.5,69.0,Alive
40,33,725453.93275,4162593.77524999,10.1,69.214832,Alive
40,34,725451.75,4162592.25,7.7,69.616168,Alive
40,35,725448.75,4162590.25,7.5,66.081592,Alive
40,36,725445.75,4162588.75,8.4,63.557983,Alive
40,37,725443.25,4162586.25,6.9,67.882912,Alive
40,38,725439.25,4162584.25,9.0,72.5,Alive
40,39,725436.25,4162582.75,10.9,65.875643,Alive
40,40,725433.25,4162580.25,6.5,69.102763,Alive
40,41,725430.25,4162577.75,7.7,67.040927,Alive
40,42,725427.25,4162576.25,8.2,70.332587,Alive
40,43,725414.256749999,4162567.2085,9.7,69.616168,Alive
40,44,725412.75,4162567.75,8.1,60.4664,Alive
41,1,725533.25,4162643.25,10.4,60.770923,Alive
41,2,725534.25,4162641.25,7.9,69.102763,Alive
41,3,725532.25,4162639.25,6.8,68.607547,Alive
41,4,725527.75,4162638.25,8.6,69.8,Alive
41,5,725524.75,4162636.25,13.8,61.942075,Alive
41,6,725523.738499999,4162634.87724999,9.2,65.229632,Alive
41,7,725522.25,4162634.25,7.8,64.775488,Alive
41,8,725520.53275,4162633.41225,7.1,70.452283,Alive
41,9,725517.25,4162631.25,8.0,68.864543,Alive
41,10,725515.75,4162629.75,10.1,67.723903,Alive
41,11,725513.25,4162628.25,12.1,64.541375,Alive
41,12,725511.299499999,4162627.31325,7.7,69.102763,Alive
41,13,725510.25,4162625.75,8.3,65.665,Alive
41,14,725506.75,4162624.25,8.2,69.322207,Alive
41,15,725504.75,4162622.75,7.7,68.864543,Alive
41,16,725503.7495,4162624.003,9.7,69.522875,Alive
41,17,725500.75,4162619.75,10.5,68.864543,Alive
41,18,725497.75,4162617.75,9.2,68.037227,Alive
41,19,725496.25,4162617.25,11.8,64.541375,Alive
41,20,725494.75,4162615.75,0.0,0.0,Dead
41,21,725492.75,4162614.25,8.9,68.472008,Alive
41,22,725490.25,4162613.25,8.9,72.8,Alive
41,23,725487.25,4162611.25,7.5,64.775488,Alive
41,24,725483.75,4162609.25,9.0,65.665,Alive
41,25,725480.75,4162607.25,7.8,64.541375,Alive
41,26,725477.75,4162605.25,7.8,65.449663,Alive
41,27,725474.75,4162603.25,9.5,67.723903,Alive
41,28,725469.25,4162599.25,9.1,66.671275,Alive
41,29,725465.75,4162597.25,7.6,65.875643,Alive
41,30,725462.75,4162595.25,8.4,70.369552,Alive
41,31,725457.9775,4162591.27724999,9.3,67.040927,Alive
41,32,725456.25,4162591.75,8.1,71.2,Alive
41,33,725453.25,4162589.75,8.3,63.3004,Alive
41,34,725450.25,4162588.25,9.2,73.1,Alive
41,35,725447.25,4162586.25,8.3,60.4664,Alive
41,36,725444.25,4162583.75,6.8,69.616168,Alive
41,37,725437.75,4162580.25,5.2,68.186848,Alive
41,38,725435.75,4162577.75,8.3,69.322207,Alive
41,39,725431.75,4162576.25,8.8,69.788672,Alive
41,40,725429.25,4162573.75,7.9,66.858448,Alive
41,41,725425.75,4162571.75,6.8,65.004907,Alive
41,42,725422.75,4162569.75,10.4,62.1,Alive
41,43,725415.30975,4162563.77825,10.2,69.214832,Alive
41,44,725414.25,4162565.25,11.6,69.322207,Alive
42,1,725536.25,4162637.75,8.5,68.037227,Alive
42,2,725529.25,4162635.75,8.6,68.037227,Alive
42,3,725526.75,4162633.75,7.0,64.775488,Alive
42,4,725524.75,4162632.75,8.4,54.6,Alive
42,5,725520.25,4162629.75,7.4,69.214832,Alive
42,6,725518.75,4162628.25,9.3,67.5602,Alive
42,7,725516.25,4162626.75,0.0,0.0,Dead
42,8,725513.25,4162624.75,7.1,68.986,Alive
42,9,725511.75,4162623.75,8.6,67.5602,Alive
42,10,725510.25,4162622.25,8.4,64.775488,Alive
42,11,725508.25,4162621.25,9.4,69.522875,Alive
42,12,725505.75,4162619.25,10.0,67.5602,Alive
42,13,725504.19325,4162618.2555,10.1,68.607547,Alive
42,14,725502.75,4162617.25,7.6,67.040927,Alive
42,15,725500.75,4162616.25,9.5,69.704767,Alive
42,16,725497.75,4162614.75,9.4,68.331775,Alive
42,17,725494.75,4162612.25,8.6,68.864543,Alive
42,18,725492.25,4162610.75,10.1,68.607547,Alive
42,19,725488.75,4162609.25,7.3,59.843272,Alive
42,20,725485.75,4162606.75,6.2,68.986,Alive
42,21,725482.75,4162604.75,7.1,69.214832,Alive
42,22,725479.25,4162602.75,8.6,67.040927,Alive
42,23,725476.75,4162600.75,8.2,64.302568,Alive
42,24,725473.25,4162599.25,9.5,69.788672,Alive
42,25,725470.25,4162596.75,7.6,68.738392,Alive
42,26,725467.25,4162594.75,7.0,68.864543,Alive
42,27,725464.25,4162592.75,12.4,66.858448,Alive
42,28,725457.75,4162589.25,9.1,67.723903,Alive
42,29,725454.75,4162587.25,7.7,66.282847,Alive
42,30,725451.75,4162585.25,7.1,66.081592,Alive
42,31,725448.75,4162583.25,11.6,68.472008,Alive
42,32,725446.25,4162581.25,8.0,70.4,Alive
42,33,725442.25,4162578.75,8.2,68.472008,Alive
42,34,725436.75,4162575.25,7.0,63.557983,Alive
42,35,725433.25,4162573.25,9.0,69.102763,Alive
42,36,725432.09475,4162571.73975,9.8,66.282847,Alive
42,37,725430.75,4162570.75,7.8,66.671275,Alive
42,38,725429.353,4162570.46425,7.6,64.775488,Alive
42,39,725427.25,4162569.25,8.2,65.449663,Alive
42,40,725424.25,4162567.25,8.2,61.070752,Alive
42,41,725421.25,4162565.25,8.3,69.214832,Alive
42,42,725417.75,4162560.75,8.6,66.282847,Alive
43,1,725534.25,4162634.25,9.0,66.081592,Alive
43,2,725532.473,4162631.89025,11.5,68.607547,Alive
43,3,725530.25,4162632.25,9.4,63.038123,Alive
43,4,725528.25,4162631.25,11.5,69.322207,Alive
43,5,725526.75,4162630.25,7.3,66.858448,Alive
43,6,725525.10825,4162629.33325,8.8,70.332587,Alive
43,7,725522.75,4162627.25,7.9,65.665,Alive
43,8,725520.25,4162626.25,8.8,62.499487,Alive
43,9,725520.429,4162624.0345,6.8,69.616168,Alive
43,10,725517.90925,4162623.75825,8.3,65.229632,Alive
43,11,725516.306499999,4162623.38824999,9.7,67.882912,Alive
43,12,725514.75,4162622.25,11.2,70.332587,Alive
43,13,725513.25,4162621.25,7.5,63.810872,Alive
43,14,725511.75,4162620.25,7.1,65.449663,Alive
43,15,725509.75,4162618.75,10.0,67.5602,Alive
43,16,725508.25,4162618.25,11.2,61.070752,Alive
43,17,725506.25,4162616.25,10.2,65.449663,Alive
43,18,725503.75,4162615.25,10.0,68.738392,Alive
43,19,725502.75,4162613.75,9.3,69.214832,Alive
43,20,725499.75,4162612.25,9.4,66.858448,Alive
43,21,725493.75,4162608.25,9.0,68.607547,Alive
43,22,725490.25,4162606.75,0.0,0.0,Dead
43,23,725484.25,4162602.25,7.5,70.244575,Alive
43,24,725480.75,4162600.25,8.8,67.391803,Alive
43,25,725478.25,4162598.25,10.8,68.738392,Alive
43,26,725475.25,4162596.75,9.2,66.282847,Alive
43,27,725471.75,4162594.75,7.9,70.077352,Alive
43,28,725469.25,4162592.25,9.2,68.472008,Alive
43,29,725465.75,4162590.75,9.9,65.449663,Alive
43,30,725462.75,4162588.75,10.3,65.875643,Alive
43,31,725459.75,4162586.25,10.3,60.157183,Alive
43,32,725456.75,4162584.75,7.9,62.771152,Alive
43,33,725453.75,4162582.75,6.8,66.858448,Alive
43,34,725450.75,4162580.75,6.2,63.810872,Alive
43,35,725447.25,4162578.75,7.4,69.2,Alive
43,36,725444.25,4162576.75,9.5,70.422943,Alive
43,37,725441.25,4162575.25,8.3,68.864543,Alive
43,38,725438.75,4162572.75,8.5,66.282847,Alive
43,39,725435.75,4162570.25,9.1,68.331775,Alive
43,40,725432.25,4162568.75,8.7,66.081592,Alive
43,41,725429.25,4162566.75,9.8,68.472008,Alive
43,42,725426.25,4162564.75,11.9,65.004907,Alive
43,43,725423.25,4162562.75,7.3,67.391803,Alive
44,1,725538.25,4162634.25,8.8,62.771152,Alive
44,2,725535.298249999,4162632.02474999,9.9,72.6,Alive
44,3,725532.341,4162629.50249999,8.7,69.788672,Alive
44,4,725529.75,4162628.75,9.5,65.665,Alive
44,5,725526.75,4162626.75,0.0,0.0,Dead
44,6,725525.75,4162625.75,8.8,67.723903,Alive
44,7,725523.75,4162624.75,8.7,68.986,Alive
44,8,725522.25,4162623.25,8.6,69.522875,Alive
44,9,725519.75,4162621.75,8.7,70.466363,Alive
44,10,725517.75,4162620.75,8.1,64.541375,Alive
44,11,725514.75,4162618.75,8.4,64.059067,Alive
44,12,725513.12725,4162617.666,13.1,67.723903,Alive
44,13,725511.75,4162616.75,7.3,64.059067,Alive
44,14,725510.25,4162615.75,7.4,70.5,Alive
44,15,725508.25,4162614.75,0.0,0.0,Dead
44,16,725507.25,4162612.75,10.0,70.491007,Alive
44,17,725505.75,4162612.25,8.0,68.037227,Alive
44,18,725502.75,4162610.25,8.3,65.665,Alive
44,19,725499.25,4162608.75,9.0,68.037227,Alive
44,20,725497.75,4162607.25,9.7,69.522875,Alive
44,21,725495.25,4162605.25,9.9,67.5602,Alive
44,22,725491.75,4162603.75,10.6,68.186848,Alive
44,23,725488.75,4162601.75,9.0,70.137787,Alive
44,24,725485.75,4162599.75,11.9,68.986,Alive
44,25,725479.75,4162596.25,9.2,63.9,Alive
44,26,725476.75,4162593.75,9.2,75.6,Alive
44,27,725473.25,4162592.25,9.5,62.499487,Alive
44,28,725470.25,4162589.75,5.0,70.483967,Alive
44,29,725466.75,4162587.75,9.6,68.738392,Alive
44,30,725464.25,4162586.25,6.4,67.5602,Alive
44,31,725462.984749999,4162585.574,8.5,66.081592,Alive
44,32,725461.161749999,4162585.25325,11.4,64.059067,Alive
44,33,725458.488499999,4162582.251,8.8,70.279775,Alive
44,34,725455.25,4162580.25,10.5,68.331775,Alive
44,35,725452.25,4162578.25,8.6,70.369552,Alive
44,36,725449.75,4162576.25,8.9,66.5,Alive
44,37,725446.25,4162574.25,8.0,69.867883,Alive
44,38,725443.25,4162572.25,8.1,62.223128,Alive
44,39,725439.75,4162570.25,8.9,63.038123,Alive
44,40,725436.75,4162568.25,5.4,64.541375,Alive
44,41,725434.731,4162565.83774999,10.4,64.541375,Alive
44,42,725430.75,4162564.25,9.5,69.788672,Alive
44,43,725427.75,4162562.25,8.5,68.607547,Alive
44,44,725424.25,4162559.75,10.1,69.322207,Alive
44,45,725420.25,4162558.25,8.8,68.186848,Alive
45,1,725534.25,4162628.75,9.0,68.037227,Alive
45,2,725532.75,4162627.25,11.8,67.1,Alive
45,3,725529.75,4162625.25,8.3,68.607547,Alive
45,4,725528.26775,4162624.03899999,7.4,68.186848,Alive
45,5,725525.25,4162622.25,7.2,67.882912,Alive
45,6,725522.25,4162619.75,8.3,67.723903,Alive
45,7,725519.25,4162618.25,11.5,60.4664,Alive
45,8,725516.25,4162616.25,8.4,63.038123,Alive
45,9,725513.261249999,4162614.299,7.7,70.137787,Alive
45,10,725511.75,4162613.25,10.5,58.4,Alive
45,11,725510.25,4162611.75,7.2,63.038123,Alive
45,12,725507.25,4162609.75,9.5,71.5,Alive
45,13,725502.75,4162606.75,6.8,70.332587,Alive
45,14,725500.75,4162605.75,10.7,66.081592,Alive
45,15,725499.25,4162604.75,9.2,69.788672,Alive
45,16,725497.25,4162602.75,8.7,68.331775,Alive
45,17,725493.75,4162601.25,5.9,68.331775,Alive
45,18,725490.25,4162599.25,10.1,70.496288,Alive
45,19,725487.25,4162597.25,7.0,66.858448,Alive
45,20,725484.75,4162594.75,10.4,69.322207,Alive
45,21,725481.25,4162593.25,8.2,70.290928,Alive
45,22,725478.25,4162591.25,8.0,65.7,Alive
45,23,725475.25,4162589.25,8.5,61.070752,Alive
45,24,725472.25,4162587.25,8.8,69.102763,Alive
45,25,725469.25,4162585.25,11.6,67.723903,Alive
45,26,725465.75,4162583.75,8.4,74.4,Alive
45,27,725462.75,4162581.25,11.2,68.738392,Alive
45,28,725459.75,4162580.25,8.4,62.499487,Alive
45,29,725457.25,4162577.75,10.0,70.290928,Alive
45,30,725454.25,4162575.75,10.2,65.875643,Alive
45,31,725450.75,4162573.75,6.7,67.9,Alive
45,32,725447.75,4162571.75,8.5,70.077352,Alive
45,33,725444.75,4162569.75,8.1,70.369552,Alive
45,34,725441.75,4162567.25,7.2,68.864543,Alive
45,35,725438.75,4162565.25,7.2,63.810872,Alive
45,36,725435.75,4162563.25,7.3,69.704767,Alive
45,37,725432.25,4162561.75,9.3,62.499487,Alive
45,38,725426.75,4162557.25,6.6,68.037227,Alive
45,39,725423.25,4162554.75,6.2,67.040927,Alive
45,40,725422.25,4162555.75,9.2,68.037227,Alive
46,1,725541.25,4162629.25,9.2,65.6,Alive
46,2,725534.75,4162625.25,9.9,69.102763,Alive
46,3,725533.3995,4162622.75474999,8.5,63.810872,Alive
46,4,725531.25,4162622.75,9.5,69.424888,Alive
46,5,725528.25,4162620.75,10.2,67.391803,Alive
46,6,725525.25,4162618.25,8.9,70.422943,Alive
46,7,725522.621249999,4162616.521,7.0,67.723903,Alive
46,8,725520.75,4162615.75,8.0,69.424888,Alive
46,9,725519.25,4162614.25,5.3,65.229632,Alive
46,10,725516.75,4162612.25,8.6,68.186848,Alive
46,11,725515.25,4162611.25,11.6,66.671275,Alive
46,12,725513.25,4162610.25,8.7,70.137787,Alive
46,13,725511.75,4162609.25,10.0,66.081592,Alive
46,14,725508.75,4162607.25,9.8,73.5,Alive
46,15,725507.177249999,4162606.15524999,7.5,63.3004,Alive
46,16,725506.25,4162605.25,9.1,66.282847,Alive
46,17,725504.80625,4162604.63475,7.4,70.290928,Alive
46,18,725502.75,4162603.25,8.2,60.4664,Alive
46,19,725501.25,4162602.25,6.3,62.771152,Alive
46,20,725498.75,4162600.75,10.2,68.037227,Alive
46,21,725495.25,4162598.25,7.7,70.137787,Alive
46,22,725492.25,4162596.75,5.7,67.5602,Alive
46,23,725488.75,4162594.75,7.8,66.671275,Alive
46,24,725486.75,4162592.25,8.5,67.218712,Alive
46,25,725483.25,4162590.75,8.9,69.214832,Alive
46,26,725479.75,4162588.75,12.5,69.4,Alive
46,27,725476.75,4162586.75,7.2,65.449663,Alive
46,28,725473.75,4162584.75,10.2,64.302568,Alive
46,29,725470.25,4162583.25,8.2,69.322207,Alive
46,30,725466.75,4162580.75,10.9,69.102763,Alive
46,31,725464.25,4162578.75,10.8,66.479408,Alive
46,32,725462.087249999,4162576.0765,6.9,65.875643,Alive
46,33,725461.25,4162577.25,10.5,68.331775,Alive
46,34,725457.75,4162574.75,8.7,70.244575,Alive
46,35,725455.25,4162572.75,6.2,69.522875,Alive
46,36,725452.25,4162570.75,6.0,65.004907,Alive
46,37,725449.25,4162568.75,8.5,63.3004,Alive
46,38,725440.25,4162562.75,8.1,72.8,Alive
46,39,725437.25,4162560.25,10.8,70.483967,Alive
46,40,725433.75,4162558.75,8.1,66.479408,Alive
46,41,725428.25,4162554.75,11.7,60.4664,Alive
46,42,725425.25,4162551.75,8.7,54.3,Alive
46,43,725421.75,4162550.75,8.1,68.986,Alive
47,1,725542.25,4162623.75,7.9,61.942075,Alive
47,2,725538.75,4162623.25,9.8,61.365887,Alive
47,3,725534.75,4162620.75,11.0,65.229632,Alive
47,4,725531.75,4162618.75,7.2,62.499487,Alive
47,5,725529.25,4162616.75,9.0,64.059067,Alive
47,6,725524.75,4162614.25,7.8,64.775488,Alive
47,7,725522.75,4162612.75,10.7,64.775488,Alive
47,8,725521.25,4162611.75,8.2,64.775488,Alive
47,9,725519.3915,4162610.34925,10.7,65.875643,Alive
47,10,725516.75,4162608.75,8.9,68.864543,Alive
47,11,725515.25,4162607.75,6.0,64.302568,Alive
47,12,725513.25,4162606.25,10.2,67.2,Alive
47,13,725511.25,4162604.25,9.2,62.771152,Alive
47,14,725509.28725,4162603.31974999,8.1,68.738392,Alive
47,15,725507.75,4162602.75,9.1,60.4664,Alive
47,16,725506.25,4162601.75,7.8,66.479408,Alive
47,17,725504.25,4162600.75,9.5,65.665,Alive
47,18,725503.25,4162599.75,9.8,73.6,Alive
47,19,725500.25,4162597.75,9.2,66.479408,Alive
47,20,725499.05825,4162596.13274999,10.3,67.3,Alive
47,21,725497.75,4162596.75,10.8,66.479408,Alive
47,22,725496.75,4162595.25,10.0,67.218712,Alive
47,23,725494.75,4162594.25,8.7,60.157183,Alive
47,24,725491.25,4162592.25,0.0,0.0,Dead
47,25,725488.25,4162589.75,9.7,62.771152,Alive
47,26,725484.75,4162588.25,9.0,68.037227,Alive
47,27,725482.25,4162585.75,8.2,64.541375,Alive
47,28,725478.75,4162584.25,8.1,66.671275,Alive
47,29,725475.75,4162581.75,8.6,67.5602,Alive
47,30,725472.75,4162580.25,7.2,60.770923,Alive
47,31,725469.75,4162578.25,8.1,64.302568,Alive
47,32,725468.423749999,4162578.17725,11.0,68.472008,Alive
47,33,725466.25,4162576.75,10.0,66.282847,Alive
47,34,725463.25,4162574.25,0.0,0.0,Dead
47,35,725460.25,4162572.75,7.6,63.810872,Alive
47,36,725457.25,4162570.25,10.9,67.882912,Alive
47,37,725454.75,4162568.25,7.9,66.282847,Alive
47,38,725451.25,4162566.75,10.6,69.214832,Alive
47,39,725448.25,4162564.75,9.5,68.986,Alive
47,40,725445.25,4162562.25,7.6,69.322207,Alive
47,41,725442.25,4162560.25,0.0,0.0,Dead
47,42,725438.75,4162558.75,0.0,0.0,Dead
47,43,725429.75,4162552.25,6.2,64.302568,Alive
48,1,725546.390999999,4162625.62225,0.0,0.0,Dead
48,2,725545.25,4162623.75,8.7,70.483967,Alive
48,3,725542.75,4162621.75,9.0,64.059067,Alive
48,4,725539.75,4162620.75,10.4,66.282847,Alive
48,5,725537.20175,4162619.36249999,9.2,65.229632,Alive
48,6,725536.218499999,4162618.55125,10.6,67.391803,Alive
48,7,725534.780999999,4162617.42875,8.0,63.810872,Alive
48,8,725533.25,4162616.25,9.0,68.607547,Alive
48,9,725530.25,4162614.75,10.1,70.369552,Alive
48,10,725528.75,4162613.25,6.3,70.137787,Alive
48,11,725527.25,4162612.25,9.3,70.369552,Alive
48,12,725524.25,4162610.25,11.2,66.858448,Alive
48,13,725522.842999999,4162609.35325,7.8,63.038123,Alive
48,14,725521.25,4162608.25,9.3,68.986,Alive
48,15,725518.25,4162606.25,8.1,63.7,Alive
48,16,725516.75,4162605.25,7.9,68.186848,Alive
48,17,725515.25,4162604.25,8.8,69.704767,Alive
48,18,725513.75,4162603.25,7.9,65.3,Alive
48,19,725511.75,4162602.25,11.1,63.3004,Alive
48,20,725509.25,4162600.25,8.0,63.557983,Alive
48,21,725506.25,4162598.25,10.2,65.665,Alive
48,22,725504.25,4162597.25,5.5,70.369552,Alive
48,23,725502.25,4162595.25,9.3,70.1,Alive
48,24,725498.059499999,4162594.59599999,7.7,64.541375,Alive
48,25,725498.75,4162593.25,8.6,66.671275,Alive
48,26,725495.75,4162591.25,7.5,69.867883,Alive
48,27,725492.75,4162589.25,8.0,62.499487,Alive
48,28,725490.25,4162586.75,10.6,67.218712,Alive
48,29,725486.75,4162585.25,12.1,66.671275,Alive
48,30,725480.75,4162581.25,10.0,70.332587,Alive
48,31,725477.25,4162579.75,9.4,66.081592,Alive
48,32,725474.25,4162577.25,11.0,65.004907,Alive
48,33,725468.75,4162573.25,8.9,66.671275,Alive
48,34,725465.25,4162572.25,9.1,69.522875,Alive
48,35,725461.75,4162569.75,12.9,68.186848,Alive
48,36,725458.75,4162568.25,6.3,68.037227,Alive
48,37,725452.75,4162563.75,10.6,67.5602,Alive
48,38,725443.25,4162557.75,7.6,70.332587,Alive
48,39,725437.25,4162553.25,8.5,68.037227,Alive
48,40,725434.25,4162551.75,10.9,65.449663,Alive
48,41,725431.25,4162549.25,4.5,65.449663,Alive
48,42,725424.75,4162546.25,9.4,69.522875,Alive
49,1,725547.25,4162620.75,5.9,61.942075,Alive
49,2,725544.6165,4162619.955,8.7,66.479408,Alive
49,3,725539.75,4162617.25,10.4,62.223128,Alive
49,4,725538.25,4162616.25,9.6,67.723903,Alive
49,5,725535.75,4162613.25,9.9,67.040927,Alive
49,6,725533.87025,4162613.33124999,8.6,69.1,Alive
49,7,725532.75,4162612.25,8.2,66.282847,Alive
49,8,725531.25,4162610.75,7.9,63.557983,Alive
49,9,725529.25,4162610.25,7.2,68.986,Alive
49,10,725527.75,4162609.25,8.3,63.038123,Alive
49,11,725524.75,4162606.75,7.9,67.882912,Alive
49,12,725523.25,4162605.75,7.7,65.6,Alive
49,13,725520.75,4162603.75,10.0,68.037227,Alive
49,14,725518.75,4162602.75,7.9,67.391803,Alive
49,15,725515.25,4162601.25,7.0,62.771152,Alive
49,16,725513.75,4162599.75,11.3,63.557983,Alive
49,17,725512.75,4162598.75,9.9,62.771152,Alive
49,18,725509.25,4162596.75,8.8,66.671275,Alive
49,19,725507.75,4162595.75,9.2,66.081592,Alive
49,20,725503.75,4162592.75,12.3,66.081592,Alive
49,21,725501.25,4162590.25,8.5,59.524667,Alive
49,22,725494.75,4162586.75,8.9,67.5602,Alive
49,23,725491.25,4162584.75,10.7,67.882912,Alive
49,24,725487.75,4162583.25,7.9,67.723903,Alive
49,25,725485.25,4162581.25,7.3,68.864543,Alive
49,26,725475.75,4162575.25,7.3,69.616168,Alive
49,27,725472.75,4162573.75,11.0,69.522875,Alive
49,28,725469.75,4162571.25,9.5,65.875643,Alive
49,29,725466.75,4162569.25,7.9,67.882912,Alive
49,30,725463.25,4162567.25,10.1,66.081592,Alive
49,31,725460.25,4162565.25,8.8,64.059067,Alive
49,32,725457.75,4162563.25,10.3,63.810872,Alive
49,33,725454.25,4162561.25,11.7,66.858448,Alive
49,34,725450.75,4162559.25,10.5,67.882912,Alive
49,35,725444.75,4162555.25,5.5,66.479408,Alive
49,36,725441.75,4162552.75,11.3,60.157183,Alive
49,37,725439.25,4162550.75,11.0,65.229632,Alive
49,38,725435.75,4162549.25,8.0,67.218712,Alive
49,39,725433.25,4162547.25,13.1,65.665,Alive
49,40,725428.75,4162545.75,7.2,65.875643,Alive
49,41,725425.66225,4162543.50199999,6.9,67.391803,Alive
50,1,725549.054499999,4162619.76349999,11.1,64.059067,Alive
50,2,725543.25,4162615.75,9.4,66.671275,Alive
50,3,725541.25,4162614.25,8.3,70.466363,Alive
50,4,725539.805249999,4162613.25149999,9.6,68.186848,Alive
50,5,725538.25,4162612.25,10.5,65.449663,Alive
50,6,725535.75,4162610.25,10.5,69.424888,Alive
50,7,725533.75,4162609.25,7.8,67.3,Alive
50,8,725532.25,4162607.25,6.6,64.775488,Alive
50,9,725529.25,4162605.75,8.1,68.986,Alive
50,10,725526.25,4162603.75,9.3,64.541375,Alive
50,11,725523.75,4162602.25,5.6,67.5602,Alive
50,12,725521.815999999,4162600.96125,8.6,69.102763,Alive
50,13,725520.75,4162600.25,6.5,65.004907,Alive
50,14,725518.75,4162599.25,9.4,68.472008,Alive
50,15,725517.75,4162598.25,10.5,70.452283,Alive
50,16,725515.25,4162597.25,11.4,68.037227,Alive
50,17,725512.75,4162594.75,11.4,69.214832,Alive
50,18,725509.25,4162592.75,8.7,71.8,Alive
50,19,725507.75,4162591.75,10.2,69.9424,Alive
50,20,725504.446,4162591.38775,9.3,65.665,Alive
50,21,725505.25,4162589.75,7.2,65.229632,Alive
50,22,725502.25,4162587.75,8.9,67.218712,Alive
50,23,725495.75,4162584.25,8.8,69.214832,Alive
50,24,725492.75,4162582.25,8.3,66.671275,Alive
50,25,725490.25,4162580.25,11.7,67.723903,Alive
50,26,725486.75,4162578.75,8.2,69.322207,Alive
50,27,725483.75,4162576.75,8.0,70.012223,Alive
50,28,725480.75,4162575.25,10.0,70.012223,Alive
50,29,725477.25,4162572.75,8.5,73.1,Alive
50,30,725471.75,4162568.75,7.9,67.882912,Alive
50,31,725468.25,4162566.75,7.0,70.0,Alive
50,32,725462.75,4162562.75,0.0,0.0,Dead
50,33,725458.75,4162560.75,10.6,66.479408,Alive
50,34,725455.75,4162558.75,8.1,69.788672,Alive
50,35,725452.75,4162557.25,10.0,63.0,Alive
50,36,725449.75,4162554.75,9.7,67.5602,Alive
50,37,725446.75,4162553.25,9.7,61.070752,Alive
50,38,725440.25,4162548.75,9.3,68.864543,Alive
50,39,725434.75,4162544.75,13.0,64.775488,Alive
50,40,725428.25,4162541.25,8.6,69.9424,Alive
51,1,725544.75,4162613.25,0.0,0.0,Dead
51,2,725543.75,4162611.25,8.9,69.9424,Alive
51,3,725541.75,4162610.25,8.7,65.665,Alive
51,4,725538.75,4162608.75,11.0,68.738392,Alive
51,5,725537.25,4162607.75,8.7,68.331775,Alive
51,6,725535.75,4162606.75,8.8,63.810872,Alive
51,7,725532.87575,4162604.76775,0.0,0.0,Dead
51,8,725531.418999999,4162603.94375,9.8,70.332587,Alive
51,9,725529.75,4162602.75,10.5,70.0,Alive
51,10,725526.75,4162600.75,6.8,71.0,Alive
51,11,725523.35675,4162599.0635,10.2,69.102763,Alive
51,12,725521.75,4162597.75,6.7,66.479408,Alive
51,13,725520.397,4162596.518,9.4,66.081592,Alive
51,14,725518.802249999,4162595.5655,11.9,67.5602,Alive
51,15,725517.25,4162594.75,6.8,64.302568,Alive
51,16,725515.695749999,4162593.6505,9.0,68.331775,Alive
51,17,725514.75,4162592.75,10.9,63.3004,Alive
51,18,725513.25,4162591.75,9.2,66.671275,Alive
51,19,725510.75,4162590.75,10.1,65.875643,Alive
51,20,725507.25,4162587.75,9.8,64.775488,Alive
51,21,725503.75,4162585.75,5.9,65.229632,Alive
51,22,725500.33025,4162582.29699999,7.6,64.302568,Alive
51,23,725498.25,4162581.25,10.9,64.541375,Alive
51,24,725497.186749999,4162582.25999999,7.1,63.557983,Alive
51,25,725494.75,4162580.25,0.0,0.0,Dead
51,26,725491.75,4162578.25,9.2,66.2,Alive
51,27,725488.25,4162576.25,8.3,70.0,Alive
51,28,725485.75,4162574.25,9.8,69.788672,Alive
51,29,725482.25,4162572.75,8.4,70.470472,Alive
51,30,725479.25,4162570.25,10.2,67.391803,Alive
51,31,725476.25,4162568.75,9.2,69.616168,Alive
51,32,725472.75,4162566.75,7.7,65.004907,Alive
51,33,725471.1805,4162563.33474999,7.7,68.186848,Alive
51,34,725470.25,4162564.75,10.5,69.616168,Alive
51,35,725467.25,4162562.75,7.4,66.858448,Alive
51,36,725464.25,4162560.25,11.7,69.867883,Alive
51,37,725461.25,4162558.25,8.1,66.282847,Alive
51,38,725457.75,4162556.25,10.0,69.322207,Alive
51,39,725454.75,4162554.75,7.5,67.391803,Alive
51,40,725451.75,4162552.25,9.8,66.858448,Alive
51,41,725449.25,4162550.25,7.9,67.882912,Alive
51,42,725445.75,4162548.75,0.0,0.0,Dead
51,43,725442.75,4162546.25,7.8,70.492768,Alive
51,44,725439.75,4162544.25,9.0,65.004907,Alive
51,45,725436.75,4162541.75,8.9,67.218712,Alive
51,46,725431.75,4162540.75,12.5,65.004907,Alive
51,47,725429.75,4162537.75,7.8,65.875643,Alive
52,1,725553.497749999,4162613.84675,11.2,67.723903,Alive
52,2,725550.25,4162613.25,10.9,76.4,Alive
52,3,725546.25,4162610.25,9.0,66.479408,Alive
52,4,725543.75,4162608.25,9.4,62.771152,Alive
52,5,725541.75,4162607.25,8.3,69.522875,Alive
52,6,725539.75,4162606.25,10.8,68.7,Alive
52,7,725537.10525,4162604.31199999,0.0,0.0,Dead
52,8,725535.25,4162604.25,8.8,66.7,Alive
52,9,725531.75,4162601.75,8.4,67.218712,Alive
52,10,725528.25,4162598.25,9.5,67.040927,Alive
52,11,725526.326,4162597.183,7.3,69.214832,Alive
52,12,725523.25,4162595.25,11.2,67.040927,Alive
52,13,725521.75,4162594.25,6.3,66.081592,Alive
52,14,725519.25,4162592.25,9.1,63.038123,Alive
52,15,725517.25,4162591.25,10.7,68.037227,Alive
52,16,725515.75,4162590.25,6.6,67.040927,Alive
52,17,725514.25,4162589.25,8.7,67.723903,Alive
52,18,725512.75,4162588.75,8.4,67.5602,Alive
52,19,725510.75,4162586.75,9.8,67.218712,Alive
52,20,725508.75,4162585.75,7.9,70.077352,Alive
52,21,725505.75,4162583.75,8.5,69.7,Alive
52,22,725502.25,4162581.75,9.1,68.738392,Alive
52,23,725499.75,4162579.75,10.2,67.5602,Alive
52,24,725496.25,4162577.25,8.3,68.472008,Alive
52,25,725493.25,4162576.25,0.0,0.0,Dead
52,26,725489.75,4162574.25,10.2,74.2,Alive
52,27,725486.75,4162571.25,13.4,66.282847,Alive
52,28,725480.775,4162567.8295,6.8,63.557983,Alive
52,29,725477.75,4162565.75,9.1,61.365887,Alive
52,30,725474.75,4162563.75,0.0,0.0,Dead
52,31,725471.75,4162562.25,7.3,68.986,Alive
52,32,725469.25,4162559.25,5.9,63.3004,Alive
52,33,725468.25,4162559.75,9.8,64.541375,Alive
52,34,725459.75,4162553.75,8.9,69.6,Alive
52,35,725453.75,4162550.25,8.9,68.331775,Alive
52,36,725454.158249999,4162548.98075,6.5,63.557983,Alive
52,37,725450.25,4162548.25,7.0,67.391803,Alive
52,38,725447.25,4162545.75,5.5,68.331775,Alive
52,39,725444.25,4162543.75,10.9,65.229632,Alive
52,40,725441.75,4162541.75,9.8,70.193528,Alive
52,41,725437.75,4162540.25,9.1,68.607547,Alive
52,42,725434.25,4162537.25,7.6,70.401823,Alive
53,1,725546.25,4162606.75,12.6,66.671275,Alive
53,2,725544.25,4162606.25,10.8,67.5602,Alive
53,3,725542.3935,4162603.813,9.0,62.499487,Alive
53,4,725540.25,4162603.25,11.3,67.5602,Alive
53,5,725535.75,4162599.75,8.8,76.9,Alive
53,6,725532.75,4162597.75,7.7,69.214832,Alive
53,7,725528.857749999,4162596.566,11.6,68.472008,Alive
53,8,725527.75,4162594.75,8.1,69.867883,Alive
53,9,725525.25,4162593.25,10.1,65.449663,Alive
53,10,725523.75,4162591.75,0.0,0.0,Dead
53,11,725520.75,4162589.75,11.5,72.3,Alive
53,12,725519.25,4162588.75,8.2,62.223128,Alive
53,13,725517.25,4162587.75,9.7,65.665,Alive
53,14,725514.75,4162585.75,9.3,68.738392,Alive
53,15,725512.75,4162584.75,6.7,67.5602,Alive
53,16,725510.75,4162583.25,4.8,63.038123,Alive
53,17,725509.25,4162582.75,9.8,68.037227,Alive
53,18,725506.757749999,4162580.51099999,11.1,68.986,Alive
53,19,725504.75,4162579.75,6.7,63.3004,Alive
53,20,725503.25,4162578.25,9.1,67.3,Alive
53,21,725502.447249999,4162577.45699999,8.1,66.081592,Alive
53,22,725500.25,4162576.75,8.8,70.369552,Alive
53,23,725497.380499999,4162574.639,5.7,67.040927,Alive
53,24,725495.75,4162573.75,7.2,65.229632,Alive
53,25,725493.75,4162572.25,7.2,69.9424,Alive
53,26,725492.75,4162571.25,8.0,66.671275,Alive
53,27,725491.25,4162570.75,13.0,65.229632,Alive
53,28,725489.75,4162569.75,4.4,67.391803,Alive
53,29,725487.75,4162568.75,7.7,69.102763,Alive
53,30,725486.25,4162568.25,0.0,0.0,Dead
53,31,725484.75,4162566.75,8.0,68.738392,Alive
53,32,725483.25875,4162566.04925,10.4,69.704767,Alive
53,33,725481.75,4162564.75,7.8,64.775488,Alive
53,34,725480.25,4162563.25,8.0,70.193528,Alive
53,35,725479.468499999,4162562.61274999,8.0,68.037227,Alive
53,36,725476.75,4162562.25,8.0,68.986,Alive
53,37,725475.75,4162560.75,10.5,70.6,Alive
53,38,725473.75,4162559.75,8.8,69.214832,Alive
53,39,725470.25,4162557.25,6.8,68.986,Alive
53,40,725467.25,4162555.25,6.8,65.875643,Alive
53,41,725464.25,4162553.75,9.2,68.472008,Alive
53,42,725462.337249999,4162550.84249999,9.1,64.302568,Alive
53,43,725461.25,4162551.25,8.2,63.557983,Alive
53,44,725458.25,4162549.25,11.3,70.496288,Alive
53,45,725458.83625,4162548.11075,8.5,68.037227,Alive
53,46,725455.25,4162546.75,10.6,70.492768,Alive
53,47,725451.75,4162545.25,5.5,69.102763,Alive
53,48,725448.75,4162543.25,10.2,67.040927,Alive
53,49,725446.75,4162541.25,8.1,70.290928,Alive
53,50,725442.75,4162539.25,10.2,59.201368,Alive
53,51,725439.75,4162537.25,6.0,61.365887,Alive
53,52,725436.25,4162533.75,8.9,67.040927,Alive
54,1,725555.25,4162609.25,9.1,68.472008,Alive
54,2,725549.25,4162605.75,6.2,65.665,Alive
54,3,725546.25,4162603.75,6.3,66.282847,Alive
54,4,725544.25,4162602.75,8.2,68.986,Alive
54,5,725542.505499999,4162601.53975,8.9,67.723903,Alive
54,6,725540.25,4162599.75,7.0,72.6,Alive
54,7,725538.75,4162598.25,8.7,66.858448,Alive
54,8,725535.75,4162596.75,10.6,71.1,Alive
54,9,725532.75,4162594.75,7.8,68.331775,Alive
54,10,725530.504749999,4162593.36224999,8.5,67.040927,Alive
54,11,725528.25,4162591.25,9.3,62.223128,Alive
54,12,725526.75,4162589.75,7.3,67.040927,Alive
54,13,725523.75,4162588.25,8.0,67.040927,Alive
54,14,725522.25,4162586.75,7.8,68.472008,Alive
54,15,725518.75,4162585.25,0.0,0.0,Dead
54,16,725515.75,4162583.25,6.9,73.5,Alive
54,17,725512.75,4162580.75,7.6,69.322207,Alive
54,18,725511.25,4162580.25,10.5,67.040927,Alive
54,19,725509.75,4162578.75,0.0,0.0,Dead
54,20,725506.75,4162577.25,9.4,69.322207,Alive
54,21,725505.25,4162576.25,9.1,70.401823,Alive
54,22,725503.25,4162575.25,10.8,64.775488,Alive
54,23,725501.75,4162574.25,8.1,66.282847,Alive
54,24,725498.25,4162572.75,8.9,65.229632,Alive
54,25,725497.391749999,4162570.62074999,8.4,68.037227,Alive
54,26,725494.75,4162568.75,8.4,65.665,Alive
54,27,725492.25,4162567.75,10.1,67.218712,Alive
54,28,725491.25,4162567.25,6.6,63.3004,Alive
54,29,725489.75,4162566.25,4.5,65.875643,Alive
54,30,725486.457999999,4162564.21875,9.4,68.472008,Alive
54,31,725484.75,4162563.25,10.8,65.449663,Alive
54,32,725483.25,4162562.25,7.5,69.322207,Alive
54,33,725480.25,4162560.25,6.1,69.214832,Alive
54,34,725478.278249999,4162560.5715,10.1,66.479408,Alive
54,35,725478.75,4162558.75,0.0,0.0,Dead
54,36,725474.75,4162556.75,9.4,74.6,Alive
54,37,725472.25,4162554.75,10.5,69.322207,Alive
54,38,725469.25,4162552.75,9.2,69.9424,Alive
54,39,725465.75,4162551.25,10.3,63.8,Alive
54,40,725463.25,4162548.75,10.0,69.9424,Alive
54,41,725459.876249999,4162546.81925,8.8,68.472008,Alive
54,42,725456.75,4162544.75,7.5,69.616168,Alive
54,43,725453.75,4162543.25,6.8,59.524667,Alive
54,44,725450.25,4162540.75,5.9,65.665,Alive
54,45,725447.75,4162538.75,11.7,60.157183,Alive
54,46,725444.25,4162536.75,7.9,60.4664,Alive
54,47,725441.75,4162534.25,8.6,65.004907,Alive
54,48,725440.79625,4162535.42249999,7.2,67.218712,Alive
54,49,725437.25,4162531.75,10.2,68.4,Alive
55,1,725551.25,4162603.25,10.3,64.059067,Alive
55,2,725548.25,4162601.25,10.1,63.810872,Alive
55,3,725543.25,4162597.75,7.4,70.6,Alive
55,4,725540.75,4162595.75,10.3,69.322207,Alive
55,5,725538.75,4162594.75,9.6,69.102763,Alive
55,6,725536.13225,4162593.05599999,10.5,67.5602,Alive
55,7,725534.25,4162591.75,9.7,68.3,Alive
55,8,725532.75,4162590.75,10.0,68.037227,Alive
55,9,725531.25,4162589.75,6.1,69.9424,Alive
55,10,725529.75,4162588.75,11.0,68.331775,Alive
55,11,725528.25,4162587.75,7.3,70.452283,Alive
55,12,725526.75,4162586.75,8.6,67.218712,Alive
55,13,725525.25,4162585.75,7.3,66.081592,Alive
55,14,725523.829,4162584.86175,8.8,69.867883,Alive
55,15,725522.25,4162583.75,10.5,66.282847,Alive
55,16,725520.75,4162582.25,7.5,66.671275,Alive
55,17,725517.75,4162580.25,9.1,67.218712,Alive
55,18,725515.75,4162579.25,7.3,66.671275,Alive
55,19,725513.25,4162577.75,5.8,69.867883,Alive
55,20,725511.25,4162576.75,7.6,69.788672,Alive
55,21,725508.75,4162574.75,10.3,60.4664,Alive
55,22,725507.25,4162575.75,8.1,69.522875,Alive
55,23,725506.75,4162573.75,7.5,68.986,Alive
55,24,725505.25,4162572.75,10.0,69.214832,Alive
55,25,725503.75,4162571.75,9.5,62.499487,Alive
55,26,725502.3665,4162570.71774999,8.1,65.449663,Alive
55,27,725499.75,4162568.75,5.6,66.479408,Alive
55,28,725497.25,4162567.25,9.4,70.2,Alive
55,29,725495.399749999,4162567.29149999,6.8,65.665,Alive
55,30,725493.143249999,4162564.7965,11.4,69.522875,Alive
55,31,725491.888999999,4162562.944,8.1,69.424888,Alive
55,32,725491.25,4162563.75,9.6,70.481032,Alive
55,33,725489.75,4162562.75,0.0,0.0,Dead
55,34,725487.25,4162560.25,0.0,0.0,Dead
55,35,725485.512499999,4162559.71325,0.0,0.0,Dead
55,36,725483.75,4162558.75,6.5,67.882912,Alive
55,37,725482.25,4162557.75,8.0,68.6,Alive
55,38,725480.25,4162556.25,7.6,67.5602,Alive
55,39,725476.75,4162553.75,10.3,69.214832,Alive
55,40,725474.404499999,4162551.296,9.9,65.229632,Alive
55,41,725470.75,4162549.75,9.1,65.875643,Alive
55,42,725467.75,4162548.25,12.2,72.3,Alive
55,43,725464.25,4162546.25,11.8,67.723903,Alive
55,44,725461.25,4162544.25,7.5,67.040927,Alive
55,45,725458.25,4162542.75,9.0,68.864543,Alive
55,46,725455.25,4162540.25,9.1,67.040927,Alive
55,47,725452.25,4162538.25,8.8,67.218712,Alive
55,48,725449.75,4162536.25,7.8,65.004907,Alive
55,49,725446.25,4162534.25,9.0,70.077352,Alive
55,50,725442.75,4162532.25,6.2,63.810872,Alive
56,1,725562.75,4162604.25,11.4,72.5,Alive
56,2,725559.25,4162603.75,9.3,68.864543,Alive
56,3,725555.75,4162602.25,8.7,70.193528,Alive
56,4,725553.25,4162600.25,7.0,67.5602,Alive
56,5,725551.75,4162598.75,11.3,65.665,Alive
56,6,725549.75,4162598.25,0.0,0.0,Dead
56,7,725547.25,4162596.25,6.2,64.302568,Alive
56,8,725545.25,4162595.25,9.4,69.214832,Alive
56,9,725543.75,4162594.25,11.6,67.5602,Alive
56,10,725542.25,4162593.25,5.8,65.665,Alive
56,11,725540.25,4162592.25,8.1,70.491007,Alive
56,12,725539.25,4162590.75,5.6,67.218712,Alive
56,13,725537.84975,4162588.6235,7.6,68.738392,Alive
56,14,725536.1955,4162589.67025,9.3,67.391803,Alive
56,15,725534.75,4162587.75,7.9,62.499487,Alive
56,16,725533.404749999,4162587.08275,7.3,66.671275,Alive
56,17,725532.25,4162586.25,8.7,65.449663,Alive
56,18,725530.25,4162585.25,7.7,55.8,Alive
56,19,725528.75,4162584.25,7.8,70.8,Alive
56,20,725525.25,4162581.75,7.9,66.858448,Alive
56,21,725522.25,4162580.25,7.4,69.522875,Alive
56,22,725520.75,4162578.75,7.8,64.059067,Alive
56,23,725517.75,4162577.25,8.1,66.081592,Alive
56,24,725515.75,4162576.25,4.7,66.282847,Alive
56,25,725512.75,4162574.25,8.3,67.218712,Alive
56,26,725509.75,4162571.75,10.4,68.186848,Alive
56,27,725508.349249999,4162570.96749999,6.1,70.447,Alive
56,28,725507.25,4162569.75,8.5,63.3004,Alive
56,29,725505.25,4162569.25,9.2,63.038123,Alive
56,30,725503.25,4162568.25,0.0,0.0,Dead
56,31,725502.25,4162566.75,8.0,69.616168,Alive
56,32,725500.75,4162565.75,8.8,66.479408,Alive
56,33,725498.75,4162565.25,8.9,61.070752,Alive
56,34,725497.566499999,4162564.08825,8.0,68.037227,Alive
56,35,725496.25,4162562.75,7.0,69.214832,Alive
56,36,725494.75,4162562.25,12.3,62.499487,Alive
56,37,725493.25,4162561.25,8.6,69.788672,Alive
56,38,725491.25,4162560.25,0.0,0.0,Dead
56,39,725489.75,4162559.25,11.4,66.282847,Alive
56,40,725488.34375,4162558.3365,6.2,67.882912,Alive
56,41,725486.75,4162557.25,7.6,68.4,Alive
56,42,725484.75,4162556.25,0.0,0.0,Dead
56,43,725483.75,4162555.75,8.0,68.986,Alive
56,44,725481.982749999,4162553.96075,6.3,67.218712,Alive
56,45,725480.25,4162553.25,6.0,65.004907,Alive
56,46,725478.25,4162551.75,10.4,70.452283,Alive
56,47,725475.25,4162549.75,10.6,64.302568,Alive
56,48,725471.75,4162547.75,7.3,69.102763,Alive
56,49,725468.75,4162546.25,11.0,67.218712,Alive
56,50,725466.25,4162544.25,9.5,67.723903,Alive
56,51,725463.25,4162541.75,7.9,67.5602,Alive
56,52,725459.67,4162541.16074999,10.4,60.4664,Alive
56,53,725460.25,4162539.75,7.6,64.541375,Alive
56,54,725457.25,4162537.75,7.1,64.059067,Alive
56,55,725454.25,4162535.75,10.4,62.499487,Alive
56,56,725450.75,4162533.25,6.6,69.867883,Alive
56,57,725447.75,4162531.75,8.6,70.481032,Alive
56,58,725444.75,4162529.25,7.9,70.012223,Alive
56,59,725441.25,4162526.75,9.1,64.775488,Alive
56,60,725437.75,4162526.25,9.1,67.040927,Alive
57,1,725555.25,4162597.75,10.9,66.282847,Alive
57,2,725551.25,4162595.75,9.8,65.665,Alive
57,3,725547.25,4162592.25,8.1,62.771152,Alive
57,4,725545.25,4162591.75,8.0,65.229632,Alive
57,5,725542.75,4162589.25,8.9,64.541375,Alive
57,6,725539.25,4162587.75,0.0,0.0,Dead
57,7,725537.25,4162586.25,8.5,70.7,Alive
57,8,725534.75,4162584.75,9.1,67.5602,Alive
57,9,725533.25,4162583.25,6.6,69.704767,Alive
57,10,725530.75,4162581.75,10.0,70.369552,Alive
57,11,725527.25,4162579.75,10.7,69.424888,Alive
57,12,725525.367749999,4162578.9445,8.8,69.102763,Alive
57,13,725523.75,4162577.75,10.0,63.810872,Alive
57,14,725521.25,4162575.25,10.2,65.229632,Alive
57,15,725519.75,4162574.25,10.1,63.810872,Alive
57,16,725517.75,4162573.75,6.0,66.671275,Alive
57,17,725515.75,4162572.25,7.8,67.5602,Alive
57,18,725513.25,4162570.25,9.0,64.775488,Alive
57,19,725509.75,4162568.25,5.8,69.616168,Alive
57,20,725507.25,4162566.75,7.3,64.775488,Alive
57,21,725504.25,4162564.25,7.1,67.040927,Alive
57,22,725500.75,4162562.25,8.2,67.723903,Alive
57,23,725499.2685,4162561.87174999,9.3,70.012223,Alive
57,24,725497.75,4162560.75,7.8,70.369552,Alive
57,25,725496.25,4162559.75,9.3,68.037227,Alive
57,26,725494.573749999,4162558.34599999,10.3,64.541375,Alive
57,27,725491.25,4162556.75,11.0,65.229632,Alive
57,28,725489.9575,4162555.69249999,7.9,69.424888,Alive
57,29,725488.75,4162554.75,8.4,69.704767,Alive
57,30,725486.75,4162553.75,6.7,70.401823,Alive
57,31,725484.75,4162552.25,9.9,69.214832,Alive
57,32,725483.75,4162551.75,9.7,70.9,Alive
57,33,725482.75,4162551.25,9.1,65.004907,Alive
57,34,725481.75,4162550.75,9.0,68.037227,Alive
57,35,725479.75,4162549.25,11.0,68.331775,Alive
57,36,725477.25,4162547.25,10.2,67.723903,Alive
57,37,725474.25,4162545.25,6.6,68.472008,Alive
57,38,725470.75,4162543.25,6.1,64.775488,Alive
57,39,725468.25,4162541.25,8.2,66.858448,Alive
57,40,725465.25,4162539.25,10.0,66.479408,Alive
57,41,725461.75,4162536.75,8.6,66.081592,Alive
57,42,725458.75,4162535.25,8.5,64.059067,Alive
57,43,725455.75,4162532.75,8.6,66.671275,Alive
57,44,725452.75,4162530.75,8.7,69.9424,Alive
57,45,725449.75,4162529.25,9.2,68.738392,Alive
57,46,725446.75,4162527.25,10.1,63.3004,Alive
58,1,725563.95125,4162599.972,8.5,63.557983,Alive
58,2,725561.25,4162599.25,7.5,67.882912,Alive
58,3,725556.25,4162595.25,0.0,0.0,Dead
58,4,725554.75,4162593.75,11.4,67.723903,Alive
58,5,725552.25,4162593.25,12.2,67.882912,Alive
58,6,725549.75,4162591.25,9.6,66.081592,Alive
58,7,725546.75,4162589.25,9.4,68.186848,Alive
58,8,725545.25,4162588.25,8.7,63.038123,Alive
58,9,725543.75,4162586.75,8.3,68.186848,Alive
58,10,725541.274749999,4162587.0825,11.3,68.186848,Alive
58,11,725540.75,4162585.25,8.3,68.472008,Alive
58,12,725538.75,4162584.25,10.2,69.867883,Alive
58,13,725537.75,4162582.25,9.2,66.858448,Alive
58,14,725535.75,4162582.25,8.8,64.059067,Alive
58,15,725533.25,4162579.75,9.4,71.3,Alive
58,16,725531.75,4162578.75,11.3,68.186848,Alive
58,17,725530.25,4162577.75,10.9,62.771152,Alive
58,18,725528.75,4162576.75,11.5,66.479408,Alive
58,19,725527.25,4162575.75,9.8,69.704767,Alive
58,20,725525.468499999,4162575.21224999,7.5,66.081592,Alive
58,21,725522.25,4162572.75,8.3,70.077352,Alive
58,22,725519.75,4162570.75,7.6,67.218712,Alive
58,23,725518.25,4162570.25,9.0,63.810872,Alive
58,24,725517.25,4162569.25,8.0,67.882912,Alive
58,25,725515.176749999,4162567.96125,11.0,66.282847,Alive
58,26,725513.75,4162566.75,7.9,65.875643,Alive
58,27,725510.633249999,4162565.21975,9.3,63.3,Alive
58,28,725509.25,4162563.75,8.8,69.867883,Alive
58,29,725507.25,4162563.25,7.7,66.479408,Alive
58,30,725505.31125,4162561.92524999,8.1,64.059067,Alive
58,31,725503.75,4162560.75,7.1,67.040927,Alive
58,32,725500.75,4162559.25,8.8,64.302568,Alive
58,33,725497.75,4162557.25,10.9,68.472008,Alive
58,34,725496.25,4162556.25,7.4,66.671275,Alive
58,35,725492.25,4162553.25,10.0,62.499487,Alive
58,36,725490.75,4162552.25,10.0,68.986,Alive
58,37,725488.75,4162551.25,12.4,60.4664,Alive
58,38,725487.25,4162550.75,11.0,66.479408,Alive
58,39,725484.25,4162548.25,8.7,73.8,Alive
58,40,725481.75,4162546.75,7.7,60.770923,Alive
58,41,725475.75,4162542.75,7.9,64.059067,Alive
58,42,725472.25,4162540.75,9.3,67.218712,Alive
58,43,725466.75,4162536.75,10.2,63.810872,Alive
58,44,725463.25,4162534.75,7.6,65.875643,Alive
58,45,725457.25,4162530.75,9.6,63.810872,Alive
58,46,725454.25,4162528.25,6.9,64.541375,Alive
58,47,725451.25,4162526.25,9.0,70.077352,Alive
58,48,725448.25,4162524.25,8.3,64.059067,Alive
58,49,725444.25,4162520.75,11.7,63.3004,Alive
59,1,725563.75,4162595.75,11.4,63.0,Alive
59,2,725558.25,4162592.75,8.4,69.7,Alive
59,3,725558.150249999,4162590.8805,8.3,69.102763,Alive
59,4,725556.40775,4162591.15799999,0.0,0.0,Dead
59,5,725554.75,4162590.25,7.9,69.522875,Alive
59,6,725551.25,4162588.75,10.9,73.6,Alive
59,7,725548.75,4162586.75,8.6,66.081592,Alive
59,8,725546.60675,4162585.31875,6.1,70.369552,Alive
59,9,725545.25,4162584.25,9.4,70.496288,Alive
59,10,725541.25,4162581.25,8.5,62.771152,Alive
59,11,725539.25,4162580.75,11.3,63.3004,Alive
59,12,725537.75,4162579.75,9.5,64.059067,Alive
59,13,725536.25,4162578.75,8.4,66.081592,Alive
59,14,725535.25,4162577.75,7.3,69.788672,Alive
59,15,725531.75,4162575.25,10.5,69.522875,Alive
59,16,725530.25,4162574.25,8.7,68.986,Alive
59,17,725528.760499999,4162573.29825,10.0,69.788672,Alive
59,18,725525.75,4162571.25,9.8,69.616168,Alive
59,19,725522.75,4162569.25,5.9,64.775488,Alive
59,20,725516.586499999,4162565.42175,10.0,66.479408,Alive
59,21,725513.75,4162563.75,9.6,65.665,Alive
59,22,725512.396249999,4162562.5295,7.7,69.4,Alive
59,23,725510.75,4162561.75,10.4,68.864543,Alive
59,24,725508.75,4162560.75,7.9,66.858448,Alive
59,25,725507.25,4162559.75,5.0,68.864543,Alive
59,26,725505.75,4162558.75,8.4,65.665,Alive
59,27,725504.25,4162557.75,10.1,65.875643,Alive
59,28,725502.3575,4162556.81499999,10.5,69.616168,Alive
59,29,725499.75,4162554.75,10.6,65.229632,Alive
59,30,725498.25,4162553.75,0.0,0.0,Dead
59,31,725494.75,4162552.25,7.0,67.882912,Alive
59,32,725492.25,4162549.75,10.9,66.671275,Alive
59,33,725490.829249999,4162548.92375,6.4,68.037227,Alive
59,34,725487.25,4162547.25,0.0,0.0,Dead
59,35,725485.466,4162544.76599999,9.7,67.040927,Alive
59,36,725483.25,4162544.25,8.2,70.491007,Alive
59,37,725480.25,4162542.75,8.2,64.302568,Alive
59,38,725477.75,4162540.25,7.1,67.5602,Alive
59,39,725474.75,4162538.25,7.9,70.492768,Alive
59,40,725471.25,4162536.25,9.0,70.466363,Alive
59,41,725468.25,4162534.25,8.6,69.616168,Alive
59,42,725465.25,4162532.25,7.7,70.492768,Alive
59,43,725461.75,4162530.25,9.5,66.858448,Alive
59,44,725458.75,4162528.25,8.5,65.875643,Alive
59,45,725455.75,4162526.25,6.4,69.616168,Alive
59,46,725453.259749999,4162526.02449999,10.7,66.282847,Alive
59,47,725452.75,4162524.25,10.8,68.472008,Alive
59,48,725449.75,4162521.75,8.4,63.810872,Alive
59,49,725444.883,4162517.86975,9.8,67.882912,Alive
60,1,725568.25,4162595.75,8.0,63.557983,Alive
60,2,725564.26,4162593.92274999,8.5,68.738392,Alive
60,3,725560.25,4162589.75,5.4,66.858448,Alive
60,4,725554.75,4162587.25,10.1,65.229632,Alive
60,5,725551.75,4162584.75,0.0,0.0,Dead
60,6,725550.25,4162583.75,9.4,64.302568,Alive
60,7,725548.87575,4162582.8975,7.9,70.077352,Alive
60,8,725547.25,4162581.75,8.0,70.369552,Alive
60,9,725546.25,4162580.75,11.6,67.218712,Alive
60,10,725544.25,4162579.75,7.3,70.470472,Alive
60,11,725542.25,4162578.75,7.7,66.479408,Alive
60,12,725541.1955,4162578.46799999,8.6,65.665,Alive
60,13,725540.25,4162577.75,10.3,60.4664,Alive
60,14,725539.846999999,4162576.25275,8.4,65.449663,Alive
60,15,725538.25,4162575.75,8.1,61.656328,Alive
60,16,725535.75,4162573.25,9.1,64.541375,Alive
60,17,725533.75,4162572.75,5.8,69.867883,Alive
60,18,725531.75,4162571.75,10.0,66.479408,Alive
60,19,725529.25,4162569.75,8.5,65.004907,Alive
60,20,725527.75,4162568.75,9.4,64.059067,Alive
60,21,725526.25,4162567.75,8.0,70.470472,Alive
60,22,725524.25,4162566.75,9.2,71.0,Alive
60,23,725523.221499999,4162565.98,8.2,70.137787,Alive
60,24,725519.75,4162564.25,8.7,69.9424,Alive
60,25,725515.25,4162561.25,6.7,69.9424,Alive
60,26,725513.75,4162559.75,6.8,67.218712,Alive
60,27,725512.75,4162559.25,0.0,0.0,Dead
60,28,725510.75,4162557.75,7.5,65.229632,Alive
60,29,725509.07475,4162556.47074999,9.5,69.788672,Alive
60,30,725507.738999999,4162555.97324999,10.2,66.282847,Alive
60,31,725506.25,4162555.25,10.3,62.499487,Alive
60,32,725504.25,4162554.25,8.2,67.391803,Alive
60,33,725503.25,4162553.25,11.3,65.449663,Alive
60,34,725501.043999999,4162551.98249999,5.9,67.723903,Alive
60,35,725500.2005,4162550.98449999,7.1,69.867883,Alive
60,36,725498.75,4162549.75,7.7,69.867883,Alive
60,37,725496.75,4162549.25,8.6,65.004907,Alive
60,38,725494.75,4162547.75,9.6,65.665,Alive
60,39,725492.25,4162546.25,9.1,62.499487,Alive
60,40,725490.75,4162545.25,9.2,69.424888,Alive
60,41,725489.75,4162543.75,7.3,65.229632,Alive
60,42,725485.75,4162541.75,7.9,70.137787,Alive
60,43,725484.6115,4162539.03374999,9.8,65.004907,Alive
60,44,725482.25,4162539.75,9.2,68.331775,Alive
60,45,725479.25,4162537.75,8.8,63.3004,Alive
60,46,725475.75,4162535.25,13.0,69.102763,Alive
60,47,725473.25,4162533.25,9.4,65.449663,Alive
60,48,725470.75,4162531.25,6.4,67.218712,Alive
60,49,725467.25,4162529.25,10.3,63.3004,Alive
60,50,725463.25,4162527.25,0.0,0.0,Dead
60,51,725460.75,4162525.25,11.3,64.541375,Alive
60,52,725457.75,4162523.25,9.4,70.492768,Alive
60,53,725455.25,4162521.25,6.9,67.5602,Alive
60,54,725451.75,4162519.25,9.4,68.472008,Alive
60,55,725448.75,4162516.75,8.9,67.218712,Alive
61,1,725566.75,4162590.75,8.7,69.788672,Alive
61,2,725564.547499999,4162590.77125,9.1,58.8,Alive
61,3,725564.25,4162589.25,11.5,60.157183,Alive
61,4,725561.25,4162587.75,8.6,67.218712,Alive
61,5,725559.770499999,4162584.68424999,10.7,65.004907,Alive
61,6,725558.25,4162585.25,10.7,70.492768,Alive
61,7,725557.016249999,4162583.37174999,9.7,65.449663,Alive
61,8,725555.25,4162583.25,9.3,62.771152,Alive
61,9,725553.25,4162582.25,10.6,65.665,Alive
61,10,725551.964249999,4162581.66074999,8.5,68.986,Alive
61,11,725550.25,4162579.75,8.4,67.723903,Alive
61,12,725547.75,4162578.25,8.6,73.7,Alive
61,13,725546.25,4162577.75,6.7,70.9,Alive
61,14,725544.25,4162576.75,5.7,66.479408,Alive
61,15,725542.75,4162575.25,10.3,68.864543,Alive
61,16,725541.25,4162574.25,9.4,67.391803,Alive
61,17,725539.25,4162573.75,10.6,68.986,Alive
61,18,725537.16575,4162571.70949999,7.8,62.223128,Alive
61,19,725535.25,4162570.25,7.2,66.479408,Alive
61,20,725531.75,4162568.75,8.8,65.875643,Alive
61,21,725528.75,4162566.75,7.1,69.214832,Alive
61,22,725526.25,4162564.25,8.7,65.665,Alive
61,23,725523.439,4162562.36899999,10.2,70.4294,Alive
61,24,725521.75,4162561.75,9.5,61.070752,Alive
61,25,725520.03,4162560.60025,7.8,61.942075,Alive
61,26,725518.25,4162559.25,0.0,0.0,Dead
61,27,725515.75,4162557.75,6.6,66.479408,Alive
61,28,725514.25,4162556.75,9.3,57.4,Alive
61,29,725512.88,4162555.52149999,8.1,65.875643,Alive
61,30,725511.75,4162555.25,7.7,65.875643,Alive
61,31,725504.25,4162551.25,8.3,63.557983,Alive
61,32,725504.492749999,4162549.95899999,10.6,66.081592,Alive
61,33,725502.25,4162549.75,9.6,68.607547,Alive
61,34,725500.497749999,4162548.07024999,10.8,69.322207,Alive
61,35,725498.25,4162547.25,7.3,65.449663,Alive
61,36,725496.75,4162545.75,7.5,70.496288,Alive
61,37,725495.25,4162544.75,12.8,68.331775,Alive
61,38,725492.25,4162542.75,11.8,66.479408,Alive
61,39,725490.508,4162541.36799999,8.7,70.466363,Alive
61,40,725489.25,4162540.25,10.0,69.788672,Alive
61,41,725487.25,4162537.25,7.6,69.424888,Alive
61,42,725484.9,4162536.9095,11.5,67.5602,Alive
61,43,725483.75,4162537.25,9.5,68.037227,Alive
61,44,725480.75,4162535.25,9.2,68.186848,Alive
61,45,725477.75,4162533.75,8.5,67.1,Alive
61,46,725474.75,4162530.75,7.8,69.616168,Alive
61,47,725471.75,4162528.75,8.5,64.302568,Alive
61,48,725470.469,4162528.93074999,7.7,64.541375,Alive
61,49,725468.25,4162526.75,8.4,70.193528,Alive
61,50,725465.25,4162525.25,0.0,0.0,Dead
61,51,725462.75,4162522.75,9.3,63.810872,Alive
61,52,725459.25,4162520.75,8.1,65.449663,Alive
61,53,725456.25,4162518.75,10.1,62.223128,Alive
61,54,725453.25,4162516.75,11.7,62.499487,Alive
61,55,725448.037499999,4162514.79025,10.5,66.858448,Alive
61,56,725447.25,4162513.25,9.0,65.004907,Alive
62,1,725571.658749999,4162589.78425,12.0,68.738392,Alive
62,2,725571.038749999,4162588.09249999,9.0,66.081592,Alive
62,3,725568.75,4162587.75,8.1,65.229632,Alive
62,4,725564.71025,4162585.554,10.2,69.214832,Alive
62,5,725563.25,4162585.25,8.1,68.472008,Alive
62,6,725564.195249999,4162583.58124999,8.3,68.037227,Alive
62,7,725561.75,4162583.75,10.4,68.986,Alive
62,8,725557.25,4162580.75,8.1,65.665,Alive
62,9,725555.682,4162578.93999999,8.5,67.218712,Alive
62,10,725553.75,4162578.75,8.6,70.279775,Alive
62,11,725552.25,4162577.75,7.2,63.3004,Alive
62,12,725551.25,4162576.25,7.8,69.867883,Alive
62,13,725549.957249999,4162577.06774999,9.3,62.223128,Alive
62,14,725547.75,4162574.75,7.0,66.671275,Alive
62,15,725542.75,4162571.75,8.9,67.218712,Alive
62,16,725540.75,4162570.25,12.2,69.214832,Alive
62,17,725538.75,4162569.25,8.6,63.3004,Alive
62,18,725537.25,4162567.75,8.0,69.424888,Alive
62,19,725536.1635,4162566.907,8.7,66.479408,Alive
62,20,725534.25,4162565.75,10.3,69.867883,Alive
62,21,725532.25,4162564.75,9.9,67.040927,Alive
62,22,725530.75,4162564.25,7.9,61.070752,Alive
62,23,725527.75,4162561.75,8.7,64.775488,Alive
62,24,725526.25,4162561.25,8.9,68.472008,Alive
62,25,725524.75,4162559.75,8.9,72.8,Alive
62,26,725522.75,4162558.75,10.4,67.5602,Alive
62,27,725518.75,4162556.25,7.2,70.4294,Alive
62,28,725516.75,4162555.25,0.0,0.0,Dead
62,29,725514.25,4162553.25,9.6,70.332587,Alive
62,30,725512.25,4162552.25,9.1,67.218712,Alive
62,31,725510.75,4162551.25,11.4,66.479408,Alive
62,32,725507.23175,4162546.82824999,10.3,70.422943,Alive
62,33,725506.25,4162548.25,9.8,65.004907,Alive
62,34,725504.25,4162547.25,7.4,64.0,Alive
62,35,725503.46475,4162546.62325,8.6,68.607547,Alive
62,36,725502.25,4162545.25,8.1,72.3,Alive
62,37,725499.75,4162544.25,9.3,65.875643,Alive
62,38,725498.25,4162543.25,7.5,63.3004,Alive
62,39,725493.75,4162540.25,7.6,68.986,Alive
62,40,725492.25,4162539.25,8.6,73.1,Alive
62,41,725491.25,4162538.25,7.4,67.5602,Alive
62,42,725488.75,4162537.25,9.6,66.671275,Alive
62,43,725489.4895,4162536.02875,7.9,70.077352,Alive
62,44,725488.25,4162535.25,11.1,67.5602,Alive
62,45,725485.25,4162534.75,12.1,65.449663,Alive
62,46,725479.25,4162530.75,11.0,65.449663,Alive
62,47,725476.25,4162528.75,9.6,66.081592,Alive
62,48,725470.25,4162524.25,9.6,65.449663,Alive
62,49,725463.75,4162520.75,8.3,65.004907,Alive
62,50,725460.75,4162518.25,9.1,66.671275,Alive
62,51,725458.75,4162516.25,9.9,64.775488,Alive
62,52,725454.75,4162514.25,7.4,69.867883,Alive
62,53,725451.25,4162513.25,8.4,65.665,Alive
63,1,725568.817999999,4162584.58225,8.3,53.3,Alive
63,2,725564.75,4162582.25,7.5,65.004907,Alive
63,3,725561.75,4162580.75,5.2,66.671275,Alive
63,4,725560.25,4162579.25,10.2,70.452283,Alive
63,5,725560.360749999,4162578.23249999,8.4,64.302568,Alive
63,6,725558.25,4162578.75,6.6,65.449663,Alive
63,7,725557.25,4162577.25,10.8,69.424888,Alive
63,8,725555.75,4162576.25,8.9,67.218712,Alive
63,9,725552.75,4162574.25,11.7,68.864543,Alive
63,10,725550.75,4162573.25,7.8,64.3,Alive
63,11,725549.75,4162572.25,8.5,66.282847,Alive
63,12,725547.75,4162571.25,8.6,70.332587,Alive
63,13,725546.75,4162570.25,9.8,72.8,Alive
63,14,725544.75,4162569.25,7.6,59.201368,Alive
63,15,725542.88525,4162568.31424999,9.0,66.479408,Alive
63,16,725539.75,4162566.25,10.1,63.810872,Alive
63,17,725537.756249999,4162564.32975,11.0,70.447,Alive
63,18,725535.25,4162563.75,11.9,70.9,Alive
63,19,725532.25,4162561.25,7.4,68.037227,Alive
63,20,725528.25,4162558.25,8.3,68.607547,Alive
63,21,725526.25,4162557.25,8.5,69.322207,Alive
63,22,725524.25,4162556.25,9.3,68.331775,Alive
63,23,725523.75,4162555.25,6.2,70.077352,Alive
63,24,725521.75,4162554.25,9.8,65.004907,Alive
63,25,725520.089999999,4162553.7285,6.9,71.4,Alive
63,26,725518.75,4162552.25,5.7,66.671275,Alive
63,27,725517.856999999,4162553.27675,9.0,64.059067,Alive
63,28,725517.25,4162551.25,8.8,61.365887,Alive
63,29,725514.25,4162549.25,10.5,64.059067,Alive
63,30,725512.75,4162548.25,8.8,69.704767,Alive
63,31,725511.120499999,4162547.26349999,8.0,78.0,Alive
63,32,725508.25,4162545.25,10.0,67.723903,Alive
63,33,725506.2905,4162544.49374999,6.2,67.391803,Alive
63,34,725505.25,4162543.25,12.2,67.723903,Alive
63,35,725501.75,4162540.75,10.8,68.186848,Alive
63,36,725499.25,4162539.25,6.0,68.738392,Alive
63,37,725497.70125,4162538.25249999,7.5,62.499487,Alive
63,38,725495.75,4162537.25,6.4,70.290928,Alive
63,39,725493.25,4162535.25,7.3,63.3004,Alive
63,40,725490.75,4162533.75,0.0,0.0,Dead
63,41,725487.25,4162531.75,9.5,65.449663,Alive
63,42,725484.25,4162530.25,10.0,64.541375,Alive
63,43,725481.25,4162527.25,0.0,0.0,Dead
63,44,725478.25,4162526.25,8.1,70.012223,Alive
63,45,725475.25,4162523.75,7.8,68.738392,Alive
63,46,725471.75,4162521.75,9.1,69.102763,Alive
63,47,725465.75,4162518.25,6.3,67.040927,Alive
63,48,725462.850749999,4162514.51725,7.2,68.8,Alive
63,49,725461.75,4162515.75,5.8,63.3004,Alive
63,50,725459.25,4162513.75,10.7,71.0,Alive
63,51,725456.75,4162511.75,11.0,67.882912,Alive
63,52,725450.75,4162509.25,6.2,69.214832,Alive
64,1,725569.11675,4162582.45949999,9.4,67.5602,Alive
64,2,725566.5845,4162580.00825,9.4,67.882912,Alive
64,3,725564.7955,4162580.27975,11.5,68.738392,Alive
64,4,725563.75,4162577.75,10.0,68.037227,Alive
64,5,725561.75,4162576.75,7.7,66.081592,Alive
64,6,725558.75,4162575.25,6.1,65.665,Alive
64,7,725557.25,4162573.75,11.0,69.102763,Alive
64,8,725555.553749999,4162573.06199999,9.3,63.557983,Alive
64,9,725552.696499999,4162571.063,0.0,0.0,Dead
64,10,725551.411749999,4162571.84849999,9.6,66.081592,Alive
64,11,725551.25,4162570.25,0.0,0.0,Dead
64,12,725549.75,4162569.25,11.2,64.302568,Alive
64,13,725548.75,4162567.25,10.6,68.738392,Alive
64,14,725545.25,4162565.75,6.5,65.665,Alive
64,15,725543.05075,4162565.0575,7.8,69.322207,Alive
64,16,725541.75,4162564.25,8.9,67.040927,Alive
64,17,725540.25,4162562.75,10.3,68.186848,Alive
64,18,725537.313749999,4162560.5435,8.0,65.229632,Alive
64,19,725535.75,4162559.75,8.7,68.331775,Alive
64,20,725534.25,4162558.75,8.8,68.986,Alive
64,21,725531.25,4162556.75,11.2,69.322207,Alive
64,22,725528.25,4162555.25,7.5,68.864543,Alive
64,23,725525.25,4162552.75,8.6,67.391803,Alive
64,24,725523.75,4162551.75,11.3,74.6,Alive
64,25,725521.75,4162550.75,9.4,67.882912,Alive
64,26,725517.25,4162547.75,11.2,68.864543,Alive
64,27,725516.05925,4162546.57975,9.4,62.223128,Alive
64,28,725514.25,4162545.25,0.0,0.0,Dead
64,29,725511.75,4162544.25,8.9,68.864543,Alive
64,30,725510.25,4162542.75,9.1,65.665,Alive
64,31,725508.37925,4162541.22874999,6.8,68.864543,Alive
64,32,725506.75,4162540.75,8.6,69.214832,Alive
64,33,725504.75,4162539.75,8.3,65.875643,Alive
64,34,725503.75,4162538.25,9.5,68.331775,Alive
64,35,725501.75,4162537.25,6.2,72.2,Alive
64,36,725497.75,4162533.75,6.0,68.738392,Alive
64,37,725494.25,4162532.75,8.7,64.775488,Alive
64,38,725492.75,4162530.25,10.2,66.858448,Alive
64,39,725488.75,4162529.25,12.8,65.229632,Alive
64,40,725485.75,4162527.75,8.2,69.788672,Alive
64,41,725483.25,4162525.25,11.1,67.218712,Alive
64,42,725479.75,4162523.25,7.1,67.723903,Alive
64,43,725476.75,4162521.25,10.6,67.3,Alive
64,44,725473.75,4162519.25,10.1,65.229632,Alive
64,45,725467.75,4162515.75,5.8,66.4,Alive
64,46,725464.75,4162513.25,8.9,67.040927,Alive
64,47,725461.25,4162511.25,9.5,69.214832,Alive
64,48,725458.25,4162508.75,11.3,65.449663,Alive
64,49,725455.75,4162506.75,7.8,68.864543,Alive
65,1,725573.821499999,4162579.458,7.3,68.864543,Alive
65,2,725568.25,4162577.25,10.9,69.9424,Alive
65,3,725566.864749999,4162575.29075,10.8,69.9424,Alive
65,4,725563.408749999,4162573.63499999,11.0,68.738392,Alive
65,5,725560.75,4162572.25,11.0,64.541375,Alive
65,6,725559.25,4162571.25,10.4,67.391803,Alive
65,7,725557.25,4162570.25,7.5,69.102763,Alive
65,8,725555.75,4162569.75,8.3,68.186848,Alive
65,9,725554.25,4162568.25,9.7,64.541375,Alive
65,10,725553.25,4162567.75,9.5,65.8,Alive
65,11,725551.766999999,4162566.31124999,10.2,65.665,Alive
65,12,725549.75,4162565.25,0.0,0.0,Dead
65,13,725548.25,4162564.75,8.5,69.322207,Alive
65,14,725545.25,4162562.25,10.7,69.9424,Alive
65,15,725543.75,4162561.25,10.2,70.452283,Alive
65,16,725541.75,4162560.25,9.6,64.302568,Alive
65,17,725539.25,4162558.25,5.7,67.5602,Alive
65,18,725537.25,4162557.25,9.2,71.4,Alive
65,19,725535.695249999,4162556.24574999,6.9,64.059067,Alive
65,20,725534.25,4162555.25,10.5,63.038123,Alive
65,21,725532.985499999,4162554.4925,8.7,63.557983,Alive
65,22,725531.25,4162553.25,8.1,65.665,Alive
65,23,725528.75,4162551.25,8.1,63.8,Alive
65,24,725527.7955,4162549.27799999,8.6,69.867883,Alive
65,25,725526.75,4162550.25,9.0,69.102763,Alive
65,26,725524.772,4162549.93699999,9.7,64.059067,Alive
65,27,725525.25,4162548.75,11.7,65.875643,Alive
65,28,725524.25,4162547.75,6.0,66.3,Alive
65,29,725522.25,4162547.25,7.0,68.1,Alive
65,30,725519.25,4162545.25,9.8,63.6,Alive
65,31,725515.75,4162543.25,10.0,74.5,Alive
65,32,725514.25,4162542.25,9.4,67.5602,Alive
65,33,725511.75,4162540.25,10.9,66.282847,Alive
65,34,725509.75,4162539.25,9.9,63.810872,Alive
65,35,725505.25,4162536.25,11.5,68.738392,Alive
65,36,725504.25,4162534.75,5.9,67.5602,Alive
65,37,725502.75,4162534.25,13.1,68.472008,Alive
65,38,725500.75,4162533.25,9.9,62.223128,Alive
65,39,725499.75,4162532.25,6.4,63.810872,Alive
65,40,725497.25,4162531.25,8.7,65.004907,Alive
65,41,725496.25,4162529.75,8.5,68.607547,Alive
65,42,725493.75,4162528.75,8.3,70.3,Alive
65,43,725490.75,4162526.25,7.0,65.665,Alive
65,44,725489.63375,4162527.39724999,7.1,66.479408,Alive
65,45,725487.25,4162524.75,7.5,63.557983,Alive
65,46,725484.25,4162522.75,8.9,65.665,Alive
65,47,725481.25,4162521.25,0.0,0.0,Dead
65,48,725478.25,4162519.25,7.5,71.0,Alive
65,49,725474.75,4162516.75,5.7,65.449663,Alive
65,50,725469.25,4162512.75,10.7,64.302568,Alive
65,51,725466.25,4162510.75,9.9,65.004907,Alive
65,52,725463.25,4162508.75,12.4,69.102763,Alive
65,53,725459.75,4162506.75,10.8,68.186848,Alive
