Row,Tree,pre_DBH,pre_HT,pre_stem_vol,pre_stem_vol_m3,status,DBH,HT
1,1,8.9,51.846,9.993,0.283,Alive,8.9,51.84551
1,2,5.7,45.203,3.715,0.105,Alive,5.7,45.20263
1,3,6.8,47.486,5.445,0.154,Alive,6.8,47.48612
1,4,11.0,56.205,16.405,0.465,Alive,11.0,56.204899999999995
1,5,9.8,53.714,12.497,0.354,Alive,9.8,53.71382
1,6,7.2,48.316,6.181,0.175,Alive,7.2,48.31648
1,7,10.5,55.167,14.695,0.416,Alive,10.5,55.16695
1,8,9.3,52.676,11.063,0.313,Alive,9.3,52.67587
1,9,11.2,56.62,17.123,0.485,Alive,11.2,56.620079999999994
1,10,6.1,41.0,3.85,0.109,Alive,6.1,41.0
1,11,11.2,56.62,17.123,0.485,Alive,11.2,56.620079999999994
1,12,7.4,48.732,6.571,0.186,Alive,7.4,48.73166
2,1,7.7,49.354,7.184,0.203,Alive,7.7,49.354429999999994
2,2,8.6,51.223,9.236,0.262,Alive,8.6,51.222739999999995
2,3,10.3,54.752,14.044,0.398,Alive,10.3,54.75176999999999
2,4,8.7,51.43,9.484,0.269,Alive,8.7,51.43033
2,5,5.4,44.58,3.313,0.094,Alive,5.4,44.57986
2,6,10.1,54.337,13.412,0.38,Alive,10.1,54.336589999999994
2,7,8.6,51.223,9.236,0.262,Alive,8.6,51.222739999999995
2,8,11.5,57.243,18.237,0.516,Alive,11.5,57.24285
2,9,9.4,52.883,11.341,0.321,Alive,9.4,52.88346
2,10,11.8,50.0,16.789,0.475,Alive,11.8,50.0
2,11,6.6,47.071,5.099,0.144,Alive,6.6,47.07093999999999
3,1,10.7,55.582,15.365,0.435,Alive,10.7,55.58212999999999
3,2,8.8,51.638,9.737,0.276,Alive,8.8,51.637919999999994
3,3,7.0,47.901,5.806,0.164,Alive,7.0,47.90129999999999
3,4,9.3,52.676,11.063,0.313,Alive,9.3,52.67587
3,5,9.9,53.921,12.797,0.362,Alive,9.9,53.921409999999995
3,6,4.7,43.127,2.487,0.07,Alive,4.7,43.126729999999995
3,7,10.4,54.959,14.367,0.407,Alive,10.4,54.95936
3,8,10.0,54.129,13.102,0.371,Alive,10.0,54.129
3,9,9.9,53.921,12.797,0.362,Alive,9.9,53.921409999999995
3,10,10.1,43.0,10.659,0.302,Alive,10.1,43.0
3,11,6.3,46.448,4.607,0.13,Alive,6.3,46.44817
4,1,5.3,44.372,3.186,0.09,Alive,5.3,44.37227
4,2,5.3,44.372,3.186,0.09,Alive,5.3,44.37227
4,3,8.1,50.185,8.056,0.228,Alive,8.1,50.18478999999999
4,4,10.0,54.129,13.102,0.371,Alive,10.0,54.129
4,5,7.7,49.354,7.184,0.203,Alive,7.7,49.354429999999994
4,6,7.2,48.316,6.181,0.175,Alive,7.2,48.31648
4,7,8.1,50.185,8.056,0.228,Alive,8.1,50.18478999999999
4,8,10.1,54.337,13.412,0.38,Alive,10.1,54.336589999999994
4,9,8.3,50.6,8.516,0.241,Alive,8.3,50.59997
4,10,8.0,47.0,7.379,0.209,Alive,8.0,47.0
4,11,9.5,53.091,11.623,0.329,Alive,9.5,53.09105
4,12,7.2,48.316,6.181,0.175,Alive,7.2,48.31648
4,13,9.9,53.921,12.797,0.362,Alive,9.9,53.921409999999995
4,14,9.5,53.091,11.623,0.329,Alive,9.5,53.09105
5,1,10.0,54.129,13.102,0.371,Alive,10.0,54.129
5,2,9.7,53.506,12.201,0.346,Alive,9.7,53.506229999999995
5,3,6.6,47.071,5.099,0.144,Alive,6.6,47.07093999999999
5,4,8.0,49.977,7.832,0.222,Alive,8.0,49.9772
5,5,6.4,46.656,4.768,0.135,Alive,6.4,46.65576
5,6,9.4,52.883,11.341,0.321,Alive,9.4,52.88346
5,7,10.7,55.582,15.365,0.435,Alive,10.7,55.58212999999999
5,8,9.4,52.883,11.341,0.321,Alive,9.4,52.88346
5,9,10.0,54.129,13.102,0.371,Alive,10.0,54.129
5,10,10.9,42.0,12.096,0.343,Alive,10.9,42.0
5,11,9.6,53.299,11.91,0.337,Alive,9.6,53.29863999999999
5,12,12.4,59.111,21.851,0.619,Alive,12.4,59.11116
5,13,8.6,51.223,9.236,0.262,Alive,8.6,51.222739999999995
5,14,9.3,52.676,11.063,0.313,Alive,9.3,52.67587
6,1,11.3,56.828,17.49,0.495,Alive,11.3,56.82767
6,2,8.9,51.846,9.993,0.283,Alive,8.9,51.84551
6,3,8.4,50.808,8.752,0.248,Alive,8.4,50.807559999999995
6,4,8.2,50.392,8.284,0.235,Alive,8.2,50.39238
6,5,9.9,53.921,12.797,0.362,Alive,9.9,53.921409999999995
6,6,5.1,43.957,2.941,0.083,Alive,5.1,43.957089999999994
6,7,5.4,44.58,3.313,0.094,Alive,5.4,44.57986
6,8,8.7,51.43,9.484,0.269,Alive,8.7,51.43033
6,9,9.7,53.506,12.201,0.346,Alive,9.7,53.506229999999995
6,10,8.1,47.0,7.559,0.214,Alive,8.1,47.0
6,11,10.0,54.129,13.102,0.371,Alive,10.0,54.129
6,12,9.7,53.506,12.201,0.346,Alive,9.7,53.506229999999995
6,13,10.4,54.959,14.367,0.407,Alive,10.4,54.95936
6,14,10.0,54.129,13.102,0.371,Alive,10.0,54.129
7,1,9.4,52.883,11.341,0.321,Alive,9.4,52.88346
7,2,6.4,46.656,4.768,0.135,Alive,6.4,46.65576
7,3,9.3,52.676,11.063,0.313,Alive,9.3,52.67587
7,4,9.0,52.053,10.254,0.29,Alive,9.0,52.0531
7,5,8.1,50.185,8.056,0.228,Alive,8.1,50.18478999999999
7,6,8.2,50.392,8.284,0.235,Alive,8.2,50.39238
7,7,8.6,51.223,9.236,0.262,Alive,8.6,51.222739999999995
7,8,8.6,51.223,9.236,0.262,Alive,8.6,51.222739999999995
7,9,10.2,54.544,13.725,0.389,Alive,10.2,54.54418
7,10,10.0,43.0,10.453,0.296,Alive,10.0,43.0
7,11,10.3,54.752,14.044,0.398,Alive,10.3,54.75176999999999
7,12,6.7,47.279,5.271,0.149,Alive,6.7,47.27853
7,13,10.0,54.129,13.102,0.371,Alive,10.0,54.129
7,14,10.5,55.167,14.695,0.416,Alive,10.5,55.16695
7,15,9.3,52.676,11.063,0.313,Alive,9.3,52.67587
8,1,8.5,51.015,8.992,0.255,Alive,8.5,51.01514999999999
8,2,7.8,49.562,7.396,0.209,Alive,7.8,49.56202
8,3,5.6,44.995,3.578,0.101,Alive,5.6,44.99504
8,4,8.5,51.015,8.992,0.255,Alive,8.5,51.01514999999999
8,5,9.5,53.091,11.623,0.329,Alive,9.5,53.09105
8,6,4.3,42.296,2.081,0.059,Alive,4.3,42.29637
8,7,9.5,53.091,11.623,0.329,Alive,9.5,53.09105
8,8,5.7,45.203,3.715,0.105,Alive,5.7,45.20263
8,9,7.9,49.77,7.612,0.216,Alive,7.9,49.76961
8,10,7.4,49.0,6.606,0.187,Alive,7.4,49.0
8,11,8.5,51.015,8.992,0.255,Alive,8.5,51.01514999999999
8,12,11.0,56.205,16.405,0.465,Alive,11.0,56.204899999999995
8,13,9.0,52.053,10.254,0.29,Alive,9.0,52.0531
8,14,10.5,55.167,14.695,0.416,Alive,10.5,55.16695
8,15,8.5,51.015,8.992,0.255,Alive,8.5,51.01514999999999
9,1,6.6,47.071,5.099,0.144,Alive,6.6,47.07093999999999
9,2,8.5,51.015,8.992,0.255,Alive,8.5,51.01514999999999
9,3,8.4,50.808,8.752,0.248,Alive,8.4,50.807559999999995
9,4,8.6,51.223,9.236,0.262,Alive,8.6,51.222739999999995
9,5,9.8,53.714,12.497,0.354,Alive,9.8,53.71382
9,6,8.3,50.6,8.516,0.241,Alive,8.3,50.59997
9,7,8.6,51.223,9.236,0.262,Alive,8.6,51.222739999999995
9,8,9.5,53.091,11.623,0.329,Alive,9.5,53.09105
9,9,10.0,54.129,13.102,0.371,Alive,10.0,54.129
9,10,9.2,54.0,11.097,0.314,Alive,9.2,54.0
9,11,10.7,55.582,15.365,0.435,Alive,10.7,55.58212999999999
9,12,6.5,46.863,4.932,0.14,Alive,6.5,46.86335
9,13,5.2,44.165,3.062,0.087,Alive,5.2,44.16468
9,14,7.5,48.939,6.771,0.192,Alive,7.5,48.939249999999994
9,15,7.2,48.316,6.181,0.175,Alive,7.2,48.31648
9,16,11.1,56.412,16.762,0.475,Alive,11.1,56.41248999999999
10,1,7.6,49.147,6.976,0.198,Alive,7.6,49.14684
10,2,8.3,50.6,8.516,0.241,Alive,8.3,50.59997
10,3,8.8,51.638,9.737,0.276,Alive,8.8,51.637919999999994
10,4,8.6,51.223,9.236,0.262,Alive,8.6,51.222739999999995
10,5,8.8,51.638,9.737,0.276,Alive,8.8,51.637919999999994
10,6,9.6,53.299,11.91,0.337,Alive,9.6,53.29863999999999
10,7,8.7,51.43,9.484,0.269,Alive,8.7,51.43033
10,8,8.4,50.808,8.752,0.248,Alive,8.4,50.807559999999995
10,9,7.4,48.732,6.571,0.186,Alive,7.4,48.73166
10,10,8.8,54.0,10.172,0.288,Alive,8.8,54.0
10,11,9.1,52.261,10.519,0.298,Alive,9.1,52.26069
10,12,8.1,50.185,8.056,0.228,Alive,8.1,50.18478999999999
10,13,9.9,53.921,12.797,0.362,Alive,9.9,53.921409999999995
10,14,8.3,50.6,8.516,0.241,Alive,8.3,50.59997
10,15,7.5,48.939,6.771,0.192,Alive,7.5,48.939249999999994
10,16,7.5,48.939,6.771,0.192,Alive,7.5,48.939249999999994
10,17,10.0,54.129,13.102,0.371,Alive,10.0,54.129
10,18,9.7,53.506,12.201,0.346,Alive,9.7,53.506229999999995
11,1,10.4,54.959,14.367,0.407,Alive,10.4,54.95936
11,2,9.3,52.676,11.063,0.313,Alive,9.3,52.67587
11,3,4.2,42.089,1.987,0.056,Alive,4.2,42.08878
11,4,8.9,51.846,9.993,0.283,Alive,8.9,51.84551
11,5,7.7,49.354,7.184,0.203,Alive,7.7,49.354429999999994
11,6,8.1,50.185,8.056,0.228,Alive,8.1,50.18478999999999
11,7,8.8,51.638,9.737,0.276,Alive,8.8,51.637919999999994
11,8,8.0,49.977,7.832,0.222,Alive,8.0,49.9772
11,9,10.0,54.129,13.102,0.371,Alive,10.0,54.129
11,10,8.5,49.0,8.645,0.245,Alive,8.5,49.0
11,11,7.3,48.524,6.374,0.18,Alive,7.3,48.524069999999995
11,12,8.9,51.846,9.993,0.283,Alive,8.9,51.84551
11,13,10.0,54.129,13.102,0.371,Alive,10.0,54.129
11,14,8.5,51.015,8.992,0.255,Alive,8.5,51.01514999999999
11,15,8.6,51.223,9.236,0.262,Alive,8.6,51.222739999999995
11,16,10.1,54.337,13.412,0.38,Alive,10.1,54.336589999999994
11,17,4.4,42.504,2.178,0.062,Alive,4.4,42.50396
11,18,9.5,53.091,11.623,0.329,Alive,9.5,53.09105
11,19,8.5,51.015,8.992,0.255,Alive,8.5,51.01514999999999
11,20,10.2,54.544,13.725,0.389,Alive,10.2,54.54418
11,21,6.4,46.656,4.768,0.135,Alive,6.4,46.65576
11,22,7.4,48.732,6.571,0.186,Alive,7.4,48.73166
12,1,7.9,49.77,7.612,0.216,Alive,7.9,49.76961
12,2,8.1,50.185,8.056,0.228,Alive,8.1,50.18478999999999
12,3,10.0,54.129,13.102,0.371,Alive,10.0,54.129
12,4,10.8,55.79,15.707,0.445,Alive,10.8,55.78972
12,5,7.4,48.732,6.571,0.186,Alive,7.4,48.73166
12,6,6.7,47.279,5.271,0.149,Alive,6.7,47.27853
12,7,8.2,50.392,8.284,0.235,Alive,8.2,50.39238
12,8,6.3,46.448,4.607,0.13,Alive,6.3,46.44817
12,9,8.1,50.185,8.056,0.228,Alive,8.1,50.18478999999999
12,10,5.4,40.0,2.996,0.085,Alive,5.4,40.0
12,11,10.2,54.544,13.725,0.389,Alive,10.2,54.54418
12,12,7.5,48.939,6.771,0.192,Alive,7.5,48.939249999999994
12,13,6.3,46.448,4.607,0.13,Alive,6.3,46.44817
12,14,7.3,48.524,6.374,0.18,Alive,7.3,48.524069999999995
12,15,7.4,48.732,6.571,0.186,Alive,7.4,48.73166
12,16,9.8,53.714,12.497,0.354,Alive,9.8,53.71382
12,17,9.1,52.261,10.519,0.298,Alive,9.1,52.26069
12,18,5.8,45.41,3.855,0.109,Alive,5.8,45.410219999999995
12,19,7.5,48.939,6.771,0.192,Alive,7.5,48.939249999999994
12,20,6.4,47.0,4.801,0.136,Alive,6.4,47.0
12,21,6.7,47.279,5.271,0.149,Alive,6.7,47.27853
12,22,5.9,45.618,3.999,0.113,Alive,5.9,45.61781
12,23,8.8,51.638,9.737,0.276,Alive,8.8,51.637919999999994
13,1,7.0,47.901,5.806,0.164,Alive,7.0,47.90129999999999
13,2,8.6,51.223,9.236,0.262,Alive,8.6,51.222739999999995
13,3,4.5,42.712,2.278,0.065,Alive,4.5,42.711549999999995
13,4,9.0,52.053,10.254,0.29,Alive,9.0,52.0531
13,5,8.4,50.808,8.752,0.248,Alive,8.4,50.807559999999995
13,6,9.2,52.468,10.789,0.306,Alive,9.2,52.46827999999999
13,7,7.4,48.732,6.571,0.186,Alive,7.4,48.73166
13,8,9.2,52.468,10.789,0.306,Alive,9.2,52.46827999999999
13,9,10.3,54.752,14.044,0.398,Alive,10.3,54.75176999999999
13,10,8.4,53.0,9.12,0.258,Alive,8.4,53.0
13,11,8.5,51.015,8.992,0.255,Alive,8.5,51.01514999999999
13,12,8.6,51.223,9.236,0.262,Alive,8.6,51.222739999999995
13,13,8.4,50.808,8.752,0.248,Alive,8.4,50.807559999999995
13,14,7.8,49.562,7.396,0.209,Alive,7.8,49.56202
13,15,9.0,52.053,10.254,0.29,Alive,9.0,52.0531
13,16,8.0,49.977,7.832,0.222,Alive,8.0,49.9772
13,17,8.9,51.846,9.993,0.283,Alive,8.9,51.84551
13,18,8.0,49.977,7.832,0.222,Alive,8.0,49.9772
13,19,8.1,50.185,8.056,0.228,Alive,8.1,50.18478999999999
13,20,4.6,38.0,2.133,0.06,Alive,4.6,38.0
13,21,8.5,51.015,8.992,0.255,Alive,8.5,51.01514999999999
13,22,10.4,54.959,14.367,0.407,Alive,10.4,54.95936
13,23,7.8,49.562,7.396,0.209,Alive,7.8,49.56202
13,24,6.2,46.241,4.45,0.126,Alive,6.2,46.240579999999994
13,25,9.0,52.053,10.254,0.29,Alive,9.0,52.0531
14,1,8.3,50.6,8.516,0.241,Alive,8.3,50.59997
14,2,4.6,42.919,2.381,0.067,Alive,4.6,42.91914
14,3,5.5,44.787,3.444,0.098,Alive,5.5,44.78744999999999
14,4,8.0,49.977,7.832,0.222,Alive,8.0,49.9772
14,5,6.9,47.694,5.624,0.159,Alive,6.9,47.69371
14,6,7.5,48.939,6.771,0.192,Alive,7.5,48.939249999999994
14,7,7.7,49.354,7.184,0.203,Alive,7.7,49.354429999999994
14,8,7.5,48.939,6.771,0.192,Alive,7.5,48.939249999999994
14,9,7.6,49.147,6.976,0.198,Alive,7.6,49.14684
14,10,8.2,51.0,8.381,0.237,Alive,8.2,51.0
14,11,9.1,52.261,10.519,0.298,Alive,9.1,52.26069
14,12,8.0,49.977,7.832,0.222,Alive,8.0,49.9772
14,13,7.6,49.147,6.976,0.198,Alive,7.6,49.14684
14,14,8.1,50.185,8.056,0.228,Alive,8.1,50.18478999999999
14,15,3.5,40.636,1.404,0.04,Alive,3.5,40.63565
14,16,10.2,54.544,13.725,0.389,Alive,10.2,54.54418
14,17,9.1,52.261,10.519,0.298,Alive,9.1,52.26069
14,18,9.3,52.676,11.063,0.313,Alive,9.3,52.67587
14,19,10.9,55.997,16.054,0.455,Alive,10.9,55.99731
14,20,9.0,48.0,9.473,0.268,Alive,9.0,48.0
14,21,9.2,52.468,10.789,0.306,Alive,9.2,52.46827999999999
14,22,6.6,47.071,5.099,0.144,Alive,6.6,47.07093999999999
14,23,6.5,46.863,4.932,0.14,Alive,6.5,46.86335
15,1,9.4,52.883,11.341,0.321,Alive,9.4,52.88346
15,2,6.9,47.694,5.624,0.159,Alive,6.9,47.69371
15,3,8.1,50.185,8.056,0.228,Alive,8.1,50.18478999999999
15,4,8.1,50.185,8.056,0.228,Alive,8.1,50.18478999999999
15,5,9.1,52.261,10.519,0.298,Alive,9.1,52.26069
15,6,5.6,44.995,3.578,0.101,Alive,5.6,44.99504
15,7,7.7,49.354,7.184,0.203,Alive,7.7,49.354429999999994
15,8,11.3,56.828,17.49,0.495,Alive,11.3,56.82767
15,9,9.5,53.091,11.623,0.329,Alive,9.5,53.09105
15,10,8.8,51.0,9.619,0.272,Alive,8.8,51.0
15,11,5.7,45.203,3.715,0.105,Alive,5.7,45.20263
15,12,10.3,54.752,14.044,0.398,Alive,10.3,54.75176999999999
15,13,10.6,55.375,15.028,0.426,Alive,10.6,55.37454
15,14,7.8,49.562,7.396,0.209,Alive,7.8,49.56202
15,15,8.2,50.392,8.284,0.235,Alive,8.2,50.39238
15,16,10.1,54.337,13.412,0.38,Alive,10.1,54.336589999999994
15,17,10.0,54.129,13.102,0.371,Alive,10.0,54.129
15,18,8.0,49.977,7.832,0.222,Alive,8.0,49.9772
15,19,10.4,54.959,14.367,0.407,Alive,10.4,54.95936
15,20,6.3,44.0,4.376,0.124,Alive,6.3,44.0
15,21,8.8,51.638,9.737,0.276,Alive,8.8,51.637919999999994
15,22,9.7,53.506,12.201,0.346,Alive,9.7,53.506229999999995
16,1,9.6,53.299,11.91,0.337,Alive,9.6,53.29863999999999
16,2,7.8,49.562,7.396,0.209,Alive,7.8,49.56202
16,3,8.1,50.185,8.056,0.228,Alive,8.1,50.18478999999999
16,4,8.2,50.392,8.284,0.235,Alive,8.2,50.39238
16,5,8.5,51.015,8.992,0.255,Alive,8.5,51.01514999999999
16,6,6.7,47.279,5.271,0.149,Alive,6.7,47.27853
16,7,6.1,46.033,4.296,0.122,Alive,6.1,46.03299
16,8,8.6,51.223,9.236,0.262,Alive,8.6,51.222739999999995
16,9,7.3,48.524,6.374,0.18,Alive,7.3,48.524069999999995
16,10,7.6,49.0,6.955,0.197,Alive,7.6,49.0
16,11,9.8,53.714,12.497,0.354,Alive,9.8,53.71382
16,12,8.4,50.808,8.752,0.248,Alive,8.4,50.807559999999995
16,13,9.5,53.091,11.623,0.329,Alive,9.5,53.09105
16,14,5.5,44.787,3.444,0.098,Alive,5.5,44.78744999999999
16,15,6.5,46.863,4.932,0.14,Alive,6.5,46.86335
16,16,7.0,47.901,5.806,0.164,Alive,7.0,47.90129999999999
16,17,7.5,48.939,6.771,0.192,Alive,7.5,48.939249999999994
16,18,7.1,48.109,5.991,0.17,Alive,7.1,48.108889999999995
16,19,6.4,46.656,4.768,0.135,Alive,6.4,46.65576
16,20,9.4,56.0,11.996,0.34,Alive,9.4,56.0
16,21,9.1,52.261,10.519,0.298,Alive,9.1,52.26069
16,22,7.2,48.316,6.181,0.175,Alive,7.2,48.31648
16,23,7.1,48.109,5.991,0.17,Alive,7.1,48.108889999999995
16,24,8.4,50.808,8.752,0.248,Alive,8.4,50.807559999999995
17,1,4.3,42.296,2.081,0.059,Alive,4.3,42.29637
17,2,9.0,52.053,10.254,0.29,Alive,9.0,52.0531
17,3,7.6,49.147,6.976,0.198,Alive,7.6,49.14684
17,4,8.1,50.185,8.056,0.228,Alive,8.1,50.18478999999999
17,5,11.1,56.412,16.762,0.475,Alive,11.1,56.41248999999999
17,6,9.0,52.053,10.254,0.29,Alive,9.0,52.0531
17,7,7.6,49.147,6.976,0.198,Alive,7.6,49.14684
17,8,8.1,50.185,8.056,0.228,Alive,8.1,50.18478999999999
17,9,11.1,56.412,16.762,0.475,Alive,11.1,56.41248999999999
17,10,9.0,52.053,10.254,0.29,Alive,9.0,52.0531
17,11,9.4,52.883,11.341,0.321,Alive,9.4,52.88346
17,12,10.2,54.544,13.725,0.389,Alive,10.2,54.54418
17,13,7.7,49.354,7.184,0.203,Alive,7.7,49.354429999999994
17,14,8.9,56.0,10.777,0.305,Alive,8.9,56.0
17,15,8.2,50.392,8.284,0.235,Alive,8.2,50.39238
17,16,5.8,45.41,3.855,0.109,Alive,5.8,45.410219999999995
17,17,4.0,41.674,1.806,0.051,Alive,4.0,41.67359999999999
17,18,7.8,49.562,7.396,0.209,Alive,7.8,49.56202
17,19,6.5,46.863,4.932,0.14,Alive,6.5,46.86335
17,20,9.9,53.921,12.797,0.362,Alive,9.9,53.921409999999995
17,21,10.2,54.544,13.725,0.389,Alive,10.2,54.54418
17,22,9.7,53.506,12.201,0.346,Alive,9.7,53.506229999999995
17,23,10.0,54.129,13.102,0.371,Alive,10.0,54.129
17,24,6.4,45.0,4.606,0.13,Alive,6.4,45.0
17,25,5.8,45.41,3.855,0.109,Alive,5.8,45.410219999999995
17,26,7.5,48.939,6.771,0.192,Alive,7.5,48.939249999999994
17,27,9.4,52.883,11.341,0.321,Alive,9.4,52.88346
17,28,10.0,54.129,13.102,0.371,Alive,10.0,54.129
17,29,7.8,49.562,7.396,0.209,Alive,7.8,49.56202
17,30,5.6,44.995,3.578,0.101,Alive,5.6,44.99504
17,31,10.3,54.752,14.044,0.398,Alive,10.3,54.75176999999999
17,32,6.2,46.241,4.45,0.126,Alive,6.2,46.240579999999994
17,33,7.3,48.524,6.374,0.18,Alive,7.3,48.524069999999995
18,1,7.0,47.901,5.806,0.164,Alive,7.0,47.90129999999999
18,2,9.1,52.261,10.519,0.298,Alive,9.1,52.26069
18,3,8.9,51.846,9.993,0.283,Alive,8.9,51.84551
18,4,6.5,46.863,4.932,0.14,Alive,6.5,46.86335
18,5,8.8,51.638,9.737,0.276,Alive,8.8,51.637919999999994
18,6,11.6,57.45,18.618,0.527,Alive,11.6,57.45043999999999
18,7,9.9,53.921,12.797,0.362,Alive,9.9,53.921409999999995
18,8,8.2,50.392,8.284,0.235,Alive,8.2,50.39238
18,9,7.6,49.147,6.976,0.198,Alive,7.6,49.14684
18,10,6.9,44.0,5.205,0.147,Alive,6.9,44.0
18,11,8.7,51.43,9.484,0.269,Alive,8.7,51.43033
18,12,9.5,53.091,11.623,0.329,Alive,9.5,53.09105
18,13,8.1,50.185,8.056,0.228,Alive,8.1,50.18478999999999
18,14,7.0,47.901,5.806,0.164,Alive,7.0,47.90129999999999
18,15,7.0,47.901,5.806,0.164,Alive,7.0,47.90129999999999
18,16,6.5,46.863,4.932,0.14,Alive,6.5,46.86335
18,17,7.1,48.109,5.991,0.17,Alive,7.1,48.108889999999995
18,18,7.3,48.524,6.374,0.18,Alive,7.3,48.524069999999995
18,19,5.7,45.203,3.715,0.105,Alive,5.7,45.20263
18,20,8.8,55.0,10.356,0.293,Alive,8.8,55.0
18,21,8.7,51.43,9.484,0.269,Alive,8.7,51.43033
18,22,9.3,52.676,11.063,0.313,Alive,9.3,52.67587
18,23,8.4,50.808,8.752,0.248,Alive,8.4,50.807559999999995
18,24,8.1,50.185,8.056,0.228,Alive,8.1,50.18478999999999
18,25,9.1,52.261,10.519,0.298,Alive,9.1,52.26069
18,26,8.1,50.185,8.056,0.228,Alive,8.1,50.18478999999999
19,1,9.8,53.714,12.497,0.354,Alive,9.8,53.71382
19,2,7.6,49.147,6.976,0.198,Alive,7.6,49.14684
19,3,8.3,50.6,8.516,0.241,Alive,8.3,50.59997
19,4,7.1,48.109,5.991,0.17,Alive,7.1,48.108889999999995
19,5,8.2,50.392,8.284,0.235,Alive,8.2,50.39238
19,6,9.4,52.883,11.341,0.321,Alive,9.4,52.88346
19,7,7.7,49.354,7.184,0.203,Alive,7.7,49.354429999999994
19,8,8.0,49.977,7.832,0.222,Alive,8.0,49.9772
19,9,7.6,49.147,6.976,0.198,Alive,7.6,49.14684
19,10,11.2,56.0,16.938,0.48,Alive,11.2,56.0
19,11,9.0,52.053,10.254,0.29,Alive,9.0,52.0531
19,12,8.1,50.185,8.056,0.228,Alive,8.1,50.18478999999999
19,13,7.5,48.939,6.771,0.192,Alive,7.5,48.939249999999994
19,14,7.0,47.901,5.806,0.164,Alive,7.0,47.90129999999999
19,15,7.0,47.901,5.806,0.164,Alive,7.0,47.90129999999999
19,16,6.7,47.279,5.271,0.149,Alive,6.7,47.27853
19,17,6.6,47.071,5.099,0.144,Alive,6.6,47.07093999999999
19,18,7.8,49.562,7.396,0.209,Alive,7.8,49.56202
19,19,7.1,48.109,5.991,0.17,Alive,7.1,48.108889999999995
19,20,3.4,34.0,1.155,0.033,Alive,3.4,34.0
19,21,8.4,50.808,8.752,0.248,Alive,8.4,50.807559999999995
19,22,9.5,53.091,11.623,0.329,Alive,9.5,53.09105
19,23,8.8,51.638,9.737,0.276,Alive,8.8,51.637919999999994
19,24,4.1,41.881,1.895,0.054,Alive,4.1,41.88119
19,25,8.0,49.977,7.832,0.222,Alive,8.0,49.9772
19,26,6.5,46.863,4.932,0.14,Alive,6.5,46.86335
19,27,8.7,51.43,9.484,0.269,Alive,8.7,51.43033
19,28,10.4,54.959,14.367,0.407,Alive,10.4,54.95936
19,29,8.5,51.015,8.992,0.255,Alive,8.5,51.01514999999999
20,1,9.0,52.053,10.254,0.29,Alive,9.0,52.0531
20,2,8.7,51.43,9.484,0.269,Alive,8.7,51.43033
20,3,6.2,46.241,4.45,0.126,Alive,6.2,46.240579999999994
20,4,5.9,45.618,3.999,0.113,Alive,5.9,45.61781
20,5,8.7,51.43,9.484,0.269,Alive,8.7,51.43033
20,6,8.7,51.43,9.484,0.269,Alive,8.7,51.43033
20,7,6.7,47.279,5.271,0.149,Alive,6.7,47.27853
20,8,9.0,52.053,10.254,0.29,Alive,9.0,52.0531
20,9,7.6,49.147,6.976,0.198,Alive,7.6,49.14684
20,10,6.5,48.0,5.046,0.143,Alive,6.5,48.0
20,11,8.4,50.808,8.752,0.248,Alive,8.4,50.807559999999995
20,12,9.2,52.468,10.789,0.306,Alive,9.2,52.46827999999999
20,13,9.2,52.468,10.789,0.306,Alive,9.2,52.46827999999999
20,14,8.5,51.015,8.992,0.255,Alive,8.5,51.01514999999999
20,15,7.3,48.524,6.374,0.18,Alive,7.3,48.524069999999995
20,16,6.6,47.071,5.099,0.144,Alive,6.6,47.07093999999999
20,17,7.6,49.147,6.976,0.198,Alive,7.6,49.14684
20,18,4.0,41.674,1.806,0.051,Alive,4.0,41.67359999999999
20,19,10.4,54.959,14.367,0.407,Alive,10.4,54.95936
20,20,6.8,47.0,5.392,0.153,Alive,6.8,47.0
20,21,6.9,47.694,5.624,0.159,Alive,6.9,47.69371
20,22,7.0,47.901,5.806,0.164,Alive,7.0,47.90129999999999
20,23,8.9,51.846,9.993,0.283,Alive,8.9,51.84551
20,24,8.7,51.43,9.484,0.269,Alive,8.7,51.43033
20,25,6.9,47.694,5.624,0.159,Alive,6.9,47.69371
20,26,7.0,47.901,5.806,0.164,Alive,7.0,47.90129999999999
20,27,8.9,51.846,9.993,0.283,Alive,8.9,51.84551
20,28,8.7,51.43,9.484,0.269,Alive,8.7,51.43033
20,29,6.9,47.694,5.624,0.159,Alive,6.9,47.69371
20,30,10.6,55.375,15.028,0.426,Alive,10.6,55.37454
20,31,7.7,49.354,7.184,0.203,Alive,7.7,49.354429999999994
20,32,9.9,53.921,12.797,0.362,Alive,9.9,53.921409999999995
20,33,9.1,52.261,10.519,0.298,Alive,9.1,52.26069
20,34,6.7,45.0,5.027,0.142,Alive,6.7,45.0
20,35,8.7,51.43,9.484,0.269,Alive,8.7,51.43033
21,1,8.9,51.846,9.993,0.283,Alive,8.9,51.84551
21,2,7.0,47.901,5.806,0.164,Alive,7.0,47.90129999999999
21,3,6.2,46.241,4.45,0.126,Alive,6.2,46.240579999999994
21,4,6.4,46.656,4.768,0.135,Alive,6.4,46.65576
21,5,3.4,40.428,1.332,0.038,Alive,3.4,40.428059999999995
21,6,6.0,45.825,4.146,0.117,Alive,6.0,45.825399999999995
21,7,7.7,49.354,7.184,0.203,Alive,7.7,49.354429999999994
21,8,10.0,54.129,13.102,0.371,Alive,10.0,54.129
21,9,11.1,56.412,16.762,0.475,Alive,11.1,56.41248999999999
21,10,2.5,74.1,1.322,0.037,Alive,2.5,74.1
21,11,4.6,42.919,2.381,0.067,Alive,4.6,42.91914
21,12,9.5,53.091,11.623,0.329,Alive,9.5,53.09105
21,13,8.0,49.977,7.832,0.222,Alive,8.0,49.9772
21,14,7.6,49.147,6.976,0.198,Alive,7.6,49.14684
21,15,8.9,51.846,9.993,0.283,Alive,8.9,51.84551
21,16,7.9,49.77,7.612,0.216,Alive,7.9,49.76961
21,17,8.9,51.846,9.993,0.283,Alive,8.9,51.84551
21,18,3.9,41.466,1.721,0.049,Alive,3.9,41.46601
21,19,7.3,48.524,6.374,0.18,Alive,7.3,48.524069999999995
21,20,6.6,41.0,4.47,0.127,Alive,6.6,41.0
21,21,8.5,51.015,8.992,0.255,Alive,8.5,51.01514999999999
21,22,8.6,51.223,9.236,0.262,Alive,8.6,51.222739999999995
21,23,8.7,51.43,9.484,0.269,Alive,8.7,51.43033
21,24,6.6,47.071,5.099,0.144,Alive,6.6,47.07093999999999
21,25,9.5,53.091,11.623,0.329,Alive,9.5,53.09105
21,26,7.5,48.939,6.771,0.192,Alive,7.5,48.939249999999994
21,27,7.2,48.316,6.181,0.175,Alive,7.2,48.31648
21,28,7.8,49.562,7.396,0.209,Alive,7.8,49.56202
21,29,7.8,49.562,7.396,0.209,Alive,7.8,49.56202
21,30,8.1,40.0,6.466,0.183,Alive,8.1,40.0
21,31,8.3,50.6,8.516,0.241,Alive,8.3,50.59997
21,32,9.6,53.299,11.91,0.337,Alive,9.6,53.29863999999999
22,1,7.5,48.939,6.771,0.192,Alive,7.5,48.939249999999994
22,2,8.0,49.977,7.832,0.222,Alive,8.0,49.9772
22,3,3.7,41.051,1.557,0.044,Alive,3.7,41.05083
22,4,10.0,54.129,13.102,0.371,Alive,10.0,54.129
22,5,8.5,51.015,8.992,0.255,Alive,8.5,51.01514999999999
22,6,7.7,49.354,7.184,0.203,Alive,7.7,49.354429999999994
22,7,8.3,50.6,8.516,0.241,Alive,8.3,50.59997
22,8,7.9,49.77,7.612,0.216,Alive,7.9,49.76961
22,9,9.3,52.676,11.063,0.313,Alive,9.3,52.67587
22,10,8.4,39.0,6.769,0.192,Alive,8.4,39.0
22,11,7.0,47.901,5.806,0.164,Alive,7.0,47.90129999999999
22,12,10.9,55.997,16.054,0.455,Alive,10.9,55.99731
22,13,7.5,48.939,6.771,0.192,Alive,7.5,48.939249999999994
22,14,7.2,48.316,6.181,0.175,Alive,7.2,48.31648
22,15,9.5,53.091,11.623,0.329,Alive,9.5,53.09105
22,16,8.0,49.977,7.832,0.222,Alive,8.0,49.9772
22,17,8.4,50.808,8.752,0.248,Alive,8.4,50.807559999999995
22,18,4.8,43.334,2.596,0.074,Alive,4.8,43.33432
22,19,7.6,49.147,6.976,0.198,Alive,7.6,49.14684
22,20,9.3,51.0,10.718,0.303,Alive,9.3,51.0
22,21,8.1,50.185,8.056,0.228,Alive,8.1,50.18478999999999
22,22,7.5,48.939,6.771,0.192,Alive,7.5,48.939249999999994
22,23,9.3,52.676,11.063,0.313,Alive,9.3,52.67587
22,24,6.4,46.656,4.768,0.135,Alive,6.4,46.65576
22,25,8.6,51.223,9.236,0.262,Alive,8.6,51.222739999999995
22,26,7.7,49.354,7.184,0.203,Alive,7.7,49.354429999999994
22,27,7.2,48.316,6.181,0.175,Alive,7.2,48.31648
23,1,8.7,51.43,9.484,0.269,Alive,8.7,51.43033
23,2,8.0,49.977,7.832,0.222,Alive,8.0,49.9772
23,3,8.4,50.808,8.752,0.248,Alive,8.4,50.807559999999995
23,4,9.2,52.468,10.789,0.306,Alive,9.2,52.46827999999999
23,5,11.4,57.035,17.861,0.506,Alive,11.4,57.035259999999994
23,6,10.3,54.752,14.044,0.398,Alive,10.3,54.75176999999999
23,7,9.2,52.468,10.789,0.306,Alive,9.2,52.46827999999999
23,8,10.3,54.752,14.044,0.398,Alive,10.3,54.75176999999999
23,9,9.5,53.091,11.623,0.329,Alive,9.5,53.09105
23,10,9.7,53.506,12.201,0.346,Alive,9.7,53.506229999999995
23,11,7.1,52.0,6.458,0.183,Alive,7.1,52.0
23,12,7.0,47.901,5.806,0.164,Alive,7.0,47.90129999999999
23,13,9.1,52.261,10.519,0.298,Alive,9.1,52.26069
23,14,8.5,51.015,8.992,0.255,Alive,8.5,51.01514999999999
23,15,9.8,53.714,12.497,0.354,Alive,9.8,53.71382
23,16,9.4,52.883,11.341,0.321,Alive,9.4,52.88346
23,17,7.0,47.901,5.806,0.164,Alive,7.0,47.90129999999999
23,18,8.9,51.846,9.993,0.283,Alive,8.9,51.84551
23,19,9.3,52.676,11.063,0.313,Alive,9.3,52.67587
23,20,8.0,49.977,7.832,0.222,Alive,8.0,49.9772
23,21,7.9,45.0,6.904,0.195,Alive,7.9,45.0
23,22,8.9,51.846,9.993,0.283,Alive,8.9,51.84551
23,23,3.1,39.805,1.13,0.032,Alive,3.1,39.80529
23,24,5.3,44.372,3.186,0.09,Alive,5.3,44.37227
23,25,6.3,46.448,4.607,0.13,Alive,6.3,46.44817
23,26,6.2,46.241,4.45,0.126,Alive,6.2,46.240579999999994
23,27,4.6,42.919,2.381,0.067,Alive,4.6,42.91914
23,28,8.7,51.43,9.484,0.269,Alive,8.7,51.43033
23,29,6.9,47.694,5.624,0.159,Alive,6.9,47.69371
23,30,9.2,52.468,10.789,0.306,Alive,9.2,52.46827999999999
23,31,7.9,44.0,6.755,0.191,Alive,7.9,44.0
23,32,8.9,51.846,9.993,0.283,Alive,8.9,51.84551
23,33,9.5,53.091,11.623,0.329,Alive,9.5,53.09105
24,1,9.1,52.261,10.519,0.298,Alive,9.1,52.26069
24,2,5.8,45.41,3.855,0.109,Alive,5.8,45.410219999999995
24,3,3.0,39.598,1.068,0.03,Alive,3.0,39.5977
24,4,8.4,50.808,8.752,0.248,Alive,8.4,50.807559999999995
24,5,9.7,53.506,12.201,0.346,Alive,9.7,53.506229999999995
24,6,10.4,54.959,14.367,0.407,Alive,10.4,54.95936
24,7,9.1,52.261,10.519,0.298,Alive,9.1,52.26069
24,8,8.8,51.638,9.737,0.276,Alive,8.8,51.637919999999994
24,9,9.1,52.261,10.519,0.298,Alive,9.1,52.26069
24,10,9.0,56.0,11.015,0.312,Alive,9.0,56.0
24,11,7.8,49.562,7.396,0.209,Alive,7.8,49.56202
24,12,8.2,50.392,8.284,0.235,Alive,8.2,50.39238
24,13,7.2,48.316,6.181,0.175,Alive,7.2,48.31648
24,14,2.8,39.183,0.951,0.027,Alive,2.8,39.18252
24,15,4.4,42.504,2.178,0.062,Alive,4.4,42.50396
24,16,8.5,51.015,8.992,0.255,Alive,8.5,51.01514999999999
24,17,8.1,50.185,8.056,0.228,Alive,8.1,50.18478999999999
24,18,7.9,49.77,7.612,0.216,Alive,7.9,49.76961
24,19,7.7,49.354,7.184,0.203,Alive,7.7,49.354429999999994
24,20,7.4,49.0,6.606,0.187,Alive,7.4,49.0
24,21,5.6,44.995,3.578,0.101,Alive,5.6,44.99504
24,22,9.9,53.921,12.797,0.362,Alive,9.9,53.921409999999995
24,23,7.9,49.77,7.612,0.216,Alive,7.9,49.76961
24,24,8.5,51.015,8.992,0.255,Alive,8.5,51.01514999999999
24,25,8.8,51.638,9.737,0.276,Alive,8.8,51.637919999999994
24,26,7.9,49.77,7.612,0.216,Alive,7.9,49.76961
24,27,7.1,48.109,5.991,0.17,Alive,7.1,48.108889999999995
24,28,9.2,52.468,10.789,0.306,Alive,9.2,52.46827999999999
24,29,7.9,49.77,7.612,0.216,Alive,7.9,49.76961
24,30,7.8,48.0,7.17,0.203,Alive,7.8,48.0
24,31,6.9,47.694,5.624,0.159,Alive,6.9,47.69371
24,32,8.8,51.638,9.737,0.276,Alive,8.8,51.637919999999994
24,33,7.8,49.562,7.396,0.209,Alive,7.8,49.56202
24,34,7.6,49.147,6.976,0.198,Alive,7.6,49.14684
24,35,5.2,44.165,3.062,0.087,Alive,5.2,44.16468
24,36,8.4,50.808,8.752,0.248,Alive,8.4,50.807559999999995
24,37,7.5,48.939,6.771,0.192,Alive,7.5,48.939249999999994
24,38,4.6,42.919,2.381,0.067,Alive,4.6,42.91914
24,39,7.4,48.732,6.571,0.186,Alive,7.4,48.73166
24,40,9.2,41.0,8.479,0.24,Alive,9.2,41.0
25,1,8.5,51.015,8.992,0.255,Alive,8.5,51.01514999999999
25,2,3.5,40.636,1.404,0.04,Alive,3.5,40.63565
25,3,9.6,53.299,11.91,0.337,Alive,9.6,53.29863999999999
25,4,10.4,54.959,14.367,0.407,Alive,10.4,54.95936
25,5,8.4,50.808,8.752,0.248,Alive,8.4,50.807559999999995
25,6,8.1,50.185,8.056,0.228,Alive,8.1,50.18478999999999
25,7,7.9,49.77,7.612,0.216,Alive,7.9,49.76961
25,8,7.9,49.77,7.612,0.216,Alive,7.9,49.76961
25,9,8.5,51.015,8.992,0.255,Alive,8.5,51.01514999999999
25,10,6.7,51.0,5.668,0.161,Alive,6.7,51.0
25,11,9.8,53.714,12.497,0.354,Alive,9.8,53.71382
25,12,5.3,44.372,3.186,0.09,Alive,5.3,44.37227
25,13,10.0,54.129,13.102,0.371,Alive,10.0,54.129
25,14,4.3,42.296,2.081,0.059,Alive,4.3,42.29637
25,15,9.1,52.261,10.519,0.298,Alive,9.1,52.26069
25,16,5.8,45.41,3.855,0.109,Alive,5.8,45.410219999999995
25,17,9.5,53.091,11.623,0.329,Alive,9.5,53.09105
25,18,10.2,54.544,13.725,0.389,Alive,10.2,54.54418
25,19,8.6,51.223,9.236,0.262,Alive,8.6,51.222739999999995
25,20,4.9,48.0,2.962,0.084,Alive,4.9,48.0
25,21,9.2,52.468,10.789,0.306,Alive,9.2,52.46827999999999
25,22,9.2,52.468,10.789,0.306,Alive,9.2,52.46827999999999
25,23,7.8,49.562,7.396,0.209,Alive,7.8,49.56202
25,24,8.2,50.392,8.284,0.235,Alive,8.2,50.39238
25,25,8.9,51.846,9.993,0.283,Alive,8.9,51.84551
25,26,10.6,55.375,15.028,0.426,Alive,10.6,55.37454
25,27,7.7,49.354,7.184,0.203,Alive,7.7,49.354429999999994
25,28,8.1,50.185,8.056,0.228,Alive,8.1,50.18478999999999
25,29,9.4,52.883,11.341,0.321,Alive,9.4,52.88346
25,30,6.4,47.0,4.801,0.136,Alive,6.4,47.0
25,31,8.8,51.638,9.737,0.276,Alive,8.8,51.637919999999994
25,32,10.6,55.375,15.028,0.426,Alive,10.6,55.37454
25,33,6.8,47.486,5.445,0.154,Alive,6.8,47.48612
25,34,9.4,52.883,11.341,0.321,Alive,9.4,52.88346
26,1,4.9,43.542,2.708,0.077,Alive,4.9,43.54191
26,2,5.9,45.618,3.999,0.113,Alive,5.9,45.61781
26,3,5.1,43.957,2.941,0.083,Alive,5.1,43.957089999999994
26,4,5.6,44.995,3.578,0.101,Alive,5.6,44.99504
26,5,8.1,50.185,8.056,0.228,Alive,8.1,50.18478999999999
26,6,5.7,45.203,3.715,0.105,Alive,5.7,45.20263
26,7,6.6,47.071,5.099,0.144,Alive,6.6,47.07093999999999
26,8,6.8,47.486,5.445,0.154,Alive,6.8,47.48612
26,9,7.9,49.77,7.612,0.216,Alive,7.9,49.76961
26,10,8.5,50.0,8.817,0.25,Alive,8.5,50.0
26,11,8.9,51.846,9.993,0.283,Alive,8.9,51.84551
26,12,6.6,47.071,5.099,0.144,Alive,6.6,47.07093999999999
26,13,8.2,50.392,8.284,0.235,Alive,8.2,50.39238
26,14,4.8,43.334,2.596,0.074,Alive,4.8,43.33432
26,15,8.2,50.392,8.284,0.235,Alive,8.2,50.39238
26,16,8.7,51.43,9.484,0.269,Alive,8.7,51.43033
26,17,6.9,47.694,5.624,0.159,Alive,6.9,47.69371
26,18,7.9,49.77,7.612,0.216,Alive,7.9,49.76961
26,19,7.8,49.562,7.396,0.209,Alive,7.8,49.56202
26,20,7.1,43.0,5.378,0.152,Alive,7.1,43.0
26,21,8.7,51.43,9.484,0.269,Alive,8.7,51.43033
26,22,8.9,51.846,9.993,0.283,Alive,8.9,51.84551
26,23,8.4,50.808,8.752,0.248,Alive,8.4,50.807559999999995
26,24,9.5,53.091,11.623,0.329,Alive,9.5,53.09105
26,25,9.0,52.053,10.254,0.29,Alive,9.0,52.0531
26,26,7.7,49.354,7.184,0.203,Alive,7.7,49.354429999999994
26,27,5.5,44.787,3.444,0.098,Alive,5.5,44.78744999999999
26,28,7.6,49.147,6.976,0.198,Alive,7.6,49.14684
26,29,7.5,48.939,6.771,0.192,Alive,7.5,48.939249999999994
26,30,4.8,43.334,2.596,0.074,Alive,4.8,43.33432
26,31,7.3,45.0,5.927,0.168,Alive,7.3,45.0
26,32,5.3,44.372,3.186,0.09,Alive,5.3,44.37227
26,33,8.0,49.977,7.832,0.222,Alive,8.0,49.9772
26,34,8.1,50.185,8.056,0.228,Alive,8.1,50.18478999999999
26,35,7.7,49.354,7.184,0.203,Alive,7.7,49.354429999999994
26,36,6.4,46.656,4.768,0.135,Alive,6.4,46.65576
26,37,5.0,43.75,2.823,0.08,Alive,5.0,43.7495
26,38,7.8,49.562,7.396,0.209,Alive,7.8,49.56202
26,39,10.4,54.959,14.367,0.407,Alive,10.4,54.95936
27,1,7.3,48.524,6.374,0.18,Alive,7.3,48.524069999999995
27,2,8.3,50.6,8.516,0.241,Alive,8.3,50.59997
27,3,8.4,50.808,8.752,0.248,Alive,8.4,50.807559999999995
27,4,9.8,53.714,12.497,0.354,Alive,9.8,53.71382
27,5,8.8,51.638,9.737,0.276,Alive,8.8,51.637919999999994
27,6,7.4,48.732,6.571,0.186,Alive,7.4,48.73166
27,7,9.1,52.261,10.519,0.298,Alive,9.1,52.26069
27,8,7.8,49.562,7.396,0.209,Alive,7.8,49.56202
27,9,9.2,52.468,10.789,0.306,Alive,9.2,52.46827999999999
27,10,4.4,41.0,2.109,0.06,Alive,4.4,41.0
27,11,8.9,51.846,9.993,0.283,Alive,8.9,51.84551
27,12,4.9,43.542,2.708,0.077,Alive,4.9,43.54191
27,13,9.2,52.468,10.789,0.306,Alive,9.2,52.46827999999999
27,14,4.2,42.089,1.987,0.056,Alive,4.2,42.08878
27,15,10.6,55.375,15.028,0.426,Alive,10.6,55.37454
27,16,9.3,52.676,11.063,0.313,Alive,9.3,52.67587
27,17,10.6,55.375,15.028,0.426,Alive,10.6,55.37454
27,18,6.3,46.448,4.607,0.13,Alive,6.3,46.44817
27,19,6.8,47.486,5.445,0.154,Alive,6.8,47.48612
27,20,6.8,47.486,5.445,0.154,Alive,6.8,47.48612
27,21,6.6,47.071,5.099,0.144,Alive,6.6,47.07093999999999
27,22,8.1,50.185,8.056,0.228,Alive,8.1,50.18478999999999
27,23,9.1,52.261,10.519,0.298,Alive,9.1,52.26069
27,24,7.9,49.77,7.612,0.216,Alive,7.9,49.76961
27,25,8.0,49.977,7.832,0.222,Alive,8.0,49.9772
27,26,6.7,47.279,5.271,0.149,Alive,6.7,47.27853
27,27,8.9,51.846,9.993,0.283,Alive,8.9,51.84551
27,28,9.6,53.299,11.91,0.337,Alive,9.6,53.29863999999999
27,29,8.1,50.185,8.056,0.228,Alive,8.1,50.18478999999999
27,30,7.2,49.0,6.265,0.177,Alive,7.2,49.0
27,31,7.2,48.316,6.181,0.175,Alive,7.2,48.31648
27,32,8.1,50.185,8.056,0.228,Alive,8.1,50.18478999999999
27,33,6.4,46.656,4.768,0.135,Alive,6.4,46.65576
27,34,9.7,53.506,12.201,0.346,Alive,9.7,53.506229999999995
27,35,7.2,48.316,6.181,0.175,Alive,7.2,48.31648
27,36,9.1,52.261,10.519,0.298,Alive,9.1,52.26069
27,37,9.3,52.676,11.063,0.313,Alive,9.3,52.67587
27,38,6.9,47.694,5.624,0.159,Alive,6.9,47.69371
27,39,8.0,49.977,7.832,0.222,Alive,8.0,49.9772
27,40,7.5,52.0,7.181,0.203,Alive,7.5,52.0
27,41,8.9,51.846,9.993,0.283,Alive,8.9,51.84551
28,1,7.4,48.732,6.571,0.186,Alive,7.4,48.73166
28,2,7.7,49.354,7.184,0.203,Alive,7.7,49.354429999999994
28,3,7.6,49.147,6.976,0.198,Alive,7.6,49.14684
28,4,6.0,45.825,4.146,0.117,Alive,6.0,45.825399999999995
28,5,9.2,52.468,10.789,0.306,Alive,9.2,52.46827999999999
28,6,8.8,51.638,9.737,0.276,Alive,8.8,51.637919999999994
28,7,7.2,48.316,6.181,0.175,Alive,7.2,48.31648
28,8,9.0,52.053,10.254,0.29,Alive,9.0,52.0531
28,9,10.9,55.997,16.054,0.455,Alive,10.9,55.99731
28,10,10.6,52.0,14.125,0.4,Alive,10.6,52.0
28,11,9.4,52.883,11.341,0.321,Alive,9.4,52.88346
28,12,7.0,47.901,5.806,0.164,Alive,7.0,47.90129999999999
28,13,8.8,51.638,9.737,0.276,Alive,8.8,51.637919999999994
28,14,6.3,46.448,4.607,0.13,Alive,6.3,46.44817
28,15,8.8,51.638,9.737,0.276,Alive,8.8,51.637919999999994
28,16,8.9,51.846,9.993,0.283,Alive,8.9,51.84551
28,17,7.3,48.524,6.374,0.18,Alive,7.3,48.524069999999995
28,18,7.6,49.147,6.976,0.198,Alive,7.6,49.14684
28,19,7.3,48.524,6.374,0.18,Alive,7.3,48.524069999999995
28,20,5.3,43.0,3.094,0.088,Alive,5.3,43.0
28,21,5.7,45.203,3.715,0.105,Alive,5.7,45.20263
28,22,9.3,52.676,11.063,0.313,Alive,9.3,52.67587
28,23,7.9,49.77,7.612,0.216,Alive,7.9,49.76961
28,24,6.8,47.486,5.445,0.154,Alive,6.8,47.48612
28,25,8.9,51.846,9.993,0.283,Alive,8.9,51.84551
28,26,7.9,49.77,7.612,0.216,Alive,7.9,49.76961
28,27,9.9,53.921,12.797,0.362,Alive,9.9,53.921409999999995
28,28,8.4,50.808,8.752,0.248,Alive,8.4,50.807559999999995
28,29,8.2,50.392,8.284,0.235,Alive,8.2,50.39238
28,30,4.3,40.0,1.98,0.056,Alive,4.3,40.0
28,31,7.2,48.316,6.181,0.175,Alive,7.2,48.31648
28,32,7.8,49.562,7.396,0.209,Alive,7.8,49.56202
28,33,9.8,53.714,12.497,0.354,Alive,9.8,53.71382
28,34,8.0,49.977,7.832,0.222,Alive,8.0,49.9772
28,35,4.9,43.542,2.708,0.077,Alive,4.9,43.54191
28,36,10.2,54.544,13.725,0.389,Alive,10.2,54.54418
28,37,8.7,51.43,9.484,0.269,Alive,8.7,51.43033
28,38,6.8,47.486,5.445,0.154,Alive,6.8,47.48612
28,39,8.0,49.977,7.832,0.222,Alive,8.0,49.9772
28,40,9.3,54.0,11.335,0.321,Alive,9.3,54.0
28,41,6.8,47.486,5.445,0.154,Alive,6.8,47.48612
28,42,9.8,53.714,12.497,0.354,Alive,9.8,53.71382
28,43,5.8,45.41,3.855,0.109,Alive,5.8,45.410219999999995
28,44,8.8,51.638,9.737,0.276,Alive,8.8,51.637919999999994
28,45,6.9,47.694,5.624,0.159,Alive,6.9,47.69371
28,46,6.9,47.694,5.624,0.159,Alive,6.9,47.69371
29,1,7.5,48.939,6.771,0.192,Alive,7.5,48.939249999999994
29,2,8.6,51.223,9.236,0.262,Alive,8.6,51.222739999999995
29,3,9.2,52.468,10.789,0.306,Alive,9.2,52.46827999999999
29,4,10.6,55.375,15.028,0.426,Alive,10.6,55.37454
29,5,7.1,48.109,5.991,0.17,Alive,7.1,48.108889999999995
29,6,8.2,50.392,8.284,0.235,Alive,8.2,50.39238
29,7,8.7,51.43,9.484,0.269,Alive,8.7,51.43033
29,8,6.7,47.279,5.271,0.149,Alive,6.7,47.27853
29,9,2.8,39.183,0.951,0.027,Alive,2.8,39.18252
29,10,8.5,57.0,10.021,0.284,Alive,8.5,57.0
29,11,9.0,52.053,10.254,0.29,Alive,9.0,52.0531
29,12,8.7,51.43,9.484,0.269,Alive,8.7,51.43033
29,13,8.4,50.808,8.752,0.248,Alive,8.4,50.807559999999995
29,14,10.1,54.337,13.412,0.38,Alive,10.1,54.336589999999994
29,15,8.8,51.638,9.737,0.276,Alive,8.8,51.637919999999994
29,16,8.2,50.392,8.284,0.235,Alive,8.2,50.39238
29,17,10.3,54.752,14.044,0.398,Alive,10.3,54.75176999999999
29,18,8.9,51.846,9.993,0.283,Alive,8.9,51.84551
29,19,7.5,48.939,6.771,0.192,Alive,7.5,48.939249999999994
29,20,9.0,58.0,11.401,0.323,Alive,9.0,58.0
29,21,9.4,52.883,11.341,0.321,Alive,9.4,52.88346
29,22,5.3,44.372,3.186,0.09,Alive,5.3,44.37227
29,23,7.3,48.524,6.374,0.18,Alive,7.3,48.524069999999995
29,24,9.2,52.468,10.789,0.306,Alive,9.2,52.46827999999999
29,25,9.8,53.714,12.497,0.354,Alive,9.8,53.71382
29,26,5.2,44.165,3.062,0.087,Alive,5.2,44.16468
29,27,8.5,51.015,8.992,0.255,Alive,8.5,51.01514999999999
29,28,9.2,52.468,10.789,0.306,Alive,9.2,52.46827999999999
29,29,6.1,46.033,4.296,0.122,Alive,6.1,46.03299
29,30,8.3,49.0,8.253,0.234,Alive,8.3,49.0
29,31,9.0,52.053,10.254,0.29,Alive,9.0,52.0531
29,32,5.6,44.995,3.578,0.101,Alive,5.6,44.99504
29,33,8.2,50.392,8.284,0.235,Alive,8.2,50.39238
29,34,10.9,55.997,16.054,0.455,Alive,10.9,55.99731
29,35,8.7,51.43,9.484,0.269,Alive,8.7,51.43033
29,36,9.3,52.676,11.063,0.313,Alive,9.3,52.67587
29,37,11.3,56.828,17.49,0.495,Alive,11.3,56.82767
29,38,8.8,51.638,9.737,0.276,Alive,8.8,51.637919999999994
30,1,6.1,46.033,4.296,0.122,Alive,6.1,46.03299
30,2,5.2,44.165,3.062,0.087,Alive,5.2,44.16468
30,3,4.6,42.919,2.381,0.067,Alive,4.6,42.91914
30,4,9.9,53.921,12.797,0.362,Alive,9.9,53.921409999999995
30,5,6.0,45.825,4.146,0.117,Alive,6.0,45.825399999999995
30,6,8.0,49.977,7.832,0.222,Alive,8.0,49.9772
30,7,8.5,51.015,8.992,0.255,Alive,8.5,51.01514999999999
30,8,4.7,43.127,2.487,0.07,Alive,4.7,43.126729999999995
30,9,11.1,56.412,16.762,0.475,Alive,11.1,56.41248999999999
30,10,9.9,51.0,12.116,0.343,Alive,9.9,51.0
30,11,9.6,53.299,11.91,0.337,Alive,9.6,53.29863999999999
30,12,9.0,52.053,10.254,0.29,Alive,9.0,52.0531
30,13,7.6,49.147,6.976,0.198,Alive,7.6,49.14684
30,14,9.3,52.676,11.063,0.313,Alive,9.3,52.67587
30,15,7.8,49.562,7.396,0.209,Alive,7.8,49.56202
30,16,9.5,53.091,11.623,0.329,Alive,9.5,53.09105
30,17,6.1,46.033,4.296,0.122,Alive,6.1,46.03299
30,18,8.2,50.392,8.284,0.235,Alive,8.2,50.39238
30,19,6.2,46.241,4.45,0.126,Alive,6.2,46.240579999999994
30,20,8.0,57.0,8.902,0.252,Alive,8.0,57.0
30,21,8.3,50.6,8.516,0.241,Alive,8.3,50.59997
30,22,8.5,51.015,8.992,0.255,Alive,8.5,51.01514999999999
30,23,7.8,49.562,7.396,0.209,Alive,7.8,49.56202
30,24,5.1,43.957,2.941,0.083,Alive,5.1,43.957089999999994
30,25,6.3,46.448,4.607,0.13,Alive,6.3,46.44817
30,26,6.8,47.486,5.445,0.154,Alive,6.8,47.48612
30,27,7.3,48.524,6.374,0.18,Alive,7.3,48.524069999999995
30,28,4.2,42.089,1.987,0.056,Alive,4.2,42.08878
30,29,5.9,45.618,3.999,0.113,Alive,5.9,45.61781
30,30,5.1,43.957,2.941,0.083,Alive,5.1,43.957089999999994
30,31,4.0,41.674,1.806,0.051,Alive,4.0,41.67359999999999
30,32,8.3,50.6,8.516,0.241,Alive,8.3,50.59997
30,33,7.9,49.77,7.612,0.216,Alive,7.9,49.76961
30,34,6.1,46.033,4.296,0.122,Alive,6.1,46.03299
30,35,4.4,42.504,2.178,0.062,Alive,4.4,42.50396
30,36,8.4,50.808,8.752,0.248,Alive,8.4,50.807559999999995
30,37,8.4,50.808,8.752,0.248,Alive,8.4,50.807559999999995
30,38,4.0,41.674,1.806,0.051,Alive,4.0,41.67359999999999
30,39,7.4,48.0,6.475,0.183,Alive,7.4,48.0
30,40,9.1,52.261,10.519,0.298,Alive,9.1,52.26069
30,41,8.1,50.185,8.056,0.228,Alive,8.1,50.18478999999999
30,42,7.6,49.147,6.976,0.198,Alive,7.6,49.14684
30,43,7.7,49.354,7.184,0.203,Alive,7.7,49.354429999999994
30,44,9.2,52.468,10.789,0.306,Alive,9.2,52.46827999999999
30,45,8.8,51.638,9.737,0.276,Alive,8.8,51.637919999999994
30,46,5.6,44.995,3.578,0.101,Alive,5.6,44.99504
30,47,5.6,44.995,3.578,0.101,Alive,5.6,44.99504
30,48,6.5,46.863,4.932,0.14,Alive,6.5,46.86335
30,49,7.7,48.0,6.993,0.198,Alive,7.7,48.0
30,50,8.1,50.185,8.056,0.228,Alive,8.1,50.18478999999999
30,51,4.0,41.674,1.806,0.051,Alive,4.0,41.67359999999999
30,52,7.2,48.316,6.181,0.175,Alive,7.2,48.31648
30,53,9.8,53.714,12.497,0.354,Alive,9.8,53.71382
31,1,5.4,44.58,3.313,0.094,Alive,5.4,44.57986
31,2,7.1,48.109,5.991,0.17,Alive,7.1,48.108889999999995
31,3,6.9,47.694,5.624,0.159,Alive,6.9,47.69371
31,4,8.7,51.43,9.484,0.269,Alive,8.7,51.43033
31,5,7.1,48.109,5.991,0.17,Alive,7.1,48.108889999999995
31,6,8.6,51.223,9.236,0.262,Alive,8.6,51.222739999999995
31,7,6.6,47.071,5.099,0.144,Alive,6.6,47.07093999999999
31,8,6.2,46.241,4.45,0.126,Alive,6.2,46.240579999999994
31,9,7.6,49.147,6.976,0.198,Alive,7.6,49.14684
31,10,6.3,47.0,4.659,0.132,Alive,6.3,47.0
31,11,7.1,48.109,5.991,0.17,Alive,7.1,48.108889999999995
31,12,9.3,52.676,11.063,0.313,Alive,9.3,52.67587
31,13,7.5,48.939,6.771,0.192,Alive,7.5,48.939249999999994
31,14,9.3,52.676,11.063,0.313,Alive,9.3,52.67587
31,15,9.7,53.506,12.201,0.346,Alive,9.7,53.506229999999995
31,16,5.7,45.203,3.715,0.105,Alive,5.7,45.20263
31,17,11.8,57.866,19.396,0.549,Alive,11.8,57.86561999999999
31,18,8.1,50.185,8.056,0.228,Alive,8.1,50.18478999999999
31,19,7.4,48.732,6.571,0.186,Alive,7.4,48.73166
31,20,8.6,59.0,10.605,0.3,Alive,8.6,59.0
31,21,9.0,52.053,10.254,0.29,Alive,9.0,52.0531
31,22,10.7,55.582,15.365,0.435,Alive,10.7,55.58212999999999
31,23,9.4,52.883,11.341,0.321,Alive,9.4,52.88346
31,24,9.7,53.506,12.201,0.346,Alive,9.7,53.506229999999995
31,25,9.6,53.299,11.91,0.337,Alive,9.6,53.29863999999999
31,26,8.4,50.808,8.752,0.248,Alive,8.4,50.807559999999995
31,27,7.0,47.901,5.806,0.164,Alive,7.0,47.90129999999999
31,28,7.7,49.354,7.184,0.203,Alive,7.7,49.354429999999994
31,29,6.6,47.071,5.099,0.144,Alive,6.6,47.07093999999999
31,30,8.5,47.0,8.301,0.235,Alive,8.5,47.0
31,31,3.0,39.598,1.068,0.03,Alive,3.0,39.5977
31,32,9.6,53.299,11.91,0.337,Alive,9.6,53.29863999999999
31,33,8.8,51.638,9.737,0.276,Alive,8.8,51.637919999999994
31,34,8.1,50.185,8.056,0.228,Alive,8.1,50.18478999999999
31,35,8.1,50.185,8.056,0.228,Alive,8.1,50.18478999999999
31,36,7.2,48.316,6.181,0.175,Alive,7.2,48.31648
31,37,3.8,41.258,1.637,0.046,Alive,3.8,41.258419999999994
31,38,7.0,47.901,5.806,0.164,Alive,7.0,47.90129999999999
31,39,8.1,50.185,8.056,0.228,Alive,8.1,50.18478999999999
31,40,7.6,49.147,6.976,0.198,Alive,7.6,49.14684
31,41,8.5,51.015,8.992,0.255,Alive,8.5,51.01514999999999
31,42,9.2,52.468,10.789,0.306,Alive,9.2,52.46827999999999
31,43,7.7,49.354,7.184,0.203,Alive,7.7,49.354429999999994
31,44,8.6,51.223,9.236,0.262,Alive,8.6,51.222739999999995
31,45,5.3,44.372,3.186,0.09,Alive,5.3,44.37227
31,46,4.4,42.504,2.178,0.062,Alive,4.4,42.50396
31,47,7.9,49.77,7.612,0.216,Alive,7.9,49.76961
32,1,10.3,54.752,14.044,0.398,Alive,10.3,54.75176999999999
32,2,4.3,42.296,2.081,0.059,Alive,4.3,42.29637
32,3,8.2,50.392,8.284,0.235,Alive,8.2,50.39238
32,4,7.8,49.562,7.396,0.209,Alive,7.8,49.56202
32,5,7.4,48.732,6.571,0.186,Alive,7.4,48.73166
32,6,8.8,51.638,9.737,0.276,Alive,8.8,51.637919999999994
32,7,7.6,49.147,6.976,0.198,Alive,7.6,49.14684
32,8,8.1,50.185,8.056,0.228,Alive,8.1,50.18478999999999
32,9,6.3,46.448,4.607,0.13,Alive,6.3,46.44817
32,10,8.7,66.0,12.109,0.343,Alive,8.7,66.0
32,11,9.4,52.883,11.341,0.321,Alive,9.4,52.88346
32,12,8.4,50.808,8.752,0.248,Alive,8.4,50.807559999999995
32,13,6.8,47.486,5.445,0.154,Alive,6.8,47.48612
32,14,6.5,46.863,4.932,0.14,Alive,6.5,46.86335
32,15,8.0,49.977,7.832,0.222,Alive,8.0,49.9772
32,16,8.7,51.43,9.484,0.269,Alive,8.7,51.43033
32,17,7.6,49.147,6.976,0.198,Alive,7.6,49.14684
32,18,5.4,44.58,3.313,0.094,Alive,5.4,44.57986
32,19,9.5,53.091,11.623,0.329,Alive,9.5,53.09105
32,20,8.3,54.6,9.172,0.26,Alive,8.3,54.6
32,21,8.3,50.6,8.516,0.241,Alive,8.3,50.59997
32,22,7.8,49.562,7.396,0.209,Alive,7.8,49.56202
32,23,6.8,47.486,5.445,0.154,Alive,6.8,47.48612
32,24,7.4,48.732,6.571,0.186,Alive,7.4,48.73166
32,25,10.0,54.129,13.102,0.371,Alive,10.0,54.129
32,26,10.1,54.337,13.412,0.38,Alive,10.1,54.336589999999994
32,27,10.9,55.997,16.054,0.455,Alive,10.9,55.99731
32,28,7.8,49.562,7.396,0.209,Alive,7.8,49.56202
32,29,6.5,46.863,4.932,0.14,Alive,6.5,46.86335
32,30,5.6,49.0,3.877,0.11,Alive,5.6,49.0
32,31,8.1,50.185,8.056,0.228,Alive,8.1,50.18478999999999
32,32,7.4,48.732,6.571,0.186,Alive,7.4,48.73166
32,33,7.0,47.901,5.806,0.164,Alive,7.0,47.90129999999999
32,34,3.3,40.22,1.262,0.036,Alive,3.3,40.22047
32,35,4.9,43.542,2.708,0.077,Alive,4.9,43.54191
32,36,6.0,45.825,4.146,0.117,Alive,6.0,45.825399999999995
32,37,7.6,49.147,6.976,0.198,Alive,7.6,49.14684
32,38,5.1,43.957,2.941,0.083,Alive,5.1,43.957089999999994
32,39,7.1,48.109,5.991,0.17,Alive,7.1,48.108889999999995
32,40,7.2,26.0,3.427,0.097,Alive,7.2,26.0
32,41,5.9,45.618,3.999,0.113,Alive,5.9,45.61781
32,42,9.6,53.299,11.91,0.337,Alive,9.6,53.29863999999999
32,43,9.3,52.676,11.063,0.313,Alive,9.3,52.67587
32,44,10.7,55.582,15.365,0.435,Alive,10.7,55.58212999999999
33,1,7.6,49.147,6.976,0.198,Alive,7.6,49.14684
33,2,5.8,45.41,3.855,0.109,Alive,5.8,45.410219999999995
33,3,7.7,49.354,7.184,0.203,Alive,7.7,49.354429999999994
33,4,7.4,48.732,6.571,0.186,Alive,7.4,48.73166
33,5,7.9,49.77,7.612,0.216,Alive,7.9,49.76961
33,6,8.7,51.43,9.484,0.269,Alive,8.7,51.43033
33,7,8.1,50.185,8.056,0.228,Alive,8.1,50.18478999999999
33,8,7.8,49.562,7.396,0.209,Alive,7.8,49.56202
33,9,7.5,48.939,6.771,0.192,Alive,7.5,48.939249999999994
33,10,10.0,47.0,11.405,0.323,Alive,10.0,47.0
33,11,9.0,52.053,10.254,0.29,Alive,9.0,52.0531
33,12,7.5,48.939,6.771,0.192,Alive,7.5,48.939249999999994
33,13,8.7,51.43,9.484,0.269,Alive,8.7,51.43033
33,14,8.4,50.808,8.752,0.248,Alive,8.4,50.807559999999995
33,15,9.4,52.883,11.341,0.321,Alive,9.4,52.88346
33,16,8.1,50.185,8.056,0.228,Alive,8.1,50.18478999999999
33,17,8.1,50.185,8.056,0.228,Alive,8.1,50.18478999999999
33,18,9.2,52.468,10.789,0.306,Alive,9.2,52.46827999999999
33,19,9.5,53.091,11.623,0.329,Alive,9.5,53.09105
33,20,6.9,39.0,4.639,0.131,Alive,6.9,39.0
33,21,7.6,49.147,6.976,0.198,Alive,7.6,49.14684
33,22,9.0,52.053,10.254,0.29,Alive,9.0,52.0531
33,23,8.6,51.223,9.236,0.262,Alive,8.6,51.222739999999995
33,24,7.5,48.939,6.771,0.192,Alive,7.5,48.939249999999994
33,25,8.1,50.185,8.056,0.228,Alive,8.1,50.18478999999999
33,26,8.8,51.638,9.737,0.276,Alive,8.8,51.637919999999994
33,27,8.3,50.6,8.516,0.241,Alive,8.3,50.59997
33,28,9.0,52.053,10.254,0.29,Alive,9.0,52.0531
33,29,3.9,41.466,1.721,0.049,Alive,3.9,41.46601
33,30,9.4,36.0,7.79,0.221,Alive,9.4,36.0
33,31,7.5,48.939,6.771,0.192,Alive,7.5,48.939249999999994
33,32,7.0,47.901,5.806,0.164,Alive,7.0,47.90129999999999
33,33,5.7,45.203,3.715,0.105,Alive,5.7,45.20263
33,34,4.1,41.881,1.895,0.054,Alive,4.1,41.88119
33,35,5.8,45.41,3.855,0.109,Alive,5.8,45.410219999999995
33,36,8.0,49.977,7.832,0.222,Alive,8.0,49.9772
33,37,5.0,43.75,2.823,0.08,Alive,5.0,43.7495
33,38,4.2,42.089,1.987,0.056,Alive,4.2,42.08878
33,39,7.1,48.109,5.991,0.17,Alive,7.1,48.108889999999995
33,40,5.7,31.0,2.617,0.074,Alive,5.7,31.0
33,41,7.3,48.524,6.374,0.18,Alive,7.3,48.524069999999995
33,42,9.4,52.883,11.341,0.321,Alive,9.4,52.88346
33,43,9.4,52.883,11.341,0.321,Alive,9.4,52.88346
33,44,2.9,39.39,1.008,0.029,Alive,2.9,39.39010999999999
33,45,10.1,54.337,13.412,0.38,Alive,10.1,54.336589999999994
34,1,9.4,52.883,11.341,0.321,Alive,9.4,52.88346
34,2,7.9,49.77,7.612,0.216,Alive,7.9,49.76961
34,3,9.9,53.921,12.797,0.362,Alive,9.9,53.921409999999995
34,4,10.4,54.959,14.367,0.407,Alive,10.4,54.95936
34,5,8.4,50.808,8.752,0.248,Alive,8.4,50.807559999999995
34,6,9.4,52.883,11.341,0.321,Alive,9.4,52.88346
34,7,8.3,50.6,8.516,0.241,Alive,8.3,50.59997
34,8,8.8,51.638,9.737,0.276,Alive,8.8,51.637919999999994
34,9,9.9,53.921,12.797,0.362,Alive,9.9,53.921409999999995
34,10,8.1,48.8,7.84,0.222,Alive,8.1,48.8
34,11,10.7,55.582,15.365,0.435,Alive,10.7,55.58212999999999
34,12,3.8,41.258,1.637,0.046,Alive,3.8,41.258419999999994
34,13,7.4,48.732,6.571,0.186,Alive,7.4,48.73166
34,14,10.9,55.997,16.054,0.455,Alive,10.9,55.99731
34,15,3.9,41.466,1.721,0.049,Alive,3.9,41.46601
34,16,9.0,52.053,10.254,0.29,Alive,9.0,52.0531
34,17,3.8,41.258,1.637,0.046,Alive,3.8,41.258419999999994
34,18,2.7,38.975,0.896,0.025,Alive,2.7,38.97493
34,19,7.4,48.732,6.571,0.186,Alive,7.4,48.73166
34,20,10.1,38.0,9.445,0.267,Alive,10.1,38.0
34,21,7.2,48.316,6.181,0.175,Alive,7.2,48.31648
34,22,7.6,49.147,6.976,0.198,Alive,7.6,49.14684
34,23,5.3,44.372,3.186,0.09,Alive,5.3,44.37227
34,24,7.4,48.732,6.571,0.186,Alive,7.4,48.73166
34,25,8.4,50.808,8.752,0.248,Alive,8.4,50.807559999999995
34,26,10.0,54.129,13.102,0.371,Alive,10.0,54.129
34,27,7.3,48.524,6.374,0.18,Alive,7.3,48.524069999999995
34,28,6.0,45.825,4.146,0.117,Alive,6.0,45.825399999999995
34,29,8.4,50.808,8.752,0.248,Alive,8.4,50.807559999999995
34,30,4.5,42.712,2.278,0.065,Alive,4.5,42.711549999999995
34,31,4.4,42.504,2.178,0.062,Alive,4.4,42.50396
34,32,8.9,51.846,9.993,0.283,Alive,8.9,51.84551
34,33,8.5,51.015,8.992,0.255,Alive,8.5,51.01514999999999
34,34,8.8,51.638,9.737,0.276,Alive,8.8,51.637919999999994
34,35,6.4,46.656,4.768,0.135,Alive,6.4,46.65576
34,36,9.4,52.883,11.341,0.321,Alive,9.4,52.88346
34,37,7.4,48.732,6.571,0.186,Alive,7.4,48.73166
34,38,2.5,38.56,0.793,0.022,Alive,2.5,38.559749999999994
34,39,10.2,54.544,13.725,0.389,Alive,10.2,54.54418
34,40,9.4,48.0,10.314,0.292,Alive,9.4,48.0
34,41,8.8,51.638,9.737,0.276,Alive,8.8,51.637919999999994
35,1,4.7,43.127,2.487,0.07,Alive,4.7,43.126729999999995
35,2,9.5,53.091,11.623,0.329,Alive,9.5,53.09105
35,3,10.5,55.167,14.695,0.416,Alive,10.5,55.16695
35,4,8.8,51.638,9.737,0.276,Alive,8.8,51.637919999999994
35,5,7.8,49.562,7.396,0.209,Alive,7.8,49.56202
35,6,10.5,55.167,14.695,0.416,Alive,10.5,55.16695
35,7,8.3,50.6,8.516,0.241,Alive,8.3,50.59997
35,8,8.8,51.638,9.737,0.276,Alive,8.8,51.637919999999994
35,9,7.5,48.939,6.771,0.192,Alive,7.5,48.939249999999994
35,10,5.8,38.0,3.262,0.092,Alive,5.8,38.0
35,11,7.9,49.77,7.612,0.216,Alive,7.9,49.76961
35,12,5.5,44.787,3.444,0.098,Alive,5.5,44.78744999999999
35,13,10.2,54.544,13.725,0.389,Alive,10.2,54.54418
35,14,8.6,51.223,9.236,0.262,Alive,8.6,51.222739999999995
35,15,8.9,51.846,9.993,0.283,Alive,8.9,51.84551
35,16,4.9,43.542,2.708,0.077,Alive,4.9,43.54191
35,17,7.7,49.354,7.184,0.203,Alive,7.7,49.354429999999994
35,18,7.4,48.732,6.571,0.186,Alive,7.4,48.73166
35,19,7.3,48.524,6.374,0.18,Alive,7.3,48.524069999999995
35,20,9.0,53.0,10.437,0.296,Alive,9.0,53.0
35,21,8.8,51.638,9.737,0.276,Alive,8.8,51.637919999999994
35,22,7.4,48.732,6.571,0.186,Alive,7.4,48.73166
35,23,7.6,49.147,6.976,0.198,Alive,7.6,49.14684
35,24,6.9,47.694,5.624,0.159,Alive,6.9,47.69371
35,25,7.7,49.354,7.184,0.203,Alive,7.7,49.354429999999994
35,26,4.3,42.296,2.081,0.059,Alive,4.3,42.29637
35,27,7.2,48.316,6.181,0.175,Alive,7.2,48.31648
35,28,7.0,47.901,5.806,0.164,Alive,7.0,47.90129999999999
35,29,7.5,48.939,6.771,0.192,Alive,7.5,48.939249999999994
35,30,8.5,57.0,10.021,0.284,Alive,8.5,57.0
35,31,6.9,47.694,5.624,0.159,Alive,6.9,47.69371
35,32,5.1,43.957,2.941,0.083,Alive,5.1,43.957089999999994
35,33,4.5,42.712,2.278,0.065,Alive,4.5,42.711549999999995
35,34,6.4,46.656,4.768,0.135,Alive,6.4,46.65576
35,35,6.8,47.486,5.445,0.154,Alive,6.8,47.48612
35,36,5.1,43.957,2.941,0.083,Alive,5.1,43.957089999999994
35,37,7.2,48.316,6.181,0.175,Alive,7.2,48.31648
35,38,4.8,43.334,2.596,0.074,Alive,4.8,43.33432
35,39,7.2,48.316,6.181,0.175,Alive,7.2,48.31648
35,40,9.5,52.0,11.389,0.322,Alive,9.5,52.0
35,41,8.7,51.43,9.484,0.269,Alive,8.7,51.43033
35,42,6.5,46.863,4.932,0.14,Alive,6.5,46.86335
35,43,2.6,38.767,0.843,0.024,Alive,2.6,38.76734
35,44,8.1,50.185,8.056,0.228,Alive,8.1,50.18478999999999
35,45,8.6,51.223,9.236,0.262,Alive,8.6,51.222739999999995
35,46,6.2,46.241,4.45,0.126,Alive,6.2,46.240579999999994
35,47,8.3,50.6,8.516,0.241,Alive,8.3,50.59997
35,48,8.5,51.015,8.992,0.255,Alive,8.5,51.01514999999999
35,49,8.8,51.638,9.737,0.276,Alive,8.8,51.637919999999994
35,50,3.6,38.0,1.392,0.039,Alive,3.6,38.0
36,1,9.8,53.714,12.497,0.354,Alive,9.8,53.71382
36,2,10.4,54.959,14.367,0.407,Alive,10.4,54.95936
36,3,7.1,48.109,5.991,0.17,Alive,7.1,48.108889999999995
36,4,8.8,51.638,9.737,0.276,Alive,8.8,51.637919999999994
36,5,9.2,52.468,10.789,0.306,Alive,9.2,52.46827999999999
36,6,9.5,53.091,11.623,0.329,Alive,9.5,53.09105
36,7,7.4,48.732,6.571,0.186,Alive,7.4,48.73166
36,8,9.4,52.883,11.341,0.321,Alive,9.4,52.88346
36,9,8.8,51.638,9.737,0.276,Alive,8.8,51.637919999999994
36,10,10.2,48.0,12.105,0.343,Alive,10.2,48.0
36,11,9.6,53.299,11.91,0.337,Alive,9.6,53.29863999999999
36,12,9.0,52.053,10.254,0.29,Alive,9.0,52.0531
36,13,9.8,53.714,12.497,0.354,Alive,9.8,53.71382
36,14,7.0,47.901,5.806,0.164,Alive,7.0,47.90129999999999
36,15,8.8,51.638,9.737,0.276,Alive,8.8,51.637919999999994
36,16,8.5,51.015,8.992,0.255,Alive,8.5,51.01514999999999
36,17,6.9,47.694,5.624,0.159,Alive,6.9,47.69371
36,18,10.0,54.129,13.102,0.371,Alive,10.0,54.129
36,19,8.4,50.808,8.752,0.248,Alive,8.4,50.807559999999995
36,20,8.4,48.0,8.28,0.234,Alive,8.4,48.0
36,21,8.4,50.808,8.752,0.248,Alive,8.4,50.807559999999995
36,22,9.3,52.676,11.063,0.313,Alive,9.3,52.67587
36,23,7.8,49.562,7.396,0.209,Alive,7.8,49.56202
36,24,9.2,52.468,10.789,0.306,Alive,9.2,52.46827999999999
36,25,8.0,49.977,7.832,0.222,Alive,8.0,49.9772
36,26,6.5,46.863,4.932,0.14,Alive,6.5,46.86335
36,27,8.4,50.808,8.752,0.248,Alive,8.4,50.807559999999995
36,28,6.4,46.656,4.768,0.135,Alive,6.4,46.65576
36,29,8.8,51.638,9.737,0.276,Alive,8.8,51.637919999999994
36,30,9.1,38.0,7.709,0.218,Alive,9.1,38.0
36,31,7.5,48.939,6.771,0.192,Alive,7.5,48.939249999999994
36,32,2.8,39.183,0.951,0.027,Alive,2.8,39.18252
36,33,8.3,50.6,8.516,0.241,Alive,8.3,50.59997
36,34,6.7,47.279,5.271,0.149,Alive,6.7,47.27853
36,35,8.6,51.223,9.236,0.262,Alive,8.6,51.222739999999995
36,36,6.3,46.448,4.607,0.13,Alive,6.3,46.44817
36,37,7.2,48.316,6.181,0.175,Alive,7.2,48.31648
36,38,7.8,49.562,7.396,0.209,Alive,7.8,49.56202
36,39,8.7,51.43,9.484,0.269,Alive,8.7,51.43033
36,40,8.6,45.0,8.141,0.231,Alive,8.6,45.0
36,41,8.1,50.185,8.056,0.228,Alive,8.1,50.18478999999999
36,42,7.0,47.901,5.806,0.164,Alive,7.0,47.90129999999999
36,43,6.8,47.486,5.445,0.154,Alive,6.8,47.48612
36,44,9.8,53.714,12.497,0.354,Alive,9.8,53.71382
36,45,6.6,47.071,5.099,0.144,Alive,6.6,47.07093999999999
36,46,9.8,53.714,12.497,0.354,Alive,9.8,53.71382
37,1,10.0,54.129,13.102,0.371,Alive,10.0,54.129
37,2,6.2,46.241,4.45,0.126,Alive,6.2,46.240579999999994
37,3,7.9,49.77,7.612,0.216,Alive,7.9,49.76961
37,4,8.7,51.43,9.484,0.269,Alive,8.7,51.43033
37,5,10.8,55.79,15.707,0.445,Alive,10.8,55.78972
37,6,7.3,48.524,6.374,0.18,Alive,7.3,48.524069999999995
37,7,9.9,53.921,12.797,0.362,Alive,9.9,53.921409999999995
37,8,9.2,52.468,10.789,0.306,Alive,9.2,52.46827999999999
37,9,9.3,52.676,11.063,0.313,Alive,9.3,52.67587
37,10,8.2,55.0,9.021,0.255,Alive,8.2,55.0
37,11,6.9,47.694,5.624,0.159,Alive,6.9,47.69371
37,12,8.5,51.015,8.992,0.255,Alive,8.5,51.01514999999999
37,13,6.1,46.033,4.296,0.122,Alive,6.1,46.03299
37,14,9.6,53.299,11.91,0.337,Alive,9.6,53.29863999999999
37,15,7.8,49.562,7.396,0.209,Alive,7.8,49.56202
37,16,9.2,52.468,10.789,0.306,Alive,9.2,52.46827999999999
37,17,9.2,52.468,10.789,0.306,Alive,9.2,52.46827999999999
37,18,8.8,51.638,9.737,0.276,Alive,8.8,51.637919999999994
37,19,7.8,49.562,7.396,0.209,Alive,7.8,49.56202
37,20,9.6,46.0,10.309,0.292,Alive,9.6,46.0
37,21,4.2,42.089,1.987,0.056,Alive,4.2,42.08878
37,22,8.4,50.808,8.752,0.248,Alive,8.4,50.807559999999995
37,23,12.4,59.111,21.851,0.619,Alive,12.4,59.11116
37,24,7.3,48.524,6.374,0.18,Alive,7.3,48.524069999999995
37,25,8.6,51.223,9.236,0.262,Alive,8.6,51.222739999999995
37,26,11.1,56.412,16.762,0.475,Alive,11.1,56.41248999999999
37,27,7.8,49.562,7.396,0.209,Alive,7.8,49.56202
37,28,5.5,44.787,3.444,0.098,Alive,5.5,44.78744999999999
37,29,7.6,49.147,6.976,0.198,Alive,7.6,49.14684
37,30,6.6,40.0,4.366,0.124,Alive,6.6,40.0
37,31,8.1,50.185,8.056,0.228,Alive,8.1,50.18478999999999
37,32,5.0,43.75,2.823,0.08,Alive,5.0,43.7495
37,33,6.9,47.694,5.624,0.159,Alive,6.9,47.69371
37,34,5.3,44.372,3.186,0.09,Alive,5.3,44.37227
37,35,7.5,48.939,6.771,0.192,Alive,7.5,48.939249999999994
37,36,7.6,49.147,6.976,0.198,Alive,7.6,49.14684
37,37,5.5,44.787,3.444,0.098,Alive,5.5,44.78744999999999
37,38,5.0,43.75,2.823,0.08,Alive,5.0,43.7495
37,39,8.3,50.6,8.516,0.241,Alive,8.3,50.59997
37,40,7.9,46.0,7.052,0.2,Alive,7.9,46.0
37,41,7.1,48.109,5.991,0.17,Alive,7.1,48.108889999999995
37,42,8.3,50.6,8.516,0.241,Alive,8.3,50.59997
37,43,9.7,53.506,12.201,0.346,Alive,9.7,53.506229999999995
37,44,6.8,47.486,5.445,0.154,Alive,6.8,47.48612
38,1,10.8,55.79,15.707,0.445,Alive,10.8,55.78972
38,2,7.7,49.354,7.184,0.203,Alive,7.7,49.354429999999994
38,3,8.5,51.015,8.992,0.255,Alive,8.5,51.01514999999999
38,4,9.2,52.468,10.789,0.306,Alive,9.2,52.46827999999999
38,5,9.5,53.091,11.623,0.329,Alive,9.5,53.09105
38,6,8.4,50.808,8.752,0.248,Alive,8.4,50.807559999999995
38,7,7.6,49.147,6.976,0.198,Alive,7.6,49.14684
38,8,9.0,52.053,10.254,0.29,Alive,9.0,52.0531
38,9,15.0,64.508,34.764,0.984,Alive,15.0,64.5085
38,10,8.0,44.0,6.922,0.196,Alive,8.0,44.0
38,11,9.1,52.261,10.519,0.298,Alive,9.1,52.26069
38,12,10.7,55.582,15.365,0.435,Alive,10.7,55.58212999999999
38,13,10.5,55.167,14.695,0.416,Alive,10.5,55.16695
38,14,8.0,49.977,7.832,0.222,Alive,8.0,49.9772
38,15,7.6,49.147,6.976,0.198,Alive,7.6,49.14684
38,16,3.4,40.428,1.332,0.038,Alive,3.4,40.428059999999995
38,17,4.7,43.127,2.487,0.07,Alive,4.7,43.126729999999995
38,18,7.4,48.732,6.571,0.186,Alive,7.4,48.73166
38,19,9.4,52.883,11.341,0.321,Alive,9.4,52.88346
38,20,9.2,45.0,9.284,0.263,Alive,9.2,45.0
38,21,7.7,49.354,7.184,0.203,Alive,7.7,49.354429999999994
38,22,9.3,52.676,11.063,0.313,Alive,9.3,52.67587
38,23,7.6,49.147,6.976,0.198,Alive,7.6,49.14684
38,24,9.7,53.506,12.201,0.346,Alive,9.7,53.506229999999995
38,25,7.3,48.524,6.374,0.18,Alive,7.3,48.524069999999995
38,26,4.2,42.089,1.987,0.056,Alive,4.2,42.08878
38,27,4.0,41.674,1.806,0.051,Alive,4.0,41.67359999999999
38,28,6.9,47.694,5.624,0.159,Alive,6.9,47.69371
38,29,8.8,51.638,9.737,0.276,Alive,8.8,51.637919999999994
38,30,6.4,34.0,3.534,0.1,Alive,6.4,34.0
38,31,7.0,47.901,5.806,0.164,Alive,7.0,47.90129999999999
38,32,9.2,52.468,10.789,0.306,Alive,9.2,52.46827999999999
38,33,7.7,49.354,7.184,0.203,Alive,7.7,49.354429999999994
38,34,6.8,47.486,5.445,0.154,Alive,6.8,47.48612
38,35,4.4,42.504,2.178,0.062,Alive,4.4,42.50396
38,36,8.5,51.015,8.992,0.255,Alive,8.5,51.01514999999999
38,37,8.5,51.015,8.992,0.255,Alive,8.5,51.01514999999999
38,38,8.0,49.977,7.832,0.222,Alive,8.0,49.9772
38,39,8.0,49.977,7.832,0.222,Alive,8.0,49.9772
38,40,8.2,43.0,7.101,0.201,Alive,8.2,43.0
38,41,8.4,50.808,8.752,0.248,Alive,8.4,50.807559999999995
38,42,6.8,47.486,5.445,0.154,Alive,6.8,47.48612
38,43,8.4,50.808,8.752,0.248,Alive,8.4,50.807559999999995
38,44,8.4,50.808,8.752,0.248,Alive,8.4,50.807559999999995
38,45,7.4,48.732,6.571,0.186,Alive,7.4,48.73166
38,46,8.7,51.43,9.484,0.269,Alive,8.7,51.43033
39,1,6.8,47.486,5.445,0.154,Alive,6.8,47.48612
39,2,8.0,49.977,7.832,0.222,Alive,8.0,49.9772
39,3,9.3,52.676,11.063,0.313,Alive,9.3,52.67587
39,4,9.3,52.676,11.063,0.313,Alive,9.3,52.67587
39,5,8.3,50.6,8.516,0.241,Alive,8.3,50.59997
39,6,6.4,46.656,4.768,0.135,Alive,6.4,46.65576
39,7,7.3,48.524,6.374,0.18,Alive,7.3,48.524069999999995
39,8,9.6,53.299,11.91,0.337,Alive,9.6,53.29863999999999
39,9,8.2,50.392,8.284,0.235,Alive,8.2,50.39238
39,10,9.1,46.0,9.286,0.263,Alive,9.1,46.0
39,11,8.9,51.846,9.993,0.283,Alive,8.9,51.84551
39,12,6.6,47.071,5.099,0.144,Alive,6.6,47.07093999999999
39,13,7.8,49.562,7.396,0.209,Alive,7.8,49.56202
39,14,9.5,53.091,11.623,0.329,Alive,9.5,53.09105
39,15,9.0,52.053,10.254,0.29,Alive,9.0,52.0531
39,16,9.0,52.053,10.254,0.29,Alive,9.0,52.0531
39,17,6.4,46.656,4.768,0.135,Alive,6.4,46.65576
39,18,9.0,52.053,10.254,0.29,Alive,9.0,52.0531
39,19,8.0,49.977,7.832,0.222,Alive,8.0,49.9772
39,20,6.8,38.0,4.401,0.125,Alive,6.8,38.0
39,21,5.6,44.995,3.578,0.101,Alive,5.6,44.99504
39,22,7.3,48.524,6.374,0.18,Alive,7.3,48.524069999999995
39,23,5.7,45.203,3.715,0.105,Alive,5.7,45.20263
39,24,7.8,49.562,7.396,0.209,Alive,7.8,49.56202
39,25,6.1,46.033,4.296,0.122,Alive,6.1,46.03299
39,26,7.0,47.901,5.806,0.164,Alive,7.0,47.90129999999999
39,27,7.3,48.524,6.374,0.18,Alive,7.3,48.524069999999995
39,28,7.7,49.354,7.184,0.203,Alive,7.7,49.354429999999994
39,29,6.3,46.448,4.607,0.13,Alive,6.3,46.44817
39,30,9.2,45.0,9.284,0.263,Alive,9.2,45.0
39,31,5.9,45.618,3.999,0.113,Alive,5.9,45.61781
39,32,7.8,49.562,7.396,0.209,Alive,7.8,49.56202
39,33,8.2,50.392,8.284,0.235,Alive,8.2,50.39238
39,34,5.1,43.957,2.941,0.083,Alive,5.1,43.957089999999994
39,35,7.3,48.524,6.374,0.18,Alive,7.3,48.524069999999995
39,36,7.8,49.562,7.396,0.209,Alive,7.8,49.56202
39,37,5.5,44.787,3.444,0.098,Alive,5.5,44.78744999999999
39,38,8.6,51.223,9.236,0.262,Alive,8.6,51.222739999999995
39,39,8.8,51.638,9.737,0.276,Alive,8.8,51.637919999999994
39,40,7.2,40.0,5.155,0.146,Alive,7.2,40.0
39,41,8.3,50.6,8.516,0.241,Alive,8.3,50.59997
39,42,6.8,47.486,5.445,0.154,Alive,6.8,47.48612
39,43,7.7,49.354,7.184,0.203,Alive,7.7,49.354429999999994
39,44,6.8,47.486,5.445,0.154,Alive,6.8,47.48612
39,45,7.7,49.354,7.184,0.203,Alive,7.7,49.354429999999994
39,46,8.5,51.015,8.992,0.255,Alive,8.5,51.01514999999999
39,47,3.5,40.636,1.404,0.04,Alive,3.5,40.63565
39,48,6.7,47.279,5.271,0.149,Alive,6.7,47.27853
39,49,6.0,45.825,4.146,0.117,Alive,6.0,45.825399999999995
39,50,5.5,37.0,2.883,0.082,Alive,5.5,37.0
39,51,5.3,44.372,3.186,0.09,Alive,5.3,44.37227
39,52,6.2,46.241,4.45,0.126,Alive,6.2,46.240579999999994
39,53,6.2,46.241,4.45,0.126,Alive,6.2,46.240579999999994
39,54,8.0,49.977,7.832,0.222,Alive,8.0,49.9772
39,55,7.2,48.316,6.181,0.175,Alive,7.2,48.31648
39,56,8.1,50.185,8.056,0.228,Alive,8.1,50.18478999999999
39,57,9.1,52.261,10.519,0.298,Alive,9.1,52.26069
39,58,10.2,54.544,13.725,0.389,Alive,10.2,54.54418
39,59,8.6,51.223,9.236,0.262,Alive,8.6,51.222739999999995
40,1,6.7,47.279,5.271,0.149,Alive,6.7,47.27853
40,2,8.0,49.977,7.832,0.222,Alive,8.0,49.9772
40,3,9.3,52.676,11.063,0.313,Alive,9.3,52.67587
40,4,9.3,52.676,11.063,0.313,Alive,9.3,52.67587
40,5,8.4,50.808,8.752,0.248,Alive,8.4,50.807559999999995
40,6,6.4,46.656,4.768,0.135,Alive,6.4,46.65576
40,7,7.3,48.524,6.374,0.18,Alive,7.3,48.524069999999995
40,8,9.4,52.883,11.341,0.321,Alive,9.4,52.88346
40,9,8.0,49.977,7.832,0.222,Alive,8.0,49.9772
40,10,9.1,45.0,9.088,0.257,Alive,9.1,45.0
40,11,8.9,51.846,9.993,0.283,Alive,8.9,51.84551
40,12,6.6,47.071,5.099,0.144,Alive,6.6,47.07093999999999
40,13,8.0,49.977,7.832,0.222,Alive,8.0,49.9772
40,14,9.5,53.091,11.623,0.329,Alive,9.5,53.09105
40,15,9.0,52.053,10.254,0.29,Alive,9.0,52.0531
40,16,8.9,51.846,9.993,0.283,Alive,8.9,51.84551
40,17,6.4,46.656,4.768,0.135,Alive,6.4,46.65576
40,18,9.1,52.261,10.519,0.298,Alive,9.1,52.26069
40,19,7.9,49.77,7.612,0.216,Alive,7.9,49.76961
40,20,6.7,45.0,5.027,0.142,Alive,6.7,45.0
40,21,5.5,44.787,3.444,0.098,Alive,5.5,44.78744999999999
40,22,7.2,48.316,6.181,0.175,Alive,7.2,48.31648
40,23,5.7,45.203,3.715,0.105,Alive,5.7,45.20263
40,24,7.8,49.562,7.396,0.209,Alive,7.8,49.56202
40,25,6.1,46.033,4.296,0.122,Alive,6.1,46.03299
40,26,7.0,47.901,5.806,0.164,Alive,7.0,47.90129999999999
40,27,7.3,48.524,6.374,0.18,Alive,7.3,48.524069999999995
40,28,6.3,46.448,4.607,0.13,Alive,6.3,46.44817
40,29,9.2,52.468,10.789,0.306,Alive,9.2,52.46827999999999
40,30,5.9,47.0,4.113,0.116,Alive,5.9,47.0
40,31,7.8,49.562,7.396,0.209,Alive,7.8,49.56202
40,32,8.1,50.185,8.056,0.228,Alive,8.1,50.18478999999999
40,33,2.2,37.937,0.656,0.019,Alive,2.2,37.93698
40,34,5.2,44.165,3.062,0.087,Alive,5.2,44.16468
40,35,7.3,48.524,6.374,0.18,Alive,7.3,48.524069999999995
40,36,7.8,49.562,7.396,0.209,Alive,7.8,49.56202
40,37,5.6,44.995,3.578,0.101,Alive,5.6,44.99504
40,38,2.6,38.767,0.843,0.024,Alive,2.6,38.76734
40,39,8.7,51.43,9.484,0.269,Alive,8.7,51.43033
40,40,8.7,40.0,7.425,0.21,Alive,8.7,40.0
40,41,7.1,48.109,5.991,0.17,Alive,7.1,48.108889999999995
40,42,8.3,50.6,8.516,0.241,Alive,8.3,50.59997
40,43,6.9,47.694,5.624,0.159,Alive,6.9,47.69371
40,44,7.8,49.562,7.396,0.209,Alive,7.8,49.56202
40,45,6.8,47.486,5.445,0.154,Alive,6.8,47.48612
40,46,7.6,49.147,6.976,0.198,Alive,7.6,49.14684
40,47,8.4,50.808,8.752,0.248,Alive,8.4,50.807559999999995
40,48,3.5,40.636,1.404,0.04,Alive,3.5,40.63565
40,49,6.7,47.279,5.271,0.149,Alive,6.7,47.27853
40,50,6.0,42.0,3.818,0.108,Alive,6.0,42.0
40,51,5.3,44.372,3.186,0.09,Alive,5.3,44.37227
40,52,5.5,44.787,3.444,0.098,Alive,5.5,44.78744999999999
40,53,6.3,46.448,4.607,0.13,Alive,6.3,46.44817
40,54,6.2,46.241,4.45,0.126,Alive,6.2,46.240579999999994
40,55,8.0,49.977,7.832,0.222,Alive,8.0,49.9772
40,56,7.3,48.524,6.374,0.18,Alive,7.3,48.524069999999995
40,57,8.1,50.185,8.056,0.228,Alive,8.1,50.18478999999999
40,58,9.2,52.468,10.789,0.306,Alive,9.2,52.46827999999999
40,59,10.5,55.167,14.695,0.416,Alive,10.5,55.16695
40,60,8.7,39.0,7.245,0.205,Alive,8.7,39.0
41,1,3.8,41.258,1.637,0.046,Alive,3.8,41.258419999999994
41,2,5.3,44.372,3.186,0.09,Alive,5.3,44.37227
41,3,7.3,48.524,6.374,0.18,Alive,7.3,48.524069999999995
41,4,8.0,49.977,7.832,0.222,Alive,8.0,49.9772
41,5,9.6,53.299,11.91,0.337,Alive,9.6,53.29863999999999
41,6,8.6,51.223,9.236,0.262,Alive,8.6,51.222739999999995
41,7,6.9,47.694,5.624,0.159,Alive,6.9,47.69371
41,8,7.2,48.316,6.181,0.175,Alive,7.2,48.31648
41,9,7.0,47.901,5.806,0.164,Alive,7.0,47.90129999999999
41,10,6.9,47.0,5.545,0.157,Alive,6.9,47.0
41,11,4.7,43.127,2.487,0.07,Alive,4.7,43.126729999999995
41,12,8.8,51.638,9.737,0.276,Alive,8.8,51.637919999999994
41,13,8.6,51.223,9.236,0.262,Alive,8.6,51.222739999999995
41,14,7.0,47.901,5.806,0.164,Alive,7.0,47.90129999999999
41,15,8.8,51.638,9.737,0.276,Alive,8.8,51.637919999999994
41,16,8.3,50.6,8.516,0.241,Alive,8.3,50.59997
41,17,6.4,46.656,4.768,0.135,Alive,6.4,46.65576
41,18,7.5,48.939,6.771,0.192,Alive,7.5,48.939249999999994
41,19,8.0,49.977,7.832,0.222,Alive,8.0,49.9772
41,20,5.5,43.0,3.315,0.094,Alive,5.5,43.0
41,21,7.2,48.316,6.181,0.175,Alive,7.2,48.31648
41,22,8.2,50.392,8.284,0.235,Alive,8.2,50.39238
41,23,6.1,46.033,4.296,0.122,Alive,6.1,46.03299
41,24,5.5,44.787,3.444,0.098,Alive,5.5,44.78744999999999
41,25,6.0,45.825,4.146,0.117,Alive,6.0,45.825399999999995
41,26,9.1,52.261,10.519,0.298,Alive,9.1,52.26069
41,27,8.2,50.392,8.284,0.235,Alive,8.2,50.39238
41,28,7.6,49.147,6.976,0.198,Alive,7.6,49.14684
41,29,6.4,46.656,4.768,0.135,Alive,6.4,46.65576
41,30,8.4,48.0,8.28,0.234,Alive,8.4,48.0
41,31,6.9,47.694,5.624,0.159,Alive,6.9,47.69371
41,32,7.3,48.524,6.374,0.18,Alive,7.3,48.524069999999995
41,33,5.2,44.165,3.062,0.087,Alive,5.2,44.16468
41,34,5.9,45.618,3.999,0.113,Alive,5.9,45.61781
41,35,4.3,42.296,2.081,0.059,Alive,4.3,42.29637
41,36,7.7,49.354,7.184,0.203,Alive,7.7,49.354429999999994
41,37,8.4,50.808,8.752,0.248,Alive,8.4,50.807559999999995
41,38,5.1,43.957,2.941,0.083,Alive,5.1,43.957089999999994
41,39,4.2,42.089,1.987,0.056,Alive,4.2,42.08878
41,40,6.9,38.0,4.525,0.128,Alive,6.9,38.0
41,41,7.4,48.732,6.571,0.186,Alive,7.4,48.73166
41,42,4.5,42.712,2.278,0.065,Alive,4.5,42.711549999999995
41,43,5.2,44.165,3.062,0.087,Alive,5.2,44.16468
41,44,7.7,49.354,7.184,0.203,Alive,7.7,49.354429999999994
41,45,6.0,45.825,4.146,0.117,Alive,6.0,45.825399999999995
41,46,7.7,49.354,7.184,0.203,Alive,7.7,49.354429999999994
41,47,7.0,47.901,5.806,0.164,Alive,7.0,47.90129999999999
41,48,7.1,48.109,5.991,0.17,Alive,7.1,48.108889999999995
41,49,7.7,49.354,7.184,0.203,Alive,7.7,49.354429999999994
41,50,8.0,40.0,6.312,0.179,Alive,8.0,40.0
41,51,9.2,52.468,10.789,0.306,Alive,9.2,52.46827999999999
41,52,10.2,54.544,13.725,0.389,Alive,10.2,54.54418
41,53,8.1,50.185,8.056,0.228,Alive,8.1,50.18478999999999
41,54,9.0,52.053,10.254,0.29,Alive,9.0,52.0531
42,1,9.1,52.261,10.519,0.298,Alive,9.1,52.26069
42,2,5.6,44.995,3.578,0.101,Alive,5.6,44.99504
42,3,10.8,55.79,15.707,0.445,Alive,10.8,55.78972
42,4,8.9,51.846,9.993,0.283,Alive,8.9,51.84551
42,5,7.7,49.354,7.184,0.203,Alive,7.7,49.354429999999994
42,6,8.6,51.223,9.236,0.262,Alive,8.6,51.222739999999995
42,7,7.2,48.316,6.181,0.175,Alive,7.2,48.31648
42,8,9.7,53.506,12.201,0.346,Alive,9.7,53.506229999999995
42,9,9.0,52.053,10.254,0.29,Alive,9.0,52.0531
42,10,7.9,47.0,7.201,0.204,Alive,7.9,47.0
42,11,9.5,53.091,11.623,0.329,Alive,9.5,53.09105
42,12,8.0,49.977,7.832,0.222,Alive,8.0,49.9772
42,13,7.4,48.732,6.571,0.186,Alive,7.4,48.73166
42,14,9.5,53.091,11.623,0.329,Alive,9.5,53.09105
42,15,8.1,50.185,8.056,0.228,Alive,8.1,50.18478999999999
42,16,9.1,52.261,10.519,0.298,Alive,9.1,52.26069
42,17,8.4,50.808,8.752,0.248,Alive,8.4,50.807559999999995
42,18,9.8,53.714,12.497,0.354,Alive,9.8,53.71382
42,19,6.9,47.694,5.624,0.159,Alive,6.9,47.69371
42,20,6.7,39.0,4.386,0.124,Alive,6.7,39.0
42,21,7.5,48.939,6.771,0.192,Alive,7.5,48.939249999999994
42,22,7.4,48.732,6.571,0.186,Alive,7.4,48.73166
42,23,4.1,41.881,1.895,0.054,Alive,4.1,41.88119
42,24,7.4,48.732,6.571,0.186,Alive,7.4,48.73166
42,25,7.5,48.939,6.771,0.192,Alive,7.5,48.939249999999994
42,26,8.7,51.43,9.484,0.269,Alive,8.7,51.43033
42,27,8.0,49.977,7.832,0.222,Alive,8.0,49.9772
42,28,9.1,52.261,10.519,0.298,Alive,9.1,52.26069
42,29,6.7,47.279,5.271,0.149,Alive,6.7,47.27853
42,30,7.6,54.0,7.643,0.216,Alive,7.6,54.0
42,31,8.8,51.638,9.737,0.276,Alive,8.8,51.637919999999994
42,32,9.6,53.299,11.91,0.337,Alive,9.6,53.29863999999999
42,33,5.5,44.787,3.444,0.098,Alive,5.5,44.78744999999999
42,34,8.0,49.977,7.832,0.222,Alive,8.0,49.9772
42,35,6.7,47.279,5.271,0.149,Alive,6.7,47.27853
42,36,4.9,43.542,2.708,0.077,Alive,4.9,43.54191
42,37,6.1,46.033,4.296,0.122,Alive,6.1,46.03299
42,38,5.3,44.372,3.186,0.09,Alive,5.3,44.37227
42,39,9.6,53.299,11.91,0.337,Alive,9.6,53.29863999999999
42,40,6.9,41.0,4.865,0.138,Alive,6.9,41.0
42,41,7.0,47.901,5.806,0.164,Alive,7.0,47.90129999999999
42,42,7.3,48.524,6.374,0.18,Alive,7.3,48.524069999999995
42,43,7.5,48.939,6.771,0.192,Alive,7.5,48.939249999999994
42,44,8.7,51.43,9.484,0.269,Alive,8.7,51.43033
42,45,5.5,44.787,3.444,0.098,Alive,5.5,44.78744999999999
42,46,7.7,49.354,7.184,0.203,Alive,7.7,49.354429999999994
42,47,7.1,48.109,5.991,0.17,Alive,7.1,48.108889999999995
42,48,5.6,44.995,3.578,0.101,Alive,5.6,44.99504
42,49,4.7,43.127,2.487,0.07,Alive,4.7,43.126729999999995
42,50,7.9,41.0,6.309,0.179,Alive,7.9,41.0
42,51,6.5,46.863,4.932,0.14,Alive,6.5,46.86335
42,52,3.6,40.843,1.479,0.042,Alive,3.6,40.843239999999994
42,53,2.3,38.145,0.7,0.02,Alive,2.3,38.144569999999995
42,54,7.3,48.524,6.374,0.18,Alive,7.3,48.524069999999995
42,55,8.4,50.808,8.752,0.248,Alive,8.4,50.807559999999995
42,56,6.4,46.656,4.768,0.135,Alive,6.4,46.65576
42,57,7.1,48.109,5.991,0.17,Alive,7.1,48.108889999999995
42,58,6.2,46.241,4.45,0.126,Alive,6.2,46.240579999999994
42,59,9.1,52.261,10.519,0.298,Alive,9.1,52.26069
43,1,10.3,54.752,14.044,0.398,Alive,10.3,54.75176999999999
43,2,8.1,50.185,8.056,0.228,Alive,8.1,50.18478999999999
43,3,9.2,52.468,10.789,0.306,Alive,9.2,52.46827999999999
43,4,9.3,52.676,11.063,0.313,Alive,9.3,52.67587
43,5,7.1,48.109,5.991,0.17,Alive,7.1,48.108889999999995
43,6,9.6,53.299,11.91,0.337,Alive,9.6,53.29863999999999
43,7,8.5,51.015,8.992,0.255,Alive,8.5,51.01514999999999
43,8,5.0,43.75,2.823,0.08,Alive,5.0,43.7495
43,9,6.0,45.825,4.146,0.117,Alive,6.0,45.825399999999995
43,10,10.2,47.0,11.857,0.336,Alive,10.2,47.0
43,11,7.7,49.354,7.184,0.203,Alive,7.7,49.354429999999994
43,12,8.3,50.6,8.516,0.241,Alive,8.3,50.59997
43,13,5.2,44.165,3.062,0.087,Alive,5.2,44.16468
43,14,6.2,46.241,4.45,0.126,Alive,6.2,46.240579999999994
43,15,9.4,52.883,11.341,0.321,Alive,9.4,52.88346
43,16,8.2,50.392,8.284,0.235,Alive,8.2,50.39238
43,17,5.7,45.203,3.715,0.105,Alive,5.7,45.20263
43,18,6.4,46.656,4.768,0.135,Alive,6.4,46.65576
43,19,7.1,48.109,5.991,0.17,Alive,7.1,48.108889999999995
43,20,8.1,45.0,7.246,0.205,Alive,8.1,45.0
43,21,9.5,53.091,11.623,0.329,Alive,9.5,53.09105
43,22,8.6,51.223,9.236,0.262,Alive,8.6,51.222739999999995
43,23,8.0,49.977,7.832,0.222,Alive,8.0,49.9772
43,24,3.2,40.013,1.195,0.034,Alive,3.2,40.01288
43,25,4.5,42.712,2.278,0.065,Alive,4.5,42.711549999999995
43,26,4.7,43.127,2.487,0.07,Alive,4.7,43.126729999999995
43,27,9.6,53.299,11.91,0.337,Alive,9.6,53.29863999999999
43,28,6.5,46.863,4.932,0.14,Alive,6.5,46.86335
43,29,7.5,48.939,6.771,0.192,Alive,7.5,48.939249999999994
43,30,4.0,47.0,2.009,0.057,Alive,4.0,47.0
43,31,7.2,48.316,6.181,0.175,Alive,7.2,48.31648
43,32,8.0,49.977,7.832,0.222,Alive,8.0,49.9772
43,33,6.1,46.033,4.296,0.122,Alive,6.1,46.03299
43,34,5.2,44.165,3.062,0.087,Alive,5.2,44.16468
43,35,7.5,48.939,6.771,0.192,Alive,7.5,48.939249999999994
43,36,7.5,48.939,6.771,0.192,Alive,7.5,48.939249999999994
43,37,7.4,48.732,6.571,0.186,Alive,7.4,48.73166
43,38,8.2,50.392,8.284,0.235,Alive,8.2,50.39238
43,39,7.2,48.316,6.181,0.175,Alive,7.2,48.31648
43,40,5.0,44.0,2.837,0.08,Alive,5.0,44.0
43,41,8.0,49.977,7.832,0.222,Alive,8.0,49.9772
43,42,8.3,50.6,8.516,0.241,Alive,8.3,50.59997
43,43,7.9,49.77,7.612,0.216,Alive,7.9,49.76961
43,44,10.8,55.79,15.707,0.445,Alive,10.8,55.78972
43,45,8.5,51.015,8.992,0.255,Alive,8.5,51.01514999999999
43,46,8.7,51.43,9.484,0.269,Alive,8.7,51.43033
43,47,8.9,51.846,9.993,0.283,Alive,8.9,51.84551
43,48,7.3,48.524,6.374,0.18,Alive,7.3,48.524069999999995
43,49,4.7,43.127,2.487,0.07,Alive,4.7,43.126729999999995
43,50,6.1,38.0,3.585,0.102,Alive,6.1,38.0
43,51,6.8,47.486,5.445,0.154,Alive,6.8,47.48612
43,52,6.4,46.656,4.768,0.135,Alive,6.4,46.65576
43,53,3.6,40.843,1.479,0.042,Alive,3.6,40.843239999999994
43,54,3.2,40.013,1.195,0.034,Alive,3.2,40.01288
43,55,6.4,46.656,4.768,0.135,Alive,6.4,46.65576
43,56,6.8,47.486,5.445,0.154,Alive,6.8,47.48612
43,57,7.3,48.524,6.374,0.18,Alive,7.3,48.524069999999995
43,58,4.8,43.334,2.596,0.074,Alive,4.8,43.33432
43,59,6.5,46.863,4.932,0.14,Alive,6.5,46.86335
43,60,8.5,47.0,8.301,0.235,Alive,8.5,47.0
44,1,6.2,46.241,4.45,0.126,Alive,6.2,46.240579999999994
44,2,7.6,49.147,6.976,0.198,Alive,7.6,49.14684
44,3,7.9,49.77,7.612,0.216,Alive,7.9,49.76961
44,4,8.8,51.638,9.737,0.276,Alive,8.8,51.637919999999994
44,5,7.7,49.354,7.184,0.203,Alive,7.7,49.354429999999994
44,6,10.2,54.544,13.725,0.389,Alive,10.2,54.54418
44,7,10.1,54.337,13.412,0.38,Alive,10.1,54.336589999999994
44,8,8.6,51.223,9.236,0.262,Alive,8.6,51.222739999999995
44,9,8.3,50.6,8.516,0.241,Alive,8.3,50.59997
44,10,7.5,44.0,6.11,0.173,Alive,7.5,44.0
44,11,8.5,51.015,8.992,0.255,Alive,8.5,51.01514999999999
44,12,8.5,51.015,8.992,0.255,Alive,8.5,51.01514999999999
44,13,9.9,53.921,12.797,0.362,Alive,9.9,53.921409999999995
44,14,10.9,55.997,16.054,0.455,Alive,10.9,55.99731
44,15,8.3,50.6,8.516,0.241,Alive,8.3,50.59997
44,16,3.9,41.466,1.721,0.049,Alive,3.9,41.46601
44,17,5.5,44.787,3.444,0.098,Alive,5.5,44.78744999999999
44,18,9.0,52.053,10.254,0.29,Alive,9.0,52.0531
44,19,7.2,48.316,6.181,0.175,Alive,7.2,48.31648
44,20,7.8,36.0,5.432,0.154,Alive,7.8,36.0
44,21,7.3,48.524,6.374,0.18,Alive,7.3,48.524069999999995
44,22,6.5,46.863,4.932,0.14,Alive,6.5,46.86335
44,23,7.8,49.562,7.396,0.209,Alive,7.8,49.56202
44,24,8.3,50.6,8.516,0.241,Alive,8.3,50.59997
44,25,3.8,41.258,1.637,0.046,Alive,3.8,41.258419999999994
44,26,8.1,50.185,8.056,0.228,Alive,8.1,50.18478999999999
44,27,4.7,43.127,2.487,0.07,Alive,4.7,43.126729999999995
44,28,7.8,49.562,7.396,0.209,Alive,7.8,49.56202
44,29,9.5,53.091,11.623,0.329,Alive,9.5,53.09105
44,30,5.1,50.0,3.315,0.094,Alive,5.1,50.0
44,31,5.1,43.957,2.941,0.083,Alive,5.1,43.957089999999994
44,32,8.2,50.392,8.284,0.235,Alive,8.2,50.39238
44,33,7.6,49.147,6.976,0.198,Alive,7.6,49.14684
44,34,4.3,42.296,2.081,0.059,Alive,4.3,42.29637
44,35,7.4,48.732,6.571,0.186,Alive,7.4,48.73166
44,36,8.5,51.015,8.992,0.255,Alive,8.5,51.01514999999999
44,37,8.1,50.185,8.056,0.228,Alive,8.1,50.18478999999999
44,38,6.7,47.279,5.271,0.149,Alive,6.7,47.27853
44,39,8.6,51.223,9.236,0.262,Alive,8.6,51.222739999999995
44,40,8.9,43.0,8.326,0.236,Alive,8.9,43.0
44,41,9.9,53.921,12.797,0.362,Alive,9.9,53.921409999999995
44,42,12.9,60.149,24.042,0.681,Alive,12.9,60.14910999999999
44,43,8.2,50.392,8.284,0.235,Alive,8.2,50.39238
44,44,8.9,51.846,9.993,0.283,Alive,8.9,51.84551
44,45,4.2,42.089,1.987,0.056,Alive,4.2,42.08878
44,46,7.6,49.147,6.976,0.198,Alive,7.6,49.14684
44,47,8.5,51.015,8.992,0.255,Alive,8.5,51.01514999999999
44,48,6.9,47.694,5.624,0.159,Alive,6.9,47.69371
44,49,8.4,50.808,8.752,0.248,Alive,8.4,50.807559999999995
44,50,6.1,44.0,4.116,0.117,Alive,6.1,44.0
44,51,7.6,49.147,6.976,0.198,Alive,7.6,49.14684
44,52,9.2,52.468,10.789,0.306,Alive,9.2,52.46827999999999
44,53,5.0,43.75,2.823,0.08,Alive,5.0,43.7495
44,54,10.3,54.752,14.044,0.398,Alive,10.3,54.75176999999999
44,55,8.9,51.846,9.993,0.283,Alive,8.9,51.84551
44,56,9.3,52.676,11.063,0.313,Alive,9.3,52.67587
44,57,9.5,53.091,11.623,0.329,Alive,9.5,53.09105
44,58,6.7,47.279,5.271,0.149,Alive,6.7,47.27853
44,59,7.1,48.109,5.991,0.17,Alive,7.1,48.108889999999995
44,60,9.2,41.0,8.479,0.24,Alive,9.2,41.0
45,1,9.3,52.676,11.063,0.313,Alive,9.3,52.67587
45,2,8.6,51.223,9.236,0.262,Alive,8.6,51.222739999999995
45,3,9.7,53.506,12.201,0.346,Alive,9.7,53.506229999999995
45,4,7.3,48.524,6.374,0.18,Alive,7.3,48.524069999999995
45,5,8.5,51.015,8.992,0.255,Alive,8.5,51.01514999999999
45,6,8.0,49.977,7.832,0.222,Alive,8.0,49.9772
45,7,10.6,55.375,15.028,0.426,Alive,10.6,55.37454
45,8,8.9,51.846,9.993,0.283,Alive,8.9,51.84551
45,9,10.5,55.167,14.695,0.416,Alive,10.5,55.16695
45,10,4.7,39.0,2.27,0.064,Alive,4.7,39.0
45,11,9.3,52.676,11.063,0.313,Alive,9.3,52.67587
45,12,8.0,49.977,7.832,0.222,Alive,8.0,49.9772
45,13,7.1,48.109,5.991,0.17,Alive,7.1,48.108889999999995
45,14,8.3,50.6,8.516,0.241,Alive,8.3,50.59997
45,15,8.4,50.808,8.752,0.248,Alive,8.4,50.807559999999995
45,16,7.1,48.109,5.991,0.17,Alive,7.1,48.108889999999995
45,17,6.2,46.241,4.45,0.126,Alive,6.2,46.240579999999994
45,18,8.2,50.392,8.284,0.235,Alive,8.2,50.39238
45,19,6.6,47.071,5.099,0.144,Alive,6.6,47.07093999999999
45,20,8.8,47.0,8.882,0.252,Alive,8.8,47.0
45,21,6.8,47.486,5.445,0.154,Alive,6.8,47.48612
45,22,6.5,46.863,4.932,0.14,Alive,6.5,46.86335
45,23,7.9,49.77,7.612,0.216,Alive,7.9,49.76961
45,24,8.1,50.185,8.056,0.228,Alive,8.1,50.18478999999999
45,25,8.8,51.638,9.737,0.276,Alive,8.8,51.637919999999994
45,26,8.7,51.43,9.484,0.269,Alive,8.7,51.43033
45,27,8.7,51.43,9.484,0.269,Alive,8.7,51.43033
45,28,9.2,52.468,10.789,0.306,Alive,9.2,52.46827999999999
45,29,9.3,52.676,11.063,0.313,Alive,9.3,52.67587
45,30,8.5,47.0,8.301,0.235,Alive,8.5,47.0
45,31,8.8,51.638,9.737,0.276,Alive,8.8,51.637919999999994
45,32,7.9,49.77,7.612,0.216,Alive,7.9,49.76961
45,33,7.0,47.901,5.806,0.164,Alive,7.0,47.90129999999999
45,34,9.3,52.676,11.063,0.313,Alive,9.3,52.67587
45,35,6.7,47.279,5.271,0.149,Alive,6.7,47.27853
45,36,7.0,47.901,5.806,0.164,Alive,7.0,47.90129999999999
45,37,8.1,50.185,8.056,0.228,Alive,8.1,50.18478999999999
45,38,9.4,52.883,11.341,0.321,Alive,9.4,52.88346
45,39,7.5,48.939,6.771,0.192,Alive,7.5,48.939249999999994
45,40,8.5,51.0,8.989,0.255,Alive,8.5,51.0
45,41,9.3,52.676,11.063,0.313,Alive,9.3,52.67587
45,42,7.7,49.354,7.184,0.203,Alive,7.7,49.354429999999994
45,43,7.1,48.109,5.991,0.17,Alive,7.1,48.108889999999995
45,44,8.7,51.43,9.484,0.269,Alive,8.7,51.43033
45,45,7.4,48.732,6.571,0.186,Alive,7.4,48.73166
45,46,8.5,51.015,8.992,0.255,Alive,8.5,51.01514999999999
45,47,8.9,51.846,9.993,0.283,Alive,8.9,51.84551
45,48,7.0,47.901,5.806,0.164,Alive,7.0,47.90129999999999
45,49,9.6,53.299,11.91,0.337,Alive,9.6,53.29863999999999
45,50,7.5,45.0,6.244,0.177,Alive,7.5,45.0
45,51,7.8,49.562,7.396,0.209,Alive,7.8,49.56202
45,52,8.2,50.392,8.284,0.235,Alive,8.2,50.39238
45,53,3.9,41.466,1.721,0.049,Alive,3.9,41.46601
45,54,7.6,49.147,6.976,0.198,Alive,7.6,49.14684
45,55,6.8,47.486,5.445,0.154,Alive,6.8,47.48612
45,56,3.3,40.22,1.262,0.036,Alive,3.3,40.22047
45,57,6.4,46.656,4.768,0.135,Alive,6.4,46.65576
45,58,8.7,51.43,9.484,0.269,Alive,8.7,51.43033
45,59,5.2,44.165,3.062,0.087,Alive,5.2,44.16468
45,60,5.6,48.0,3.802,0.108,Alive,5.6,48.0
46,1,9.6,53.299,11.91,0.337,Alive,9.6,53.29863999999999
46,2,9.0,52.053,10.254,0.29,Alive,9.0,52.0531
46,3,7.9,49.77,7.612,0.216,Alive,7.9,49.76961
46,4,10.2,54.544,13.725,0.389,Alive,10.2,54.54418
46,5,10.4,54.959,14.367,0.407,Alive,10.4,54.95936
46,6,6.6,47.071,5.099,0.144,Alive,6.6,47.07093999999999
46,7,4.5,42.712,2.278,0.065,Alive,4.5,42.711549999999995
46,8,10.2,54.544,13.725,0.389,Alive,10.2,54.54418
46,9,7.3,48.524,6.374,0.18,Alive,7.3,48.524069999999995
46,10,9.2,49.0,10.09,0.286,Alive,9.2,49.0
46,11,9.9,53.921,12.797,0.362,Alive,9.9,53.921409999999995
46,12,9.8,53.714,12.497,0.354,Alive,9.8,53.71382
46,13,9.1,52.261,10.519,0.298,Alive,9.1,52.26069
46,14,7.1,48.109,5.991,0.17,Alive,7.1,48.108889999999995
46,15,7.6,49.147,6.976,0.198,Alive,7.6,49.14684
46,16,7.9,49.77,7.612,0.216,Alive,7.9,49.76961
46,17,5.3,44.372,3.186,0.09,Alive,5.3,44.37227
46,18,6.5,46.863,4.932,0.14,Alive,6.5,46.86335
46,19,8.1,50.185,8.056,0.228,Alive,8.1,50.18478999999999
46,20,6.7,35.0,3.959,0.112,Alive,6.7,35.0
46,21,8.7,51.43,9.484,0.269,Alive,8.7,51.43033
46,22,8.5,51.015,8.992,0.255,Alive,8.5,51.01514999999999
46,23,6.5,46.863,4.932,0.14,Alive,6.5,46.86335
46,24,7.7,49.354,7.184,0.203,Alive,7.7,49.354429999999994
46,25,3.9,41.466,1.721,0.049,Alive,3.9,41.46601
46,26,7.0,47.901,5.806,0.164,Alive,7.0,47.90129999999999
46,27,9.3,52.676,11.063,0.313,Alive,9.3,52.67587
46,28,8.5,51.015,8.992,0.255,Alive,8.5,51.01514999999999
46,29,9.6,53.299,11.91,0.337,Alive,9.6,53.29863999999999
46,30,9.3,53.0,11.129,0.315,Alive,9.3,53.0
46,31,9.3,52.676,11.063,0.313,Alive,9.3,52.67587
46,32,7.2,48.316,6.181,0.175,Alive,7.2,48.31648
46,33,7.8,49.562,7.396,0.209,Alive,7.8,49.56202
46,34,8.7,51.43,9.484,0.269,Alive,8.7,51.43033
46,35,5.4,44.58,3.313,0.094,Alive,5.4,44.57986
46,36,5.6,44.995,3.578,0.101,Alive,5.6,44.99504
46,37,6.4,46.656,4.768,0.135,Alive,6.4,46.65576
46,38,10.0,54.129,13.102,0.371,Alive,10.0,54.129
46,39,8.5,51.015,8.992,0.255,Alive,8.5,51.01514999999999
46,40,6.4,50.0,5.094,0.144,Alive,6.4,50.0
46,41,8.1,50.185,8.056,0.228,Alive,8.1,50.18478999999999
46,42,9.6,53.299,11.91,0.337,Alive,9.6,53.29863999999999
46,43,9.0,52.053,10.254,0.29,Alive,9.0,52.0531
46,44,8.8,51.638,9.737,0.276,Alive,8.8,51.637919999999994
46,45,9.0,52.053,10.254,0.29,Alive,9.0,52.0531
46,46,6.3,46.448,4.607,0.13,Alive,6.3,46.44817
46,47,7.7,49.354,7.184,0.203,Alive,7.7,49.354429999999994
46,48,6.8,47.486,5.445,0.154,Alive,6.8,47.48612
46,49,8.0,49.977,7.832,0.222,Alive,8.0,49.9772
46,50,4.1,33.0,1.54,0.044,Alive,4.1,33.0
46,51,6.2,46.241,4.45,0.126,Alive,6.2,46.240579999999994
46,52,5.5,44.787,3.444,0.098,Alive,5.5,44.78744999999999
46,53,7.4,48.732,6.571,0.186,Alive,7.4,48.73166
46,54,0.0,33.37,0.219,0.006,Alive,0.0,33.37
46,55,8.5,51.015,8.992,0.255,Alive,8.5,51.01514999999999
46,56,8.4,50.808,8.752,0.248,Alive,8.4,50.807559999999995
46,57,7.5,48.939,6.771,0.192,Alive,7.5,48.939249999999994
46,58,7.9,49.77,7.612,0.216,Alive,7.9,49.76961
46,59,5.2,44.165,3.062,0.087,Alive,5.2,44.16468
46,60,8.4,41.0,7.105,0.201,Alive,8.4,41.0
47,1,10.7,55.582,15.365,0.435,Alive,10.7,55.58212999999999
47,2,5.3,44.372,3.186,0.09,Alive,5.3,44.37227
47,3,8.4,50.808,8.752,0.248,Alive,8.4,50.807559999999995
47,4,7.6,49.147,6.976,0.198,Alive,7.6,49.14684
47,5,7.7,49.354,7.184,0.203,Alive,7.7,49.354429999999994
47,6,11.6,57.45,18.618,0.527,Alive,11.6,57.45043999999999
47,7,10.0,54.129,13.102,0.371,Alive,10.0,54.129
47,8,10.2,54.544,13.725,0.389,Alive,10.2,54.54418
47,9,9.1,52.261,10.519,0.298,Alive,9.1,52.26069
47,10,11.0,46.0,13.467,0.381,Alive,11.0,46.0
47,11,9.0,52.053,10.254,0.29,Alive,9.0,52.0531
47,12,8.0,49.977,7.832,0.222,Alive,8.0,49.9772
47,13,7.9,49.77,7.612,0.216,Alive,7.9,49.76961
47,14,7.6,49.147,6.976,0.198,Alive,7.6,49.14684
47,15,9.0,52.053,10.254,0.29,Alive,9.0,52.0531
47,16,8.5,51.015,8.992,0.255,Alive,8.5,51.01514999999999
47,17,7.1,48.109,5.991,0.17,Alive,7.1,48.108889999999995
47,18,3.4,40.428,1.332,0.038,Alive,3.4,40.428059999999995
47,19,6.7,47.279,5.271,0.149,Alive,6.7,47.27853
47,20,7.3,46.0,6.054,0.171,Alive,7.3,46.0
47,21,8.3,50.6,8.516,0.241,Alive,8.3,50.59997
47,22,7.2,48.316,6.181,0.175,Alive,7.2,48.31648
47,23,9.6,53.299,11.91,0.337,Alive,9.6,53.29863999999999
47,24,6.6,47.071,5.099,0.144,Alive,6.6,47.07093999999999
47,25,7.2,48.316,6.181,0.175,Alive,7.2,48.31648
47,26,9.1,52.261,10.519,0.298,Alive,9.1,52.26069
47,27,6.4,46.656,4.768,0.135,Alive,6.4,46.65576
47,28,8.5,51.015,8.992,0.255,Alive,8.5,51.01514999999999
47,29,1.0,35.446,0.304,0.009,Alive,1.0,35.445899999999995
47,30,9.1,49.0,9.877,0.28,Alive,9.1,49.0
47,31,6.6,47.071,5.099,0.144,Alive,6.6,47.07093999999999
47,32,10.0,54.129,13.102,0.371,Alive,10.0,54.129
47,33,7.0,47.901,5.806,0.164,Alive,7.0,47.90129999999999
47,34,9.2,52.468,10.789,0.306,Alive,9.2,52.46827999999999
47,35,9.6,53.299,11.91,0.337,Alive,9.6,53.29863999999999
47,36,8.6,51.223,9.236,0.262,Alive,8.6,51.222739999999995
47,37,8.1,50.185,8.056,0.228,Alive,8.1,50.18478999999999
47,38,4.4,42.504,2.178,0.062,Alive,4.4,42.50396
47,39,7.2,48.316,6.181,0.175,Alive,7.2,48.31648
47,40,8.7,52.0,9.587,0.271,Alive,8.7,52.0
47,41,7.2,48.316,6.181,0.175,Alive,7.2,48.31648
47,42,8.6,51.223,9.236,0.262,Alive,8.6,51.222739999999995
47,43,8.1,50.185,8.056,0.228,Alive,8.1,50.18478999999999
47,44,7.7,49.354,7.184,0.203,Alive,7.7,49.354429999999994
47,45,7.9,49.77,7.612,0.216,Alive,7.9,49.76961
47,46,7.8,49.562,7.396,0.209,Alive,7.8,49.56202
47,47,8.5,51.015,8.992,0.255,Alive,8.5,51.01514999999999
47,48,8.6,51.223,9.236,0.262,Alive,8.6,51.222739999999995
47,49,8.0,49.977,7.832,0.222,Alive,8.0,49.9772
47,50,8.7,52.0,9.587,0.271,Alive,8.7,52.0
47,51,6.1,46.033,4.296,0.122,Alive,6.1,46.03299
47,52,4.2,42.089,1.987,0.056,Alive,4.2,42.08878
47,53,6.9,47.694,5.624,0.159,Alive,6.9,47.69371
47,54,6.6,47.071,5.099,0.144,Alive,6.6,47.07093999999999
47,55,7.0,47.901,5.806,0.164,Alive,7.0,47.90129999999999
47,56,6.3,46.448,4.607,0.13,Alive,6.3,46.44817
47,57,3.8,41.258,1.637,0.046,Alive,3.8,41.258419999999994
47,58,6.8,47.486,5.445,0.154,Alive,6.8,47.48612
47,59,7.8,49.562,7.396,0.209,Alive,7.8,49.56202
47,60,8.6,44.0,7.965,0.226,Alive,8.6,44.0
48,1,6.4,46.656,4.768,0.135,Alive,6.4,46.65576
48,2,7.3,48.524,6.374,0.18,Alive,7.3,48.524069999999995
48,3,10.1,54.337,13.412,0.38,Alive,10.1,54.336589999999994
48,4,6.6,47.071,5.099,0.144,Alive,6.6,47.07093999999999
48,5,5.4,44.58,3.313,0.094,Alive,5.4,44.57986
48,6,7.3,48.524,6.374,0.18,Alive,7.3,48.524069999999995
48,7,4.7,43.127,2.487,0.07,Alive,4.7,43.126729999999995
48,8,9.8,53.714,12.497,0.354,Alive,9.8,53.71382
48,9,4.9,43.542,2.708,0.077,Alive,4.9,43.54191
48,10,5.8,49.0,4.143,0.117,Alive,5.8,49.0
48,11,6.8,47.486,5.445,0.154,Alive,6.8,47.48612
48,12,4.9,43.542,2.708,0.077,Alive,4.9,43.54191
48,13,8.1,50.185,8.056,0.228,Alive,8.1,50.18478999999999
48,14,7.7,49.354,7.184,0.203,Alive,7.7,49.354429999999994
48,15,8.1,50.185,8.056,0.228,Alive,8.1,50.18478999999999
48,16,8.8,51.638,9.737,0.276,Alive,8.8,51.637919999999994
48,17,9.7,53.506,12.201,0.346,Alive,9.7,53.506229999999995
48,18,7.6,49.147,6.976,0.198,Alive,7.6,49.14684
48,19,4.4,42.504,2.178,0.062,Alive,4.4,42.50396
48,20,8.1,57.0,9.12,0.258,Alive,8.1,57.0
48,21,7.8,49.562,7.396,0.209,Alive,7.8,49.56202
48,22,7.3,48.524,6.374,0.18,Alive,7.3,48.524069999999995
48,23,8.5,51.015,8.992,0.255,Alive,8.5,51.01514999999999
48,24,6.8,47.486,5.445,0.154,Alive,6.8,47.48612
48,25,7.1,48.109,5.991,0.17,Alive,7.1,48.108889999999995
48,26,3.6,40.843,1.479,0.042,Alive,3.6,40.843239999999994
48,27,7.6,49.147,6.976,0.198,Alive,7.6,49.14684
48,28,7.3,48.524,6.374,0.18,Alive,7.3,48.524069999999995
48,29,7.9,49.77,7.612,0.216,Alive,7.9,49.76961
48,30,7.8,52.0,7.749,0.219,Alive,7.8,52.0
48,31,8.9,51.846,9.993,0.283,Alive,8.9,51.84551
48,32,8.3,50.6,8.516,0.241,Alive,8.3,50.59997
48,33,11.4,57.035,17.861,0.506,Alive,11.4,57.035259999999994
48,34,7.8,49.562,7.396,0.209,Alive,7.8,49.56202
48,35,8.4,50.808,8.752,0.248,Alive,8.4,50.807559999999995
48,36,7.9,49.77,7.612,0.216,Alive,7.9,49.76961
48,37,8.2,50.392,8.284,0.235,Alive,8.2,50.39238
48,38,8.7,51.43,9.484,0.269,Alive,8.7,51.43033
48,39,8.3,50.6,8.516,0.241,Alive,8.3,50.59997
48,40,7.9,55.0,8.389,0.238,Alive,7.9,55.0
48,41,7.4,48.732,6.571,0.186,Alive,7.4,48.73166
48,42,7.7,49.354,7.184,0.203,Alive,7.7,49.354429999999994
48,43,7.0,47.901,5.806,0.164,Alive,7.0,47.90129999999999
48,44,8.4,50.808,8.752,0.248,Alive,8.4,50.807559999999995
48,45,9.1,52.261,10.519,0.298,Alive,9.1,52.26069
48,46,8.1,50.185,8.056,0.228,Alive,8.1,50.18478999999999
48,47,4.3,42.296,2.081,0.059,Alive,4.3,42.29637
48,48,10.4,54.959,14.367,0.407,Alive,10.4,54.95936
48,49,7.0,47.901,5.806,0.164,Alive,7.0,47.90129999999999
48,50,5.9,41.0,3.616,0.102,Alive,5.9,41.0
48,51,9.0,52.053,10.254,0.29,Alive,9.0,52.0531
48,52,8.7,51.43,9.484,0.269,Alive,8.7,51.43033
48,53,9.0,52.053,10.254,0.29,Alive,9.0,52.0531
48,54,8.6,51.223,9.236,0.262,Alive,8.6,51.222739999999995
48,55,8.5,51.015,8.992,0.255,Alive,8.5,51.01514999999999
48,56,3.1,39.805,1.13,0.032,Alive,3.1,39.80529
48,57,6.5,46.863,4.932,0.14,Alive,6.5,46.86335
48,58,8.2,50.392,8.284,0.235,Alive,8.2,50.39238
48,59,4.9,43.542,2.708,0.077,Alive,4.9,43.54191
48,60,6.5,38.0,4.041,0.114,Alive,6.5,38.0
49,1,9.1,52.261,10.519,0.298,Alive,9.1,52.26069
49,2,5.4,44.58,3.313,0.094,Alive,5.4,44.57986
49,3,7.7,49.354,7.184,0.203,Alive,7.7,49.354429999999994
49,4,10.8,55.79,15.707,0.445,Alive,10.8,55.78972
49,5,7.5,48.939,6.771,0.192,Alive,7.5,48.939249999999994
49,6,10.6,55.375,15.028,0.426,Alive,10.6,55.37454
49,7,8.7,51.43,9.484,0.269,Alive,8.7,51.43033
49,8,9.6,53.299,11.91,0.337,Alive,9.6,53.29863999999999
49,9,9.0,52.053,10.254,0.29,Alive,9.0,52.0531
49,10,7.1,46.0,5.738,0.162,Alive,7.1,46.0
49,11,8.0,49.977,7.832,0.222,Alive,8.0,49.9772
49,12,8.0,49.977,7.832,0.222,Alive,8.0,49.9772
49,13,8.1,50.185,8.056,0.228,Alive,8.1,50.18478999999999
49,14,7.7,49.354,7.184,0.203,Alive,7.7,49.354429999999994
49,15,8.3,50.6,8.516,0.241,Alive,8.3,50.59997
49,16,7.8,49.562,7.396,0.209,Alive,7.8,49.56202
49,17,6.5,46.863,4.932,0.14,Alive,6.5,46.86335
49,18,7.6,49.147,6.976,0.198,Alive,7.6,49.14684
49,19,9.7,53.506,12.201,0.346,Alive,9.7,53.506229999999995
49,20,9.6,47.0,10.529,0.298,Alive,9.6,47.0
49,21,4.2,42.089,1.987,0.056,Alive,4.2,42.08878
49,22,6.2,46.241,4.45,0.126,Alive,6.2,46.240579999999994
49,23,10.7,55.582,15.365,0.435,Alive,10.7,55.58212999999999
49,24,8.4,50.808,8.752,0.248,Alive,8.4,50.807559999999995
49,25,7.6,49.147,6.976,0.198,Alive,7.6,49.14684
49,26,8.5,51.015,8.992,0.255,Alive,8.5,51.01514999999999
49,27,7.4,48.732,6.571,0.186,Alive,7.4,48.73166
49,28,8.1,50.185,8.056,0.228,Alive,8.1,50.18478999999999
49,29,9.8,53.714,12.497,0.354,Alive,9.8,53.71382
49,30,8.8,55.0,10.356,0.293,Alive,8.8,55.0
49,31,7.8,49.562,7.396,0.209,Alive,7.8,49.56202
49,32,9.4,52.883,11.341,0.321,Alive,9.4,52.88346
49,33,9.6,53.299,11.91,0.337,Alive,9.6,53.29863999999999
49,34,9.0,52.053,10.254,0.29,Alive,9.0,52.0531
49,35,5.6,44.995,3.578,0.101,Alive,5.6,44.99504
49,36,10.0,54.129,13.102,0.371,Alive,10.0,54.129
49,37,8.7,51.43,9.484,0.269,Alive,8.7,51.43033
49,38,9.1,52.261,10.519,0.298,Alive,9.1,52.26069
49,39,6.5,46.863,4.932,0.14,Alive,6.5,46.86335
49,40,8.7,47.0,8.686,0.246,Alive,8.7,47.0
49,41,8.0,49.977,7.832,0.222,Alive,8.0,49.9772
49,42,7.4,48.732,6.571,0.186,Alive,7.4,48.73166
49,43,8.1,50.185,8.056,0.228,Alive,8.1,50.18478999999999
49,44,6.9,47.694,5.624,0.159,Alive,6.9,47.69371
49,45,7.1,48.109,5.991,0.17,Alive,7.1,48.108889999999995
49,46,9.7,53.506,12.201,0.346,Alive,9.7,53.506229999999995
49,47,7.8,49.562,7.396,0.209,Alive,7.8,49.56202
49,48,7.9,49.77,7.612,0.216,Alive,7.9,49.76961
49,49,7.9,49.77,7.612,0.216,Alive,7.9,49.76961
49,50,7.8,49.0,7.315,0.207,Alive,7.8,49.0
49,51,8.0,49.977,7.832,0.222,Alive,8.0,49.9772
49,52,7.0,47.901,5.806,0.164,Alive,7.0,47.90129999999999
49,53,8.7,51.43,9.484,0.269,Alive,8.7,51.43033
49,54,10.1,54.337,13.412,0.38,Alive,10.1,54.336589999999994
49,55,5.8,45.41,3.855,0.109,Alive,5.8,45.410219999999995
49,56,7.5,48.939,6.771,0.192,Alive,7.5,48.939249999999994
49,57,5.3,44.372,3.186,0.09,Alive,5.3,44.37227
49,58,2.7,38.975,0.896,0.025,Alive,2.7,38.97493
49,59,7.5,48.939,6.771,0.192,Alive,7.5,48.939249999999994
49,60,6.6,43.0,4.677,0.132,Alive,6.6,43.0
50,1,7.7,49.354,7.184,0.203,Alive,7.7,49.354429999999994
50,2,6.8,47.486,5.445,0.154,Alive,6.8,47.48612
50,3,7.3,48.524,6.374,0.18,Alive,7.3,48.524069999999995
50,4,10.2,54.544,13.725,0.389,Alive,10.2,54.54418
50,5,8.7,51.43,9.484,0.269,Alive,8.7,51.43033
50,6,10.1,54.337,13.412,0.38,Alive,10.1,54.336589999999994
50,7,8.8,51.638,9.737,0.276,Alive,8.8,51.637919999999994
50,8,8.9,51.846,9.993,0.283,Alive,8.9,51.84551
50,9,7.5,48.939,6.771,0.192,Alive,7.5,48.939249999999994
50,10,8.8,54.0,10.172,0.288,Alive,8.8,54.0
50,11,9.6,53.299,11.91,0.337,Alive,9.6,53.29863999999999
50,12,9.3,52.676,11.063,0.313,Alive,9.3,52.67587
50,13,8.9,51.846,9.993,0.283,Alive,8.9,51.84551
50,14,6.8,47.486,5.445,0.154,Alive,6.8,47.48612
50,15,9.1,52.261,10.519,0.298,Alive,9.1,52.26069
50,16,5.8,45.41,3.855,0.109,Alive,5.8,45.410219999999995
50,17,6.8,47.486,5.445,0.154,Alive,6.8,47.48612
50,18,8.2,50.392,8.284,0.235,Alive,8.2,50.39238
50,19,7.1,48.109,5.991,0.17,Alive,7.1,48.108889999999995
50,20,9.1,54.0,10.862,0.308,Alive,9.1,54.0
50,21,7.9,49.77,7.612,0.216,Alive,7.9,49.76961
50,22,7.5,48.939,6.771,0.192,Alive,7.5,48.939249999999994
50,23,5.2,44.165,3.062,0.087,Alive,5.2,44.16468
50,24,6.8,47.486,5.445,0.154,Alive,6.8,47.48612
50,25,6.9,47.694,5.624,0.159,Alive,6.9,47.69371
50,26,10.1,54.337,13.412,0.38,Alive,10.1,54.336589999999994
50,27,9.6,53.299,11.91,0.337,Alive,9.6,53.29863999999999
50,28,7.8,49.562,7.396,0.209,Alive,7.8,49.56202
50,29,7.7,49.354,7.184,0.203,Alive,7.7,49.354429999999994
50,30,7.5,47.0,6.512,0.184,Alive,7.5,47.0
50,31,8.2,50.392,8.284,0.235,Alive,8.2,50.39238
50,32,9.2,52.468,10.789,0.306,Alive,9.2,52.46827999999999
50,33,8.5,51.015,8.992,0.255,Alive,8.5,51.01514999999999
50,34,11.0,56.205,16.405,0.465,Alive,11.0,56.204899999999995
50,35,9.3,52.676,11.063,0.313,Alive,9.3,52.67587
50,36,3.0,39.598,1.068,0.03,Alive,3.0,39.5977
50,37,8.4,50.808,8.752,0.248,Alive,8.4,50.807559999999995
50,38,9.1,52.261,10.519,0.298,Alive,9.1,52.26069
50,39,5.9,45.618,3.999,0.113,Alive,5.9,45.61781
50,40,7.7,42.0,6.146,0.174,Alive,7.7,42.0
50,41,9.1,52.261,10.519,0.298,Alive,9.1,52.26069
50,42,9.3,52.676,11.063,0.313,Alive,9.3,52.67587
50,43,9.3,52.676,11.063,0.313,Alive,9.3,52.67587
50,44,7.6,49.147,6.976,0.198,Alive,7.6,49.14684
50,45,9.1,52.261,10.519,0.298,Alive,9.1,52.26069
50,46,9.8,53.714,12.497,0.354,Alive,9.8,53.71382
50,47,8.7,51.43,9.484,0.269,Alive,8.7,51.43033
50,48,8.2,50.392,8.284,0.235,Alive,8.2,50.39238
50,49,8.6,51.223,9.236,0.262,Alive,8.6,51.222739999999995
50,50,9.1,50.0,10.074,0.285,Alive,9.1,50.0
50,51,10.9,55.997,16.054,0.455,Alive,10.9,55.99731
50,52,8.6,51.223,9.236,0.262,Alive,8.6,51.222739999999995
50,53,9.3,52.676,11.063,0.313,Alive,9.3,52.67587
50,54,8.6,51.223,9.236,0.262,Alive,8.6,51.222739999999995
50,55,9.9,53.921,12.797,0.362,Alive,9.9,53.921409999999995
50,56,6.3,46.448,4.607,0.13,Alive,6.3,46.44817
50,57,6.2,46.241,4.45,0.126,Alive,6.2,46.240579999999994
50,58,9.6,53.299,11.91,0.337,Alive,9.6,53.29863999999999
50,59,5.3,44.372,3.186,0.09,Alive,5.3,44.37227
50,60,3.5,37.0,1.298,0.037,Alive,3.5,37.0
51,1,7.6,49.147,6.976,0.198,Alive,7.6,49.14684
51,2,9.2,52.468,10.789,0.306,Alive,9.2,52.46827999999999
51,3,9.8,53.714,12.497,0.354,Alive,9.8,53.71382
51,4,4.6,42.919,2.381,0.067,Alive,4.6,42.91914
51,5,5.6,44.995,3.578,0.101,Alive,5.6,44.99504
51,6,6.7,47.279,5.271,0.149,Alive,6.7,47.27853
51,7,8.2,50.392,8.284,0.235,Alive,8.2,50.39238
51,8,10.3,54.752,14.044,0.398,Alive,10.3,54.75176999999999
51,9,6.6,47.071,5.099,0.144,Alive,6.6,47.07093999999999
51,10,6.7,50.0,5.561,0.157,Alive,6.7,50.0
51,11,8.3,50.6,8.516,0.241,Alive,8.3,50.59997
51,12,4.7,43.127,2.487,0.07,Alive,4.7,43.126729999999995
51,13,8.1,50.185,8.056,0.228,Alive,8.1,50.18478999999999
51,14,3.4,40.428,1.332,0.038,Alive,3.4,40.428059999999995
51,15,8.1,50.185,8.056,0.228,Alive,8.1,50.18478999999999
51,16,9.8,53.714,12.497,0.354,Alive,9.8,53.71382
51,17,7.8,49.562,7.396,0.209,Alive,7.8,49.56202
51,18,5.9,45.618,3.999,0.113,Alive,5.9,45.61781
51,19,5.1,43.957,2.941,0.083,Alive,5.1,43.957089999999994
51,20,4.4,41.0,2.109,0.06,Alive,4.4,41.0
51,21,7.6,49.147,6.976,0.198,Alive,7.6,49.14684
51,22,9.8,53.714,12.497,0.354,Alive,9.8,53.71382
51,23,7.7,49.354,7.184,0.203,Alive,7.7,49.354429999999994
51,24,9.2,52.468,10.789,0.306,Alive,9.2,52.46827999999999
51,25,4.5,42.712,2.278,0.065,Alive,4.5,42.711549999999995
51,26,4.3,42.296,2.081,0.059,Alive,4.3,42.29637
51,27,6.4,46.656,4.768,0.135,Alive,6.4,46.65576
51,28,8.7,51.43,9.484,0.269,Alive,8.7,51.43033
51,29,5.1,43.957,2.941,0.083,Alive,5.1,43.957089999999994
51,30,8.6,56.0,10.077,0.285,Alive,8.6,56.0
51,31,8.7,51.43,9.484,0.269,Alive,8.7,51.43033
51,32,8.6,51.223,9.236,0.262,Alive,8.6,51.222739999999995
51,33,9.7,53.506,12.201,0.346,Alive,9.7,53.506229999999995
51,34,7.3,48.524,6.374,0.18,Alive,7.3,48.524069999999995
51,35,4.2,42.089,1.987,0.056,Alive,4.2,42.08878
51,36,4.9,43.542,2.708,0.077,Alive,4.9,43.54191
51,37,9.1,52.261,10.519,0.298,Alive,9.1,52.26069
51,38,8.8,51.638,9.737,0.276,Alive,8.8,51.637919999999994
51,39,5.8,45.41,3.855,0.109,Alive,5.8,45.410219999999995
51,40,8.5,48.0,8.473,0.24,Alive,8.5,48.0
51,41,9.0,52.053,10.254,0.29,Alive,9.0,52.0531
51,42,6.0,45.825,4.146,0.117,Alive,6.0,45.825399999999995
51,43,8.6,51.223,9.236,0.262,Alive,8.6,51.222739999999995
51,44,8.9,51.846,9.993,0.283,Alive,8.9,51.84551
51,45,9.7,53.506,12.201,0.346,Alive,9.7,53.506229999999995
51,46,9.8,53.714,12.497,0.354,Alive,9.8,53.71382
51,47,9.4,52.883,11.341,0.321,Alive,9.4,52.88346
51,48,6.8,47.486,5.445,0.154,Alive,6.8,47.48612
51,49,7.5,48.939,6.771,0.192,Alive,7.5,48.939249999999994
51,50,6.7,53.0,5.882,0.167,Alive,6.7,53.0
51,51,7.2,48.316,6.181,0.175,Alive,7.2,48.31648
51,52,7.8,49.562,7.396,0.209,Alive,7.8,49.56202
51,53,7.1,48.109,5.991,0.17,Alive,7.1,48.108889999999995
51,54,8.5,51.015,8.992,0.255,Alive,8.5,51.01514999999999
51,55,9.7,53.506,12.201,0.346,Alive,9.7,53.506229999999995
51,56,3.3,40.22,1.262,0.036,Alive,3.3,40.22047
51,57,7.8,49.562,7.396,0.209,Alive,7.8,49.56202
51,58,4.6,42.919,2.381,0.067,Alive,4.6,42.91914
51,59,7.1,48.109,5.991,0.17,Alive,7.1,48.108889999999995
51,60,5.0,59.0,3.73,0.106,Alive,5.0,59.0
52,1,7.0,47.901,5.806,0.164,Alive,7.0,47.90129999999999
52,2,6.2,46.241,4.45,0.126,Alive,6.2,46.240579999999994
52,3,9.3,52.676,11.063,0.313,Alive,9.3,52.67587
52,4,5.9,45.618,3.999,0.113,Alive,5.9,45.61781
52,5,10.9,55.997,16.054,0.455,Alive,10.9,55.99731
52,6,9.7,53.506,12.201,0.346,Alive,9.7,53.506229999999995
52,7,7.2,48.316,6.181,0.175,Alive,7.2,48.31648
52,8,7.5,48.939,6.771,0.192,Alive,7.5,48.939249999999994
52,9,9.1,52.261,10.519,0.298,Alive,9.1,52.26069
52,10,10.4,55.0,14.378,0.407,Alive,10.4,55.0
52,11,7.2,48.316,6.181,0.175,Alive,7.2,48.31648
52,12,7.1,48.109,5.991,0.17,Alive,7.1,48.108889999999995
52,13,8.9,51.846,9.993,0.283,Alive,8.9,51.84551
52,14,7.2,48.316,6.181,0.175,Alive,7.2,48.31648
52,15,9.1,52.261,10.519,0.298,Alive,9.1,52.26069
52,16,4.5,42.712,2.278,0.065,Alive,4.5,42.711549999999995
52,17,11.7,57.658,19.004,0.538,Alive,11.7,57.65803
52,18,8.7,51.43,9.484,0.269,Alive,8.7,51.43033
52,19,8.8,51.638,9.737,0.276,Alive,8.8,51.637919999999994
52,20,9.6,56.0,12.503,0.354,Alive,9.6,56.0
52,21,8.1,50.185,8.056,0.228,Alive,8.1,50.18478999999999
52,22,8.6,51.223,9.236,0.262,Alive,8.6,51.222739999999995
52,23,6.3,46.448,4.607,0.13,Alive,6.3,46.44817
52,24,7.3,48.524,6.374,0.18,Alive,7.3,48.524069999999995
52,25,9.3,52.676,11.063,0.313,Alive,9.3,52.67587
52,26,4.3,42.296,2.081,0.059,Alive,4.3,42.29637
52,27,4.1,41.881,1.895,0.054,Alive,4.1,41.88119
52,28,5.9,45.618,3.999,0.113,Alive,5.9,45.61781
52,29,6.9,47.694,5.624,0.159,Alive,6.9,47.69371
52,30,7.8,55.0,8.183,0.232,Alive,7.8,55.0
52,31,8.8,51.638,9.737,0.276,Alive,8.8,51.637919999999994
52,32,7.5,48.939,6.771,0.192,Alive,7.5,48.939249999999994
52,33,9.5,53.091,11.623,0.329,Alive,9.5,53.09105
52,34,10.3,54.752,14.044,0.398,Alive,10.3,54.75176999999999
52,35,8.6,51.223,9.236,0.262,Alive,8.6,51.222739999999995
52,36,8.7,51.43,9.484,0.269,Alive,8.7,51.43033
52,37,5.9,45.618,3.999,0.113,Alive,5.9,45.61781
52,38,7.6,49.147,6.976,0.198,Alive,7.6,49.14684
52,39,8.0,49.977,7.832,0.222,Alive,8.0,49.9772
52,40,13.7,61.81,27.83,0.788,Alive,13.7,61.80982999999999
52,41,7.6,49.147,6.976,0.198,Alive,7.6,49.14684
52,42,10.0,54.129,13.102,0.371,Alive,10.0,54.129
52,43,5.2,44.165,3.062,0.087,Alive,5.2,44.16468
52,44,9.6,53.299,11.91,0.337,Alive,9.6,53.29863999999999
52,45,3.4,40.428,1.332,0.038,Alive,3.4,40.428059999999995
52,46,4.2,42.089,1.987,0.056,Alive,4.2,42.08878
52,47,7.7,49.354,7.184,0.203,Alive,7.7,49.354429999999994
52,48,8.1,50.185,8.056,0.228,Alive,8.1,50.18478999999999
52,49,6.2,46.241,4.45,0.126,Alive,6.2,46.240579999999994
52,50,7.2,54.0,6.882,0.195,Alive,7.2,54.0
52,51,8.3,50.6,8.516,0.241,Alive,8.3,50.59997
52,52,6.3,46.448,4.607,0.13,Alive,6.3,46.44817
52,53,10.0,54.129,13.102,0.371,Alive,10.0,54.129
52,54,7.4,48.732,6.571,0.186,Alive,7.4,48.73166
52,55,7.5,48.939,6.771,0.192,Alive,7.5,48.939249999999994
52,56,10.9,55.997,16.054,0.455,Alive,10.9,55.99731
52,57,9.4,52.883,11.341,0.321,Alive,9.4,52.88346
52,58,8.1,50.185,8.056,0.228,Alive,8.1,50.18478999999999
52,59,5.4,44.58,3.313,0.094,Alive,5.4,44.57986
52,60,3.4,40.0,1.32,0.037,Alive,3.4,40.0
53,1,4.1,41.881,1.895,0.054,Alive,4.1,41.88119
53,2,6.1,46.033,4.296,0.122,Alive,6.1,46.03299
53,3,6.1,46.033,4.296,0.122,Alive,6.1,46.03299
53,4,8.1,50.185,8.056,0.228,Alive,8.1,50.18478999999999
53,5,4.1,41.881,1.895,0.054,Alive,4.1,41.88119
53,6,8.3,50.6,8.516,0.241,Alive,8.3,50.59997
53,7,7.2,48.316,6.181,0.175,Alive,7.2,48.31648
53,8,6.2,46.241,4.45,0.126,Alive,6.2,46.240579999999994
53,9,8.2,50.392,8.284,0.235,Alive,8.2,50.39238
53,10,10.0,58.0,14.023,0.397,Alive,10.0,58.0
53,11,9.9,53.921,12.797,0.362,Alive,9.9,53.921409999999995
53,12,7.1,48.109,5.991,0.17,Alive,7.1,48.108889999999995
53,13,3.6,40.843,1.479,0.042,Alive,3.6,40.843239999999994
53,14,7.2,48.316,6.181,0.175,Alive,7.2,48.31648
53,15,7.1,48.109,5.991,0.17,Alive,7.1,48.108889999999995
53,16,6.0,45.825,4.146,0.117,Alive,6.0,45.825399999999995
53,17,8.9,51.846,9.993,0.283,Alive,8.9,51.84551
53,18,7.2,48.316,6.181,0.175,Alive,7.2,48.31648
53,19,4.3,42.296,2.081,0.059,Alive,4.3,42.29637
53,20,6.5,51.0,5.348,0.151,Alive,6.5,51.0
53,21,6.4,46.656,4.768,0.135,Alive,6.4,46.65576
53,22,8.0,49.977,7.832,0.222,Alive,8.0,49.9772
53,23,3.5,40.636,1.404,0.04,Alive,3.5,40.63565
53,24,4.6,42.919,2.381,0.067,Alive,4.6,42.91914
53,25,6.7,47.279,5.271,0.149,Alive,6.7,47.27853
53,26,6.7,47.279,5.271,0.149,Alive,6.7,47.27853
53,27,4.3,42.296,2.081,0.059,Alive,4.3,42.29637
53,28,8.0,49.977,7.832,0.222,Alive,8.0,49.9772
53,29,7.9,49.77,7.612,0.216,Alive,7.9,49.76961
53,30,5.9,42.0,3.699,0.105,Alive,5.9,42.0
53,31,8.9,51.846,9.993,0.283,Alive,8.9,51.84551
53,32,5.9,45.618,3.999,0.113,Alive,5.9,45.61781
53,33,5.0,43.75,2.823,0.08,Alive,5.0,43.7495
53,34,3.6,40.843,1.479,0.042,Alive,3.6,40.843239999999994
53,35,7.0,47.901,5.806,0.164,Alive,7.0,47.90129999999999
53,36,8.4,50.808,8.752,0.248,Alive,8.4,50.807559999999995
53,37,7.3,48.524,6.374,0.18,Alive,7.3,48.524069999999995
53,38,7.8,49.562,7.396,0.209,Alive,7.8,49.56202
53,39,8.6,51.223,9.236,0.262,Alive,8.6,51.222739999999995
53,40,7.4,54.0,7.257,0.206,Alive,7.4,54.0
53,41,4.7,43.127,2.487,0.07,Alive,4.7,43.126729999999995
53,42,8.9,51.846,9.993,0.283,Alive,8.9,51.84551
53,43,5.7,45.203,3.715,0.105,Alive,5.7,45.20263
53,44,4.9,43.542,2.708,0.077,Alive,4.9,43.54191
53,45,4.5,42.712,2.278,0.065,Alive,4.5,42.711549999999995
53,46,3.9,41.466,1.721,0.049,Alive,3.9,41.46601
53,47,4.8,43.334,2.596,0.074,Alive,4.8,43.33432
53,48,7.6,49.147,6.976,0.198,Alive,7.6,49.14684
53,49,6.9,47.694,5.624,0.159,Alive,6.9,47.69371
53,50,7.5,55.0,7.583,0.215,Alive,7.5,55.0
53,51,7.9,49.77,7.612,0.216,Alive,7.9,49.76961
53,52,6.8,47.486,5.445,0.154,Alive,6.8,47.48612
53,53,8.2,50.392,8.284,0.235,Alive,8.2,50.39238
53,54,9.9,53.921,12.797,0.362,Alive,9.9,53.921409999999995
53,55,4.2,42.089,1.987,0.056,Alive,4.2,42.08878
53,56,9.9,53.921,12.797,0.362,Alive,9.9,53.921409999999995
53,57,8.2,50.392,8.284,0.235,Alive,8.2,50.39238
53,58,8.6,51.223,9.236,0.262,Alive,8.6,51.222739999999995
53,59,6.4,46.656,4.768,0.135,Alive,6.4,46.65576
53,60,9.6,57.0,12.722,0.36,Alive,9.6,57.0
54,1,8.5,51.015,8.992,0.255,Alive,8.5,51.01514999999999
54,2,7.4,48.732,6.571,0.186,Alive,7.4,48.73166
54,3,6.6,47.071,5.099,0.144,Alive,6.6,47.07093999999999
54,4,7.8,49.562,7.396,0.209,Alive,7.8,49.56202
54,5,10.0,54.129,13.102,0.371,Alive,10.0,54.129
54,6,8.7,51.43,9.484,0.269,Alive,8.7,51.43033
54,7,7.5,48.939,6.771,0.192,Alive,7.5,48.939249999999994
54,8,7.8,49.562,7.396,0.209,Alive,7.8,49.56202
54,9,9.7,53.506,12.201,0.346,Alive,9.7,53.506229999999995
54,10,9.6,55.0,12.283,0.348,Alive,9.6,55.0
54,11,6.4,46.656,4.768,0.135,Alive,6.4,46.65576
54,12,4.2,42.089,1.987,0.056,Alive,4.2,42.08878
54,13,3.4,40.428,1.332,0.038,Alive,3.4,40.428059999999995
54,14,6.9,47.694,5.624,0.159,Alive,6.9,47.69371
54,15,7.0,47.901,5.806,0.164,Alive,7.0,47.90129999999999
54,16,4.4,42.504,2.178,0.062,Alive,4.4,42.50396
54,17,5.3,44.372,3.186,0.09,Alive,5.3,44.37227
54,18,7.9,49.77,7.612,0.216,Alive,7.9,49.76961
54,19,5.9,45.618,3.999,0.113,Alive,5.9,45.61781
54,20,8.4,57.0,9.792,0.277,Alive,8.4,57.0
54,21,8.5,51.015,8.992,0.255,Alive,8.5,51.01514999999999
54,22,9.1,52.261,10.519,0.298,Alive,9.1,52.26069
54,23,3.1,39.805,1.13,0.032,Alive,3.1,39.80529
54,24,4.2,42.089,1.987,0.056,Alive,4.2,42.08878
54,25,8.0,49.977,7.832,0.222,Alive,8.0,49.9772
54,26,8.8,51.638,9.737,0.276,Alive,8.8,51.637919999999994
54,27,4.9,43.542,2.708,0.077,Alive,4.9,43.54191
54,28,8.9,51.846,9.993,0.283,Alive,8.9,51.84551
54,29,8.6,51.223,9.236,0.262,Alive,8.6,51.222739999999995
54,30,3.9,42.0,1.74,0.049,Alive,3.9,42.0
54,31,8.5,51.015,8.992,0.255,Alive,8.5,51.01514999999999
54,32,9.6,53.299,11.91,0.337,Alive,9.6,53.29863999999999
54,33,10.3,54.752,14.044,0.398,Alive,10.3,54.75176999999999
54,34,9.3,52.676,11.063,0.313,Alive,9.3,52.67587
54,35,10.6,55.375,15.028,0.426,Alive,10.6,55.37454
54,36,7.1,48.109,5.991,0.17,Alive,7.1,48.108889999999995
54,37,9.6,53.299,11.91,0.337,Alive,9.6,53.29863999999999
54,38,2.8,39.183,0.951,0.027,Alive,2.8,39.18252
54,39,6.5,46.863,4.932,0.14,Alive,6.5,46.86335
54,40,8.0,51.0,7.988,0.226,Alive,8.0,51.0
54,41,8.4,50.808,8.752,0.248,Alive,8.4,50.807559999999995
54,42,4.3,42.296,2.081,0.059,Alive,4.3,42.29637
54,43,9.6,53.299,11.91,0.337,Alive,9.6,53.29863999999999
54,44,12.0,58.281,20.193,0.572,Alive,12.0,58.2808
54,45,6.1,46.033,4.296,0.122,Alive,6.1,46.03299
54,46,9.1,52.261,10.519,0.298,Alive,9.1,52.26069
54,47,7.6,49.147,6.976,0.198,Alive,7.6,49.14684
54,48,6.7,47.279,5.271,0.149,Alive,6.7,47.27853
54,49,9.7,53.506,12.201,0.346,Alive,9.7,53.506229999999995
54,50,8.2,61.0,9.981,0.283,Alive,8.2,61.0
54,51,3.9,41.466,1.721,0.049,Alive,3.9,41.46601
54,52,7.7,49.354,7.184,0.203,Alive,7.7,49.354429999999994
54,53,10.2,54.544,13.725,0.389,Alive,10.2,54.54418
54,54,8.1,50.185,8.056,0.228,Alive,8.1,50.18478999999999
54,55,7.3,48.524,6.374,0.18,Alive,7.3,48.524069999999995
54,56,4.0,41.674,1.806,0.051,Alive,4.0,41.67359999999999
54,57,8.0,49.977,7.832,0.222,Alive,8.0,49.9772
54,58,5.7,45.203,3.715,0.105,Alive,5.7,45.20263
54,59,4.3,42.296,2.081,0.059,Alive,4.3,42.29637
54,60,8.3,51.0,8.581,0.243,Alive,8.3,51.0
55,1,5.8,45.41,3.855,0.109,Alive,5.8,45.410219999999995
55,2,5.6,44.995,3.578,0.101,Alive,5.6,44.99504
55,3,8.8,51.638,9.737,0.276,Alive,8.8,51.637919999999994
55,4,3.3,40.22,1.262,0.036,Alive,3.3,40.22047
55,5,8.5,51.015,8.992,0.255,Alive,8.5,51.01514999999999
55,6,9.2,52.468,10.789,0.306,Alive,9.2,52.46827999999999
55,7,8.7,51.43,9.484,0.269,Alive,8.7,51.43033
55,8,10.5,55.167,14.695,0.416,Alive,10.5,55.16695
55,9,7.1,48.109,5.991,0.17,Alive,7.1,48.108889999999995
55,10,3.6,42.0,1.515,0.043,Alive,3.6,42.0
55,11,10.1,54.337,13.412,0.38,Alive,10.1,54.336589999999994
55,12,10.3,54.752,14.044,0.398,Alive,10.3,54.75176999999999
55,13,8.1,50.185,8.056,0.228,Alive,8.1,50.18478999999999
55,14,7.1,48.109,5.991,0.17,Alive,7.1,48.108889999999995
55,15,9.6,53.299,11.91,0.337,Alive,9.6,53.29863999999999
55,16,7.5,48.939,6.771,0.192,Alive,7.5,48.939249999999994
55,17,8.5,51.015,8.992,0.255,Alive,8.5,51.01514999999999
55,18,8.7,51.43,9.484,0.269,Alive,8.7,51.43033
55,19,4.3,42.296,2.081,0.059,Alive,4.3,42.29637
55,20,8.4,68.0,11.639,0.33,Alive,8.4,68.0
55,21,7.3,48.524,6.374,0.18,Alive,7.3,48.524069999999995
55,22,7.0,47.901,5.806,0.164,Alive,7.0,47.90129999999999
55,23,7.6,49.147,6.976,0.198,Alive,7.6,49.14684
55,24,7.5,48.939,6.771,0.192,Alive,7.5,48.939249999999994
55,25,6.8,47.486,5.445,0.154,Alive,6.8,47.48612
55,26,7.0,47.901,5.806,0.164,Alive,7.0,47.90129999999999
55,27,10.2,54.544,13.725,0.389,Alive,10.2,54.54418
55,28,6.7,47.279,5.271,0.149,Alive,6.7,47.27853
55,29,7.1,48.109,5.991,0.17,Alive,7.1,48.108889999999995
55,30,6.2,48.0,4.611,0.131,Alive,6.2,48.0
55,31,8.4,50.808,8.752,0.248,Alive,8.4,50.807559999999995
55,32,6.5,46.863,4.932,0.14,Alive,6.5,46.86335
55,33,9.3,52.676,11.063,0.313,Alive,9.3,52.67587
55,34,7.5,48.939,6.771,0.192,Alive,7.5,48.939249999999994
55,35,9.5,53.091,11.623,0.329,Alive,9.5,53.09105
55,36,10.4,54.959,14.367,0.407,Alive,10.4,54.95936
55,37,8.8,51.638,9.737,0.276,Alive,8.8,51.637919999999994
55,38,8.9,51.846,9.993,0.283,Alive,8.9,51.84551
55,39,4.7,43.127,2.487,0.07,Alive,4.7,43.126729999999995
55,40,6.7,47.0,5.241,0.148,Alive,6.7,47.0
55,41,7.7,49.354,7.184,0.203,Alive,7.7,49.354429999999994
55,42,8.7,51.43,9.484,0.269,Alive,8.7,51.43033
55,43,8.8,51.638,9.737,0.276,Alive,8.8,51.637919999999994
55,44,7.7,49.354,7.184,0.203,Alive,7.7,49.354429999999994
55,45,10.1,59.0,14.544,0.412,Alive,10.1,59.0
55,46,11.5,57.243,18.237,0.516,Alive,11.5,57.24285
55,47,7.2,48.316,6.181,0.175,Alive,7.2,48.31648
55,48,7.6,49.147,6.976,0.198,Alive,7.6,49.14684
55,49,0.9,35.238,0.287,0.008,Alive,0.9,35.23831
55,50,11.9,64.0,21.79,0.617,Alive,11.9,64.0
55,51,8.6,51.223,9.236,0.262,Alive,8.6,51.222739999999995
55,52,10.0,54.129,13.102,0.371,Alive,10.0,54.129
55,53,9.9,53.921,12.797,0.362,Alive,9.9,53.921409999999995
55,54,9.6,53.299,11.91,0.337,Alive,9.6,53.29863999999999
55,55,10.0,54.129,13.102,0.371,Alive,10.0,54.129
55,56,9.4,52.883,11.341,0.321,Alive,9.4,52.88346
55,57,9.4,52.883,11.341,0.321,Alive,9.4,52.88346
55,58,10.2,54.544,13.725,0.389,Alive,10.2,54.54418
55,59,9.8,53.714,12.497,0.354,Alive,9.8,53.71382
55,60,8.4,55.0,9.456,0.268,Alive,8.4,55.0
56,1,3.4,40.428,1.332,0.038,Alive,3.4,40.428059999999995
56,2,7.1,48.109,5.991,0.17,Alive,7.1,48.108889999999995
56,3,7.9,49.77,7.612,0.216,Alive,7.9,49.76961
56,4,5.6,44.995,3.578,0.101,Alive,5.6,44.99504
56,5,4.2,42.089,1.987,0.056,Alive,4.2,42.08878
56,6,7.6,49.147,6.976,0.198,Alive,7.6,49.14684
56,7,9.0,52.053,10.254,0.29,Alive,9.0,52.0531
56,8,9.0,52.053,10.254,0.29,Alive,9.0,52.0531
56,9,4.3,42.296,2.081,0.059,Alive,4.3,42.29637
56,10,9.7,59.0,13.432,0.38,Alive,9.7,59.0
56,11,8.4,50.808,8.752,0.248,Alive,8.4,50.807559999999995
56,12,4.0,41.674,1.806,0.051,Alive,4.0,41.67359999999999
56,13,10.9,55.997,16.054,0.455,Alive,10.9,55.99731
56,14,9.7,53.506,12.201,0.346,Alive,9.7,53.506229999999995
56,15,6.0,45.825,4.146,0.117,Alive,6.0,45.825399999999995
56,16,10.1,54.337,13.412,0.38,Alive,10.1,54.336589999999994
56,17,7.3,48.524,6.374,0.18,Alive,7.3,48.524069999999995
56,18,9.5,53.091,11.623,0.329,Alive,9.5,53.09105
56,19,8.5,51.015,8.992,0.255,Alive,8.5,51.01514999999999
56,20,6.6,56.0,6.025,0.171,Alive,6.6,56.0
56,21,6.2,46.241,4.45,0.126,Alive,6.2,46.240579999999994
56,22,6.5,46.863,4.932,0.14,Alive,6.5,46.86335
56,23,6.8,47.486,5.445,0.154,Alive,6.8,47.48612
56,24,8.0,49.977,7.832,0.222,Alive,8.0,49.9772
56,25,6.9,47.694,5.624,0.159,Alive,6.9,47.69371
56,26,7.1,48.109,5.991,0.17,Alive,7.1,48.108889999999995
56,27,8.3,50.6,8.516,0.241,Alive,8.3,50.59997
56,28,9.4,52.883,11.341,0.321,Alive,9.4,52.88346
56,29,8.4,50.808,8.752,0.248,Alive,8.4,50.807559999999995
56,30,7.6,47.0,6.681,0.189,Alive,7.6,47.0
56,31,3.7,41.051,1.557,0.044,Alive,3.7,41.05083
56,32,9.1,52.261,10.519,0.298,Alive,9.1,52.26069
56,33,7.5,48.939,6.771,0.192,Alive,7.5,48.939249999999994
56,34,8.6,51.223,9.236,0.262,Alive,8.6,51.222739999999995
56,35,9.4,52.883,11.341,0.321,Alive,9.4,52.88346
56,36,8.2,50.392,8.284,0.235,Alive,8.2,50.39238
56,37,6.7,47.279,5.271,0.149,Alive,6.7,47.27853
56,38,8.9,51.846,9.993,0.283,Alive,8.9,51.84551
56,39,9.2,52.468,10.789,0.306,Alive,9.2,52.46827999999999
56,40,4.2,43.0,2.025,0.057,Alive,4.2,43.0
56,41,7.4,48.732,6.571,0.186,Alive,7.4,48.73166
56,42,6.3,46.448,4.607,0.13,Alive,6.3,46.44817
56,43,9.6,53.299,11.91,0.337,Alive,9.6,53.29863999999999
56,44,6.7,47.279,5.271,0.149,Alive,6.7,47.27853
56,45,3.9,41.466,1.721,0.049,Alive,3.9,41.46601
56,46,8.2,50.392,8.284,0.235,Alive,8.2,50.39238
56,47,8.4,50.808,8.752,0.248,Alive,8.4,50.807559999999995
56,48,9.3,52.676,11.063,0.313,Alive,9.3,52.67587
56,49,10.0,54.129,13.102,0.371,Alive,10.0,54.129
56,50,8.6,54.0,9.725,0.275,Alive,8.6,54.0
56,51,8.4,50.808,8.752,0.248,Alive,8.4,50.807559999999995
56,52,10.3,54.752,14.044,0.398,Alive,10.3,54.75176999999999
56,53,8.3,50.6,8.516,0.241,Alive,8.3,50.59997
56,54,8.0,49.977,7.832,0.222,Alive,8.0,49.9772
56,55,9.4,52.883,11.341,0.321,Alive,9.4,52.88346
56,56,9.6,53.299,11.91,0.337,Alive,9.6,53.29863999999999
56,57,7.2,48.316,6.181,0.175,Alive,7.2,48.31648
56,58,9.6,53.299,11.91,0.337,Alive,9.6,53.29863999999999
56,59,9.3,52.676,11.063,0.313,Alive,9.3,52.67587
56,60,7.6,47.0,6.681,0.189,Alive,7.6,47.0
57,1,6.8,47.486,5.445,0.154,Alive,6.8,47.48612
57,2,7.0,47.901,5.806,0.164,Alive,7.0,47.90129999999999
57,3,7.8,49.562,7.396,0.209,Alive,7.8,49.56202
57,4,9.9,53.921,12.797,0.362,Alive,9.9,53.921409999999995
57,5,10.3,54.752,14.044,0.398,Alive,10.3,54.75176999999999
57,6,8.5,51.015,8.992,0.255,Alive,8.5,51.01514999999999
57,7,8.4,50.808,8.752,0.248,Alive,8.4,50.807559999999995
57,8,5.5,44.787,3.444,0.098,Alive,5.5,44.78744999999999
57,9,5.0,43.75,2.823,0.08,Alive,5.0,43.7495
57,10,5.3,43.0,3.094,0.088,Alive,5.3,43.0
57,11,3.2,40.013,1.195,0.034,Alive,3.2,40.01288
57,12,2.8,39.183,0.951,0.027,Alive,2.8,39.18252
57,13,2.5,38.56,0.793,0.022,Alive,2.5,38.559749999999994
57,14,7.6,49.147,6.976,0.198,Alive,7.6,49.14684
57,15,7.0,47.901,5.806,0.164,Alive,7.0,47.90129999999999
57,16,8.2,50.392,8.284,0.235,Alive,8.2,50.39238
57,17,7.6,49.147,6.976,0.198,Alive,7.6,49.14684
57,18,5.0,43.75,2.823,0.08,Alive,5.0,43.7495
57,19,8.1,50.185,8.056,0.228,Alive,8.1,50.18478999999999
57,20,7.9,54.0,8.24,0.233,Alive,7.9,54.0
57,21,9.5,53.091,11.623,0.329,Alive,9.5,53.09105
57,22,5.9,45.618,3.999,0.113,Alive,5.9,45.61781
57,23,3.5,40.636,1.404,0.04,Alive,3.5,40.63565
57,24,8.4,50.808,8.752,0.248,Alive,8.4,50.807559999999995
57,25,7.3,48.524,6.374,0.18,Alive,7.3,48.524069999999995
57,26,5.6,44.995,3.578,0.101,Alive,5.6,44.99504
57,27,10.0,54.129,13.102,0.371,Alive,10.0,54.129
57,28,8.4,50.808,8.752,0.248,Alive,8.4,50.807559999999995
57,29,5.3,44.372,3.186,0.09,Alive,5.3,44.37227
57,30,6.5,45.0,4.744,0.134,Alive,6.5,45.0
57,31,7.2,48.316,6.181,0.175,Alive,7.2,48.31648
57,32,7.7,49.354,7.184,0.203,Alive,7.7,49.354429999999994
57,33,7.8,49.562,7.396,0.209,Alive,7.8,49.56202
57,34,6.9,47.694,5.624,0.159,Alive,6.9,47.69371
57,35,5.2,44.165,3.062,0.087,Alive,5.2,44.16468
57,36,8.1,50.185,8.056,0.228,Alive,8.1,50.18478999999999
57,37,9.6,53.299,11.91,0.337,Alive,9.6,53.29863999999999
57,38,5.6,44.995,3.578,0.101,Alive,5.6,44.99504
57,39,9.2,52.468,10.789,0.306,Alive,9.2,52.46827999999999
57,40,8.5,59.0,10.365,0.293,Alive,8.5,59.0
57,41,8.7,51.43,9.484,0.269,Alive,8.7,51.43033
57,42,7.0,47.901,5.806,0.164,Alive,7.0,47.90129999999999
57,43,6.9,47.694,5.624,0.159,Alive,6.9,47.69371
57,44,6.3,46.448,4.607,0.13,Alive,6.3,46.44817
57,45,9.3,52.676,11.063,0.313,Alive,9.3,52.67587
57,46,8.6,51.223,9.236,0.262,Alive,8.6,51.222739999999995
57,47,9.5,53.091,11.623,0.329,Alive,9.5,53.09105
57,48,6.4,46.656,4.768,0.135,Alive,6.4,46.65576
57,49,9.4,52.883,11.341,0.321,Alive,9.4,52.88346
57,50,7.3,51.0,6.688,0.189,Alive,7.3,51.0
57,51,7.6,49.147,6.976,0.198,Alive,7.6,49.14684
57,52,10.1,54.337,13.412,0.38,Alive,10.1,54.336589999999994
57,53,10.1,54.337,13.412,0.38,Alive,10.1,54.336589999999994
57,54,8.1,50.185,8.056,0.228,Alive,8.1,50.18478999999999
57,55,9.4,52.883,11.341,0.321,Alive,9.4,52.88346
57,56,6.7,47.279,5.271,0.149,Alive,6.7,47.27853
57,57,4.6,42.919,2.381,0.067,Alive,4.6,42.91914
57,58,7.0,47.901,5.806,0.164,Alive,7.0,47.90129999999999
57,59,3.6,40.843,1.479,0.042,Alive,3.6,40.843239999999994
57,60,8.6,54.0,9.725,0.275,Alive,8.6,54.0
58,1,8.5,51.015,8.992,0.255,Alive,8.5,51.01514999999999
58,2,7.4,48.732,6.571,0.186,Alive,7.4,48.73166
58,3,8.1,50.185,8.056,0.228,Alive,8.1,50.18478999999999
58,4,7.5,48.939,6.771,0.192,Alive,7.5,48.939249999999994
58,5,9.8,53.714,12.497,0.354,Alive,9.8,53.71382
58,6,9.4,52.883,11.341,0.321,Alive,9.4,52.88346
58,7,9.5,53.091,11.623,0.329,Alive,9.5,53.09105
58,8,4.5,42.712,2.278,0.065,Alive,4.5,42.711549999999995
58,9,6.0,45.825,4.146,0.117,Alive,6.0,45.825399999999995
58,10,8.4,53.0,9.12,0.258,Alive,8.4,53.0
58,11,10.7,55.582,15.365,0.435,Alive,10.7,55.58212999999999
58,12,8.4,50.808,8.752,0.248,Alive,8.4,50.807559999999995
58,13,6.6,47.071,5.099,0.144,Alive,6.6,47.07093999999999
58,14,4.8,43.334,2.596,0.074,Alive,4.8,43.33432
58,15,4.7,43.127,2.487,0.07,Alive,4.7,43.126729999999995
58,16,5.8,45.41,3.855,0.109,Alive,5.8,45.410219999999995
58,17,6.5,46.863,4.932,0.14,Alive,6.5,46.86335
58,18,8.6,51.223,9.236,0.262,Alive,8.6,51.222739999999995
58,19,6.2,46.241,4.45,0.126,Alive,6.2,46.240579999999994
58,20,8.5,30.0,5.378,0.152,Alive,8.5,30.0
58,21,6.7,47.279,5.271,0.149,Alive,6.7,47.27853
58,22,7.3,48.524,6.374,0.18,Alive,7.3,48.524069999999995
58,23,7.5,48.939,6.771,0.192,Alive,7.5,48.939249999999994
58,24,9.7,53.506,12.201,0.346,Alive,9.7,53.506229999999995
58,25,8.0,49.977,7.832,0.222,Alive,8.0,49.9772
58,26,7.5,48.939,6.771,0.192,Alive,7.5,48.939249999999994
58,27,6.7,47.279,5.271,0.149,Alive,6.7,47.27853
58,28,7.7,49.354,7.184,0.203,Alive,7.7,49.354429999999994
58,29,5.4,44.58,3.313,0.094,Alive,5.4,44.57986
58,30,7.4,50.0,6.736,0.191,Alive,7.4,50.0
58,31,8.6,51.223,9.236,0.262,Alive,8.6,51.222739999999995
58,32,8.1,50.185,8.056,0.228,Alive,8.1,50.18478999999999
58,33,8.7,51.43,9.484,0.269,Alive,8.7,51.43033
58,34,8.2,50.392,8.284,0.235,Alive,8.2,50.39238
58,35,3.2,40.013,1.195,0.034,Alive,3.2,40.01288
58,36,6.2,46.241,4.45,0.126,Alive,6.2,46.240579999999994
58,37,7.9,49.77,7.612,0.216,Alive,7.9,49.76961
58,38,7.6,49.147,6.976,0.198,Alive,7.6,49.14684
58,39,8.4,50.808,8.752,0.248,Alive,8.4,50.807559999999995
58,40,8.6,57.0,10.253,0.29,Alive,8.6,57.0
58,41,8.2,50.392,8.284,0.235,Alive,8.2,50.39238
58,42,7.5,48.939,6.771,0.192,Alive,7.5,48.939249999999994
58,43,10.5,55.167,14.695,0.416,Alive,10.5,55.16695
58,44,8.9,51.846,9.993,0.283,Alive,8.9,51.84551
58,45,9.2,52.468,10.789,0.306,Alive,9.2,52.46827999999999
58,46,9.8,53.714,12.497,0.354,Alive,9.8,53.71382
58,47,7.2,48.316,6.181,0.175,Alive,7.2,48.31648
58,48,8.6,51.223,9.236,0.262,Alive,8.6,51.222739999999995
58,49,8.9,51.846,9.993,0.283,Alive,8.9,51.84551
58,50,8.5,58.0,10.193,0.289,Alive,8.5,58.0
58,51,7.8,49.562,7.396,0.209,Alive,7.8,49.56202
58,52,9.1,52.261,10.519,0.298,Alive,9.1,52.26069
58,53,8.0,49.977,7.832,0.222,Alive,8.0,49.9772
58,54,8.0,49.977,7.832,0.222,Alive,8.0,49.9772
58,55,9.1,52.261,10.519,0.298,Alive,9.1,52.26069
58,56,8.2,50.392,8.284,0.235,Alive,8.2,50.39238
58,57,4.5,42.712,2.278,0.065,Alive,4.5,42.711549999999995
58,58,8.3,50.6,8.516,0.241,Alive,8.3,50.59997
58,59,7.6,49.147,6.976,0.198,Alive,7.6,49.14684
58,60,7.6,50.0,7.093,0.201,Alive,7.6,50.0
59,1,6.6,47.071,5.099,0.144,Alive,6.6,47.07093999999999
59,2,6.9,47.694,5.624,0.159,Alive,6.9,47.69371
59,3,7.1,48.109,5.991,0.17,Alive,7.1,48.108889999999995
59,4,8.4,50.808,8.752,0.248,Alive,8.4,50.807559999999995
59,5,5.6,44.995,3.578,0.101,Alive,5.6,44.99504
59,6,10.2,54.544,13.725,0.389,Alive,10.2,54.54418
59,7,8.3,50.6,8.516,0.241,Alive,8.3,50.59997
59,8,9.7,53.506,12.201,0.346,Alive,9.7,53.506229999999995
59,9,3.7,41.051,1.557,0.044,Alive,3.7,41.05083
59,10,4.7,43.0,2.48,0.07,Alive,4.7,43.0
59,11,4.3,42.296,2.081,0.059,Alive,4.3,42.29637
59,12,8.1,50.185,8.056,0.228,Alive,8.1,50.18478999999999
59,13,7.2,48.316,6.181,0.175,Alive,7.2,48.31648
59,14,8.0,49.977,7.832,0.222,Alive,8.0,49.9772
59,15,9.5,53.091,11.623,0.329,Alive,9.5,53.09105
59,16,7.0,47.901,5.806,0.164,Alive,7.0,47.90129999999999
59,17,9.5,53.091,11.623,0.329,Alive,9.5,53.09105
59,18,9.4,52.883,11.341,0.321,Alive,9.4,52.88346
59,19,3.4,40.428,1.332,0.038,Alive,3.4,40.428059999999995
59,20,6.2,33.0,3.239,0.092,Alive,6.2,33.0
59,21,6.0,45.825,4.146,0.117,Alive,6.0,45.825399999999995
59,22,7.0,47.901,5.806,0.164,Alive,7.0,47.90129999999999
59,23,7.6,49.147,6.976,0.198,Alive,7.6,49.14684
59,24,4.6,42.919,2.381,0.067,Alive,4.6,42.91914
59,25,7.6,49.147,6.976,0.198,Alive,7.6,49.14684
59,26,4.1,41.881,1.895,0.054,Alive,4.1,41.88119
59,27,9.2,52.468,10.789,0.306,Alive,9.2,52.46827999999999
59,28,8.4,50.808,8.752,0.248,Alive,8.4,50.807559999999995
59,29,4.0,41.674,1.806,0.051,Alive,4.0,41.67359999999999
59,30,8.2,55.0,9.021,0.255,Alive,8.2,55.0
59,31,8.2,50.392,8.284,0.235,Alive,8.2,50.39238
59,32,9.7,53.506,12.201,0.346,Alive,9.7,53.506229999999995
59,33,9.1,52.261,10.519,0.298,Alive,9.1,52.26069
59,34,9.6,53.299,11.91,0.337,Alive,9.6,53.29863999999999
59,35,4.8,43.334,2.596,0.074,Alive,4.8,43.33432
59,36,6.9,47.694,5.624,0.159,Alive,6.9,47.69371
59,37,7.6,49.147,6.976,0.198,Alive,7.6,49.14684
59,38,4.4,42.504,2.178,0.062,Alive,4.4,42.50396
59,39,10.5,55.167,14.695,0.416,Alive,10.5,55.16695
59,40,9.6,53.299,11.91,0.337,Alive,9.6,53.29863999999999
59,41,8.2,50.392,8.284,0.235,Alive,8.2,50.39238
59,42,6.5,46.863,4.932,0.14,Alive,6.5,46.86335
59,43,8.4,50.808,8.752,0.248,Alive,8.4,50.807559999999995
59,44,9.3,52.676,11.063,0.313,Alive,9.3,52.67587
59,45,8.8,51.638,9.737,0.276,Alive,8.8,51.637919999999994
59,46,5.5,44.787,3.444,0.098,Alive,5.5,44.78744999999999
59,47,6.2,46.241,4.45,0.126,Alive,6.2,46.240579999999994
59,48,7.1,48.109,5.991,0.17,Alive,7.1,48.108889999999995
59,49,6.2,46.241,4.45,0.126,Alive,6.2,46.240579999999994
59,50,9.1,52.0,10.468,0.296,Alive,9.1,52.0
59,51,8.9,51.846,9.993,0.283,Alive,8.9,51.84551
59,52,8.3,50.6,8.516,0.241,Alive,8.3,50.59997
59,53,9.0,52.053,10.254,0.29,Alive,9.0,52.0531
59,54,9.0,52.053,10.254,0.29,Alive,9.0,52.0531
59,55,8.9,51.846,9.993,0.283,Alive,8.9,51.84551
59,56,8.4,50.808,8.752,0.248,Alive,8.4,50.807559999999995
59,57,9.2,52.468,10.789,0.306,Alive,9.2,52.46827999999999
59,58,7.7,49.354,7.184,0.203,Alive,7.7,49.354429999999994
59,59,7.5,48.939,6.771,0.192,Alive,7.5,48.939249999999994
59,60,7.9,52.0,7.943,0.225,Alive,7.9,52.0
60,1,8.9,51.846,9.993,0.283,Alive,8.9,51.84551
60,2,5.8,45.41,3.855,0.109,Alive,5.8,45.410219999999995
60,3,8.4,50.808,8.752,0.248,Alive,8.4,50.807559999999995
60,4,10.5,55.167,14.695,0.416,Alive,10.5,55.16695
60,5,7.8,49.562,7.396,0.209,Alive,7.8,49.56202
60,6,4.5,42.712,2.278,0.065,Alive,4.5,42.711549999999995
60,7,5.4,44.58,3.313,0.094,Alive,5.4,44.57986
60,8,9.1,52.261,10.519,0.298,Alive,9.1,52.26069
60,9,8.0,49.977,7.832,0.222,Alive,8.0,49.9772
60,10,5.8,47.0,3.982,0.113,Alive,5.8,47.0
60,11,7.4,48.732,6.571,0.186,Alive,7.4,48.73166
60,12,6.9,47.694,5.624,0.159,Alive,6.9,47.69371
60,13,7.9,49.77,7.612,0.216,Alive,7.9,49.76961
60,14,7.4,48.732,6.571,0.186,Alive,7.4,48.73166
60,15,2.9,39.39,1.008,0.029,Alive,2.9,39.39010999999999
60,16,7.0,47.901,5.806,0.164,Alive,7.0,47.90129999999999
60,17,4.4,42.504,2.178,0.062,Alive,4.4,42.50396
60,18,5.7,45.203,3.715,0.105,Alive,5.7,45.20263
60,19,6.7,47.279,5.271,0.149,Alive,6.7,47.27853
60,20,5.2,44.0,3.051,0.086,Alive,5.2,44.0
60,21,9.9,53.921,12.797,0.362,Alive,9.9,53.921409999999995
60,22,10.5,55.167,14.695,0.416,Alive,10.5,55.16695
60,23,6.3,46.448,4.607,0.13,Alive,6.3,46.44817
60,24,9.8,53.714,12.497,0.354,Alive,9.8,53.71382
60,25,9.4,52.883,11.341,0.321,Alive,9.4,52.88346
60,26,3.1,39.805,1.13,0.032,Alive,3.1,39.80529
60,27,7.9,49.77,7.612,0.216,Alive,7.9,49.76961
60,28,7.2,48.316,6.181,0.175,Alive,7.2,48.31648
60,29,8.5,51.015,8.992,0.255,Alive,8.5,51.01514999999999
60,30,7.4,40.0,5.433,0.154,Alive,7.4,40.0
60,31,9.2,52.468,10.789,0.306,Alive,9.2,52.46827999999999
60,32,6.9,47.694,5.624,0.159,Alive,6.9,47.69371
60,33,4.7,43.127,2.487,0.07,Alive,4.7,43.126729999999995
60,34,6.8,47.486,5.445,0.154,Alive,6.8,47.48612
60,35,4.5,42.712,2.278,0.065,Alive,4.5,42.711549999999995
60,36,5.9,45.618,3.999,0.113,Alive,5.9,45.61781
60,37,4.3,42.296,2.081,0.059,Alive,4.3,42.29637
60,38,6.0,45.825,4.146,0.117,Alive,6.0,45.825399999999995
60,39,8.3,50.6,8.516,0.241,Alive,8.3,50.59997
60,40,4.3,40.0,1.98,0.056,Alive,4.3,40.0
60,41,9.1,52.261,10.519,0.298,Alive,9.1,52.26069
60,42,7.9,49.77,7.612,0.216,Alive,7.9,49.76961
60,43,7.2,48.316,6.181,0.175,Alive,7.2,48.31648
60,44,7.8,49.562,7.396,0.209,Alive,7.8,49.56202
60,45,8.4,50.808,8.752,0.248,Alive,8.4,50.807559999999995
60,46,5.3,44.372,3.186,0.09,Alive,5.3,44.37227
60,47,5.9,45.618,3.999,0.113,Alive,5.9,45.61781
60,48,6.0,45.825,4.146,0.117,Alive,6.0,45.825399999999995
60,49,8.0,49.977,7.832,0.222,Alive,8.0,49.9772
60,50,3.5,39.0,1.357,0.038,Alive,3.5,39.0
60,51,9.1,52.261,10.519,0.298,Alive,9.1,52.26069
60,52,7.5,48.939,6.771,0.192,Alive,7.5,48.939249999999994
60,53,5.4,44.58,3.313,0.094,Alive,5.4,44.57986
60,54,4.7,43.127,2.487,0.07,Alive,4.7,43.126729999999995
60,55,9.2,52.468,10.789,0.306,Alive,9.2,52.46827999999999
60,56,8.7,51.43,9.484,0.269,Alive,8.7,51.43033
60,57,9.2,52.468,10.789,0.306,Alive,9.2,52.46827999999999
60,58,8.8,51.638,9.737,0.276,Alive,8.8,51.637919999999994
60,59,5.4,44.58,3.313,0.094,Alive,5.4,44.57986
60,60,7.6,53.0,7.505,0.213,Alive,7.6,53.0
61,1,8.2,50.392,8.284,0.235,Alive,8.2,50.39238
61,2,7.3,48.524,6.374,0.18,Alive,7.3,48.524069999999995
61,3,0.7,34.823,0.26,0.007,Alive,0.7,34.82313
61,4,9.7,53.506,12.201,0.346,Alive,9.7,53.506229999999995
61,5,7.9,49.77,7.612,0.216,Alive,7.9,49.76961
61,6,8.2,50.392,8.284,0.235,Alive,8.2,50.39238
61,7,6.3,46.448,4.607,0.13,Alive,6.3,46.44817
61,8,8.4,50.808,8.752,0.248,Alive,8.4,50.807559999999995
61,9,6.8,47.486,5.445,0.154,Alive,6.8,47.48612
61,10,4.1,46.0,2.06,0.058,Alive,4.1,46.0
61,11,5.8,45.41,3.855,0.109,Alive,5.8,45.410219999999995
61,12,4.2,42.089,1.987,0.056,Alive,4.2,42.08878
61,13,5.8,45.41,3.855,0.109,Alive,5.8,45.410219999999995
61,14,6.7,47.279,5.271,0.149,Alive,6.7,47.27853
61,15,7.7,49.354,7.184,0.203,Alive,7.7,49.354429999999994
61,16,7.7,49.354,7.184,0.203,Alive,7.7,49.354429999999994
61,17,8.4,50.808,8.752,0.248,Alive,8.4,50.807559999999995
61,18,7.0,47.901,5.806,0.164,Alive,7.0,47.90129999999999
61,19,8.8,51.638,9.737,0.276,Alive,8.8,51.637919999999994
61,20,8.3,54.0,9.073,0.257,Alive,8.3,54.0
61,21,9.3,52.676,11.063,0.313,Alive,9.3,52.67587
61,22,8.7,51.43,9.484,0.269,Alive,8.7,51.43033
61,23,6.5,46.863,4.932,0.14,Alive,6.5,46.86335
61,24,5.3,44.372,3.186,0.09,Alive,5.3,44.37227
61,25,6.3,46.448,4.607,0.13,Alive,6.3,46.44817
61,26,7.3,48.524,6.374,0.18,Alive,7.3,48.524069999999995
61,27,7.1,48.109,5.991,0.17,Alive,7.1,48.108889999999995
61,28,7.7,49.354,7.184,0.203,Alive,7.7,49.354429999999994
61,29,9.4,52.883,11.341,0.321,Alive,9.4,52.88346
61,30,9.9,59.0,13.982,0.396,Alive,9.9,59.0
61,31,4.3,42.296,2.081,0.059,Alive,4.3,42.29637
61,32,9.4,52.883,11.341,0.321,Alive,9.4,52.88346
61,33,6.9,47.694,5.624,0.159,Alive,6.9,47.69371
61,34,7.4,48.732,6.571,0.186,Alive,7.4,48.73166
61,35,7.4,48.732,6.571,0.186,Alive,7.4,48.73166
61,36,4.6,42.919,2.381,0.067,Alive,4.6,42.91914
61,37,8.3,50.6,8.516,0.241,Alive,8.3,50.59997
61,38,8.7,51.43,9.484,0.269,Alive,8.7,51.43033
61,39,5.4,44.58,3.313,0.094,Alive,5.4,44.57986
61,40,7.2,45.0,5.772,0.163,Alive,7.2,45.0
61,41,7.5,48.939,6.771,0.192,Alive,7.5,48.939249999999994
61,42,7.9,49.77,7.612,0.216,Alive,7.9,49.76961
61,43,9.7,53.506,12.201,0.346,Alive,9.7,53.506229999999995
61,44,7.9,49.77,7.612,0.216,Alive,7.9,49.76961
61,45,4.6,42.919,2.381,0.067,Alive,4.6,42.91914
61,46,7.2,48.316,6.181,0.175,Alive,7.2,48.31648
61,47,9.4,52.883,11.341,0.321,Alive,9.4,52.88346
61,48,9.0,52.053,10.254,0.29,Alive,9.0,52.0531
61,49,2.8,39.183,0.951,0.027,Alive,2.8,39.18252
61,50,7.4,53.0,7.127,0.202,Alive,7.4,53.0
61,51,5.1,43.957,2.941,0.083,Alive,5.1,43.957089999999994
61,52,3.4,40.428,1.332,0.038,Alive,3.4,40.428059999999995
61,53,7.3,48.524,6.374,0.18,Alive,7.3,48.524069999999995
61,54,8.3,50.6,8.516,0.241,Alive,8.3,50.59997
61,55,6.2,46.241,4.45,0.126,Alive,6.2,46.240579999999994
61,56,10.7,55.582,15.365,0.435,Alive,10.7,55.58212999999999
61,57,9.3,52.676,11.063,0.313,Alive,9.3,52.67587
61,58,9.7,53.506,12.201,0.346,Alive,9.7,53.506229999999995
61,59,8.1,50.185,8.056,0.228,Alive,8.1,50.18478999999999
61,60,10.3,56.0,14.359,0.407,Alive,10.3,56.0
62,1,8.5,51.015,8.992,0.255,Alive,8.5,51.01514999999999
62,2,5.7,45.203,3.715,0.105,Alive,5.7,45.20263
62,3,7.6,49.147,6.976,0.198,Alive,7.6,49.14684
62,4,8.6,51.223,9.236,0.262,Alive,8.6,51.222739999999995
62,5,7.1,48.109,5.991,0.17,Alive,7.1,48.108889999999995
62,6,7.6,49.147,6.976,0.198,Alive,7.6,49.14684
62,7,8.8,51.638,9.737,0.276,Alive,8.8,51.637919999999994
62,8,7.2,48.316,6.181,0.175,Alive,7.2,48.31648
62,9,3.0,39.598,1.068,0.03,Alive,3.0,39.5977
62,10,9.0,57.0,11.208,0.317,Alive,9.0,57.0
62,11,7.8,49.562,7.396,0.209,Alive,7.8,49.56202
62,12,5.1,43.957,2.941,0.083,Alive,5.1,43.957089999999994
62,13,8.0,49.977,7.832,0.222,Alive,8.0,49.9772
62,14,9.1,52.261,10.519,0.298,Alive,9.1,52.26069
62,15,8.1,50.185,8.056,0.228,Alive,8.1,50.18478999999999
62,16,8.0,49.977,7.832,0.222,Alive,8.0,49.9772
62,17,8.6,51.223,9.236,0.262,Alive,8.6,51.222739999999995
62,18,6.1,46.033,4.296,0.122,Alive,6.1,46.03299
62,19,3.5,40.636,1.404,0.04,Alive,3.5,40.63565
62,20,6.6,54.0,5.818,0.165,Alive,6.6,54.0
62,21,5.7,45.203,3.715,0.105,Alive,5.7,45.20263
62,22,7.2,48.316,6.181,0.175,Alive,7.2,48.31648
62,23,8.3,50.6,8.516,0.241,Alive,8.3,50.59997
62,24,7.7,49.354,7.184,0.203,Alive,7.7,49.354429999999994
62,25,9.5,53.091,11.623,0.329,Alive,9.5,53.09105
62,26,6.5,46.863,4.932,0.14,Alive,6.5,46.86335
62,27,7.1,48.109,5.991,0.17,Alive,7.1,48.108889999999995
62,28,5.7,45.203,3.715,0.105,Alive,5.7,45.20263
62,29,10.8,55.79,15.707,0.445,Alive,10.8,55.78972
62,30,8.5,54.0,9.505,0.269,Alive,8.5,54.0
62,31,7.7,49.354,7.184,0.203,Alive,7.7,49.354429999999994
62,32,8.1,50.185,8.056,0.228,Alive,8.1,50.18478999999999
62,33,8.5,51.015,8.992,0.255,Alive,8.5,51.01514999999999
62,34,8.3,50.6,8.516,0.241,Alive,8.3,50.59997
62,35,2.6,38.767,0.843,0.024,Alive,2.6,38.76734
62,36,6.2,46.241,4.45,0.126,Alive,6.2,46.240579999999994
62,37,8.6,51.223,9.236,0.262,Alive,8.6,51.222739999999995
62,38,9.1,52.261,10.519,0.298,Alive,9.1,52.26069
62,39,6.8,47.486,5.445,0.154,Alive,6.8,47.48612
62,40,6.3,46.0,4.565,0.129,Alive,6.3,46.0
62,41,5.5,44.787,3.444,0.098,Alive,5.5,44.78744999999999
62,42,7.5,48.939,6.771,0.192,Alive,7.5,48.939249999999994
62,43,7.4,48.732,6.571,0.186,Alive,7.4,48.73166
62,44,7.7,49.354,7.184,0.203,Alive,7.7,49.354429999999994
62,45,9.5,53.091,11.623,0.329,Alive,9.5,53.09105
62,46,8.2,50.392,8.284,0.235,Alive,8.2,50.39238
62,47,4.5,42.712,2.278,0.065,Alive,4.5,42.711549999999995
62,48,7.3,48.524,6.374,0.18,Alive,7.3,48.524069999999995
62,49,9.1,52.261,10.519,0.298,Alive,9.1,52.26069
62,50,7.1,47.0,5.858,0.166,Alive,7.1,47.0
62,51,7.1,48.109,5.991,0.17,Alive,7.1,48.108889999999995
62,52,3.5,40.636,1.404,0.04,Alive,3.5,40.63565
62,53,3.7,41.051,1.557,0.044,Alive,3.7,41.05083
62,54,7.5,48.939,6.771,0.192,Alive,7.5,48.939249999999994
62,55,9.2,52.468,10.789,0.306,Alive,9.2,52.46827999999999
62,56,6.3,46.448,4.607,0.13,Alive,6.3,46.44817
62,57,6.8,47.486,5.445,0.154,Alive,6.8,47.48612
62,58,6.9,47.694,5.624,0.159,Alive,6.9,47.69371
62,59,6.7,47.279,5.271,0.149,Alive,6.7,47.27853
62,60,6.7,49.0,5.455,0.154,Alive,6.7,49.0
63,1,7.6,49.147,6.976,0.198,Alive,7.6,49.14684
63,2,6.7,47.279,5.271,0.149,Alive,6.7,47.27853
63,3,7.4,48.732,6.571,0.186,Alive,7.4,48.73166
63,4,7.8,49.562,7.396,0.209,Alive,7.8,49.56202
63,5,7.9,49.77,7.612,0.216,Alive,7.9,49.76961
63,6,11.2,56.62,17.123,0.485,Alive,11.2,56.620079999999994
63,7,9.3,52.676,11.063,0.313,Alive,9.3,52.67587
63,8,3.7,41.051,1.557,0.044,Alive,3.7,41.05083
63,9,8.6,51.223,9.236,0.262,Alive,8.6,51.222739999999995
63,10,6.0,53.0,4.761,0.135,Alive,6.0,53.0
63,11,2.8,39.183,0.951,0.027,Alive,2.8,39.18252
63,12,9.0,52.053,10.254,0.29,Alive,9.0,52.0531
63,13,9.1,52.261,10.519,0.298,Alive,9.1,52.26069
63,14,8.5,51.015,8.992,0.255,Alive,8.5,51.01514999999999
63,15,8.5,51.015,8.992,0.255,Alive,8.5,51.01514999999999
63,16,7.9,49.77,7.612,0.216,Alive,7.9,49.76961
63,17,8.1,50.185,8.056,0.228,Alive,8.1,50.18478999999999
63,18,7.8,49.562,7.396,0.209,Alive,7.8,49.56202
63,19,6.3,46.448,4.607,0.13,Alive,6.3,46.44817
63,20,7.5,58.0,7.984,0.226,Alive,7.5,58.0
63,21,8.6,51.223,9.236,0.262,Alive,8.6,51.222739999999995
63,22,5.3,44.372,3.186,0.09,Alive,5.3,44.37227
63,23,9.0,52.053,10.254,0.29,Alive,9.0,52.0531
63,24,6.2,46.241,4.45,0.126,Alive,6.2,46.240579999999994
63,25,4.9,43.542,2.708,0.077,Alive,4.9,43.54191
63,26,6.1,46.033,4.296,0.122,Alive,6.1,46.03299
63,27,8.2,50.392,8.284,0.235,Alive,8.2,50.39238
63,28,7.2,48.316,6.181,0.175,Alive,7.2,48.31648
63,29,8.5,51.015,8.992,0.255,Alive,8.5,51.01514999999999
63,30,6.7,48.0,5.348,0.151,Alive,6.7,48.0
63,31,9.2,52.468,10.789,0.306,Alive,9.2,52.46827999999999
63,32,9.2,52.468,10.789,0.306,Alive,9.2,52.46827999999999
63,33,5.0,43.75,2.823,0.08,Alive,5.0,43.7495
63,34,7.7,49.354,7.184,0.203,Alive,7.7,49.354429999999994
63,35,8.6,51.223,9.236,0.262,Alive,8.6,51.222739999999995
63,36,10.1,54.337,13.412,0.38,Alive,10.1,54.336589999999994
63,37,9.2,52.468,10.789,0.306,Alive,9.2,52.46827999999999
63,38,8.2,50.392,8.284,0.235,Alive,8.2,50.39238
63,39,4.2,42.089,1.987,0.056,Alive,4.2,42.08878
63,40,6.4,47.0,4.801,0.136,Alive,6.4,47.0
63,41,7.7,49.354,7.184,0.203,Alive,7.7,49.354429999999994
63,42,6.5,46.863,4.932,0.14,Alive,6.5,46.86335
63,43,7.3,48.524,6.374,0.18,Alive,7.3,48.524069999999995
63,44,7.6,49.147,6.976,0.198,Alive,7.6,49.14684
63,45,9.5,53.091,11.623,0.329,Alive,9.5,53.09105
63,46,8.2,50.392,8.284,0.235,Alive,8.2,50.39238
63,47,11.5,57.243,18.237,0.516,Alive,11.5,57.24285
63,48,7.4,48.732,6.571,0.186,Alive,7.4,48.73166
63,49,9.1,52.261,10.519,0.298,Alive,9.1,52.26069
63,50,7.1,51.0,6.338,0.179,Alive,7.1,51.0
63,51,7.0,47.901,5.806,0.164,Alive,7.0,47.90129999999999
63,52,3.6,40.843,1.479,0.042,Alive,3.6,40.843239999999994
63,53,3.7,41.051,1.557,0.044,Alive,3.7,41.05083
63,54,7.3,48.524,6.374,0.18,Alive,7.3,48.524069999999995
63,55,9.1,52.261,10.519,0.298,Alive,9.1,52.26069
63,56,6.3,46.448,4.607,0.13,Alive,6.3,46.44817
63,57,6.7,47.279,5.271,0.149,Alive,6.7,47.27853
63,58,6.9,47.694,5.624,0.159,Alive,6.9,47.69371
63,59,6.8,47.486,5.445,0.154,Alive,6.8,47.48612
63,60,6.7,48.0,5.348,0.151,Alive,6.7,48.0
64,1,6.4,46.656,4.768,0.135,Alive,6.4,46.65576
64,2,7.9,49.77,7.612,0.216,Alive,7.9,49.76961
64,3,6.4,46.656,4.768,0.135,Alive,6.4,46.65576
64,4,6.4,46.656,4.768,0.135,Alive,6.4,46.65576
64,5,6.0,45.825,4.146,0.117,Alive,6.0,45.825399999999995
64,6,9.4,52.883,11.341,0.321,Alive,9.4,52.88346
64,7,9.8,53.714,12.497,0.354,Alive,9.8,53.71382
64,8,0.0,33.37,0.219,0.006,Alive,0.0,33.37
64,9,8.2,50.392,8.284,0.235,Alive,8.2,50.39238
64,10,7.4,53.0,7.127,0.202,Alive,7.4,53.0
64,11,3.6,40.843,1.479,0.042,Alive,3.6,40.843239999999994
64,12,9.0,52.053,10.254,0.29,Alive,9.0,52.0531
64,13,9.0,52.053,10.254,0.29,Alive,9.0,52.0531
64,14,9.7,53.506,12.201,0.346,Alive,9.7,53.506229999999995
64,15,6.2,46.241,4.45,0.126,Alive,6.2,46.240579999999994
64,16,8.4,50.808,8.752,0.248,Alive,8.4,50.807559999999995
64,17,7.0,47.901,5.806,0.164,Alive,7.0,47.90129999999999
64,18,6.6,47.071,5.099,0.144,Alive,6.6,47.07093999999999
64,19,4.5,42.712,2.278,0.065,Alive,4.5,42.711549999999995
64,20,3.3,34.0,1.101,0.031,Alive,3.3,34.0
64,21,7.3,48.524,6.374,0.18,Alive,7.3,48.524069999999995
64,22,9.6,53.299,11.91,0.337,Alive,9.6,53.29863999999999
64,23,7.8,49.562,7.396,0.209,Alive,7.8,49.56202
64,24,7.7,49.354,7.184,0.203,Alive,7.7,49.354429999999994
64,25,3.9,41.466,1.721,0.049,Alive,3.9,41.46601
64,26,4.6,42.919,2.381,0.067,Alive,4.6,42.91914
64,27,3.0,39.598,1.068,0.03,Alive,3.0,39.5977
64,28,3.5,40.636,1.404,0.04,Alive,3.5,40.63565
64,29,5.0,43.75,2.823,0.08,Alive,5.0,43.7495
64,30,5.4,47.0,3.481,0.099,Alive,5.4,47.0
64,31,8.8,51.638,9.737,0.276,Alive,8.8,51.637919999999994
64,32,7.4,48.732,6.571,0.186,Alive,7.4,48.73166
64,33,8.7,51.43,9.484,0.269,Alive,8.7,51.43033
64,34,8.4,50.808,8.752,0.248,Alive,8.4,50.807559999999995
64,35,8.6,51.223,9.236,0.262,Alive,8.6,51.222739999999995
64,36,3.2,40.013,1.195,0.034,Alive,3.2,40.01288
64,37,4.0,41.674,1.806,0.051,Alive,4.0,41.67359999999999
64,38,10.3,54.752,14.044,0.398,Alive,10.3,54.75176999999999
64,39,9.2,52.468,10.789,0.306,Alive,9.2,52.46827999999999
64,40,5.6,51.0,4.026,0.114,Alive,5.6,51.0
64,41,8.2,50.392,8.284,0.235,Alive,8.2,50.39238
64,42,7.4,48.732,6.571,0.186,Alive,7.4,48.73166
64,43,4.9,43.542,2.708,0.077,Alive,4.9,43.54191
64,44,4.1,41.881,1.895,0.054,Alive,4.1,41.88119
64,45,5.3,44.372,3.186,0.09,Alive,5.3,44.37227
64,46,5.8,45.41,3.855,0.109,Alive,5.8,45.410219999999995
64,47,7.1,48.109,5.991,0.17,Alive,7.1,48.108889999999995
64,48,5.8,45.41,3.855,0.109,Alive,5.8,45.410219999999995
64,49,5.3,44.372,3.186,0.09,Alive,5.3,44.37227
64,50,7.6,52.0,7.368,0.209,Alive,7.6,52.0
64,51,5.8,45.41,3.855,0.109,Alive,5.8,45.410219999999995
64,52,5.5,44.787,3.444,0.098,Alive,5.5,44.78744999999999
64,53,7.8,49.562,7.396,0.209,Alive,7.8,49.56202
64,54,7.5,48.939,6.771,0.192,Alive,7.5,48.939249999999994
64,55,5.8,45.41,3.855,0.109,Alive,5.8,45.410219999999995
64,56,5.5,44.787,3.444,0.098,Alive,5.5,44.78744999999999
64,57,7.1,48.109,5.991,0.17,Alive,7.1,48.108889999999995
64,58,7.3,48.524,6.374,0.18,Alive,7.3,48.524069999999995
64,59,6.7,47.279,5.271,0.149,Alive,6.7,47.27853
64,60,7.0,53.0,6.4,0.181,Alive,7.0,53.0
65,1,6.3,46.448,4.607,0.13,Alive,6.3,46.44817
65,2,7.3,48.524,6.374,0.18,Alive,7.3,48.524069999999995
65,3,7.4,48.732,6.571,0.186,Alive,7.4,48.73166
65,4,7.0,47.901,5.806,0.164,Alive,7.0,47.90129999999999
65,5,10.2,54.544,13.725,0.389,Alive,10.2,54.54418
65,6,9.3,52.676,11.063,0.313,Alive,9.3,52.67587
65,7,8.8,51.638,9.737,0.276,Alive,8.8,51.637919999999994
65,8,5.4,44.58,3.313,0.094,Alive,5.4,44.57986
65,9,5.3,44.372,3.186,0.09,Alive,5.3,44.37227
65,10,7.4,54.0,7.257,0.206,Alive,7.4,54.0
65,11,7.2,48.316,6.181,0.175,Alive,7.2,48.31648
65,12,9.8,53.714,12.497,0.354,Alive,9.8,53.71382
65,13,7.9,49.77,7.612,0.216,Alive,7.9,49.76961
65,14,8.6,51.223,9.236,0.262,Alive,8.6,51.222739999999995
65,15,11.0,56.205,16.405,0.465,Alive,11.0,56.204899999999995
65,16,9.0,52.053,10.254,0.29,Alive,9.0,52.0531
65,17,7.6,49.147,6.976,0.198,Alive,7.6,49.14684
65,18,8.0,49.977,7.832,0.222,Alive,8.0,49.9772
65,19,3.9,41.466,1.721,0.049,Alive,3.9,41.46601
65,20,7.0,53.0,6.4,0.181,Alive,7.0,53.0
65,21,7.2,48.316,6.181,0.175,Alive,7.2,48.31648
65,22,7.3,48.524,6.374,0.18,Alive,7.3,48.524069999999995
65,23,6.8,47.486,5.445,0.154,Alive,6.8,47.48612
65,24,5.2,44.165,3.062,0.087,Alive,5.2,44.16468
65,25,7.4,48.732,6.571,0.186,Alive,7.4,48.73166
65,26,4.7,43.127,2.487,0.07,Alive,4.7,43.126729999999995
65,27,8.0,49.977,7.832,0.222,Alive,8.0,49.9772
65,28,8.1,50.185,8.056,0.228,Alive,8.1,50.18478999999999
65,29,9.6,53.299,11.91,0.337,Alive,9.6,53.29863999999999
65,30,6.0,52.0,4.675,0.132,Alive,6.0,52.0
65,31,8.6,51.223,9.236,0.262,Alive,8.6,51.222739999999995
65,32,6.4,46.656,4.768,0.135,Alive,6.4,46.65576
65,33,6.5,46.863,4.932,0.14,Alive,6.5,46.86335
65,34,7.3,48.524,6.374,0.18,Alive,7.3,48.524069999999995
65,35,6.9,47.694,5.624,0.159,Alive,6.9,47.69371
65,36,9.0,52.053,10.254,0.29,Alive,9.0,52.0531
65,37,7.9,49.77,7.612,0.216,Alive,7.9,49.76961
65,38,8.5,51.015,8.992,0.255,Alive,8.5,51.01514999999999
65,39,4.6,42.919,2.381,0.067,Alive,4.6,42.91914
65,40,8.5,56.0,9.849,0.279,Alive,8.5,56.0
65,41,7.2,48.316,6.181,0.175,Alive,7.2,48.31648
65,42,9.1,52.261,10.519,0.298,Alive,9.1,52.26069
65,43,8.7,51.43,9.484,0.269,Alive,8.7,51.43033
65,44,8.2,50.392,8.284,0.235,Alive,8.2,50.39238
65,45,7.0,47.901,5.806,0.164,Alive,7.0,47.90129999999999
65,46,7.0,47.901,5.806,0.164,Alive,7.0,47.90129999999999
65,47,8.3,50.6,8.516,0.241,Alive,8.3,50.59997
65,48,8.6,51.223,9.236,0.262,Alive,8.6,51.222739999999995
65,49,7.4,48.732,6.571,0.186,Alive,7.4,48.73166
65,50,8.7,55.0,10.127,0.287,Alive,8.7,55.0
65,51,8.9,51.846,9.993,0.283,Alive,8.9,51.84551
65,52,9.3,52.676,11.063,0.313,Alive,9.3,52.67587
65,53,7.9,49.77,7.612,0.216,Alive,7.9,49.76961
65,54,0.0,33.37,0.219,0.006,Alive,0.0,33.37
65,55,9.6,53.299,11.91,0.337,Alive,9.6,53.29863999999999
65,56,8.6,51.223,9.236,0.262,Alive,8.6,51.222739999999995
65,57,8.6,51.223,9.236,0.262,Alive,8.6,51.222739999999995
65,58,9.1,52.261,10.519,0.298,Alive,9.1,52.26069
65,59,6.9,47.694,5.624,0.159,Alive,6.9,47.69371
65,60,9.0,54.0,10.63,0.301,Alive,9.0,54.0
66,1,6.7,47.279,5.271,0.149,Alive,6.7,47.27853
66,2,7.5,48.939,6.771,0.192,Alive,7.5,48.939249999999994
66,3,7.4,48.732,6.571,0.186,Alive,7.4,48.73166
66,4,9.5,53.091,11.623,0.329,Alive,9.5,53.09105
66,5,9.1,52.261,10.519,0.298,Alive,9.1,52.26069
66,6,9.8,53.714,12.497,0.354,Alive,9.8,53.71382
66,7,10.3,54.752,14.044,0.398,Alive,10.3,54.75176999999999
66,8,10.8,55.79,15.707,0.445,Alive,10.8,55.78972
66,9,9.4,52.883,11.341,0.321,Alive,9.4,52.88346
66,10,8.9,60.0,11.531,0.327,Alive,8.9,60.0
66,11,6.5,46.863,4.932,0.14,Alive,6.5,46.86335
66,12,5.7,45.203,3.715,0.105,Alive,5.7,45.20263
66,13,9.4,52.883,11.341,0.321,Alive,9.4,52.88346
66,14,9.8,53.714,12.497,0.354,Alive,9.8,53.71382
66,15,3.8,41.258,1.637,0.046,Alive,3.8,41.258419999999994
66,16,9.7,53.506,12.201,0.346,Alive,9.7,53.506229999999995
66,17,8.6,51.223,9.236,0.262,Alive,8.6,51.222739999999995
66,18,8.7,51.43,9.484,0.269,Alive,8.7,51.43033
66,19,3.2,40.013,1.195,0.034,Alive,3.2,40.01288
66,20,7.6,53.0,7.505,0.213,Alive,7.6,53.0
66,21,8.9,51.846,9.993,0.283,Alive,8.9,51.84551
66,22,7.0,47.901,5.806,0.164,Alive,7.0,47.90129999999999
66,23,7.7,49.354,7.184,0.203,Alive,7.7,49.354429999999994
66,24,8.5,51.015,8.992,0.255,Alive,8.5,51.01514999999999
66,25,8.1,50.185,8.056,0.228,Alive,8.1,50.18478999999999
66,26,8.6,51.223,9.236,0.262,Alive,8.6,51.222739999999995
66,27,7.4,48.732,6.571,0.186,Alive,7.4,48.73166
66,28,8.2,50.392,8.284,0.235,Alive,8.2,50.39238
66,29,9.2,52.468,10.789,0.306,Alive,9.2,52.46827999999999
66,30,7.4,54.0,7.257,0.206,Alive,7.4,54.0
66,31,7.8,49.562,7.396,0.209,Alive,7.8,49.56202
66,32,8.5,51.015,8.992,0.255,Alive,8.5,51.01514999999999
66,33,8.4,50.808,8.752,0.248,Alive,8.4,50.807559999999995
66,34,7.9,49.77,7.612,0.216,Alive,7.9,49.76961
66,35,6.9,47.694,5.624,0.159,Alive,6.9,47.69371
66,36,8.4,50.808,8.752,0.248,Alive,8.4,50.807559999999995
66,37,9.3,52.676,11.063,0.313,Alive,9.3,52.67587
66,38,8.1,50.185,8.056,0.228,Alive,8.1,50.18478999999999
66,39,5.2,44.165,3.062,0.087,Alive,5.2,44.16468
66,40,7.7,56.0,8.122,0.23,Alive,7.7,56.0
66,41,8.7,51.43,9.484,0.269,Alive,8.7,51.43033
66,42,7.7,49.354,7.184,0.203,Alive,7.7,49.354429999999994
66,43,7.1,48.109,5.991,0.17,Alive,7.1,48.108889999999995
66,44,6.5,46.863,4.932,0.14,Alive,6.5,46.86335
66,45,5.1,43.957,2.941,0.083,Alive,5.1,43.957089999999994
66,46,8.5,51.015,8.992,0.255,Alive,8.5,51.01514999999999
66,47,8.7,51.43,9.484,0.269,Alive,8.7,51.43033
66,48,10.4,54.959,14.367,0.407,Alive,10.4,54.95936
66,49,7.5,48.939,6.771,0.192,Alive,7.5,48.939249999999994
66,50,9.4,50.0,10.734,0.304,Alive,9.4,50.0
66,51,8.1,50.185,8.056,0.228,Alive,8.1,50.18478999999999
66,52,7.5,48.939,6.771,0.192,Alive,7.5,48.939249999999994
66,53,9.7,53.506,12.201,0.346,Alive,9.7,53.506229999999995
66,54,3.9,41.466,1.721,0.049,Alive,3.9,41.46601
66,55,7.7,49.354,7.184,0.203,Alive,7.7,49.354429999999994
66,56,9.2,52.468,10.789,0.306,Alive,9.2,52.46827999999999
66,57,8.0,49.977,7.832,0.222,Alive,8.0,49.9772
66,58,5.8,45.41,3.855,0.109,Alive,5.8,45.410219999999995
66,59,7.1,48.109,5.991,0.17,Alive,7.1,48.108889999999995
66,60,8.7,60.0,11.028,0.312,Alive,8.7,60.0
67,1,5.4,44.58,3.313,0.094,Alive,5.4,44.57986
67,2,8.5,51.015,8.992,0.255,Alive,8.5,51.01514999999999
67,3,8.700000000000001,51.43,9.484,0.269,Alive,8.700000000000001,51.43033
67,4,9.9,53.921,12.797,0.362,Alive,9.9,53.921409999999995
67,5,4.3,42.296,2.081,0.059,Alive,4.3,42.29637
67,6,10.9,55.997,16.054,0.455,Alive,10.9,55.99731
67,7,8.200000000000001,50.392,8.284,0.235,Alive,8.200000000000001,50.39238
67,8,9.9,53.921,12.797,0.362,Alive,9.9,53.921409999999995
67,9,8.5,51.015,8.992,0.255,Alive,8.5,51.01514999999999
67,10,7.1000000000000005,57.0,7.058,0.2,Alive,7.1000000000000005,57.0
67,11,10.9,55.997,16.054,0.455,Alive,10.9,55.99731
67,12,7.800000000000001,49.562,7.396,0.209,Alive,7.800000000000001,49.56202
67,13,9.3,52.676,11.063,0.313,Alive,9.3,52.67587
67,14,8.1,50.185,8.056,0.228,Alive,8.1,50.18478999999999
67,15,6.800000000000001,47.486,5.445,0.154,Alive,6.800000000000001,47.48612
67,16,7.4,48.732,6.571,0.186,Alive,7.4,48.73166
67,17,8.4,50.808,8.752,0.248,Alive,8.4,50.807559999999995
67,18,7.0,47.901,5.806,0.164,Alive,7.0,47.90129999999999
67,19,9.7,53.506,12.201,0.346,Alive,9.7,53.50623
67,20,7.4,54.0,7.257,0.206,Alive,7.4,54.0
67,21,9.4,52.883,11.341,0.321,Alive,9.4,52.88346
67,22,7.6,49.147,6.976,0.198,Alive,7.6,49.14684
67,23,8.6,51.223,9.236,0.262,Alive,8.6,51.222739999999995
67,24,6.5,46.863,4.932,0.14,Alive,6.5,46.86335
67,25,6.4,46.656,4.768,0.135,Alive,6.4,46.65576
67,26,8.6,51.223,9.236,0.262,Alive,8.6,51.222739999999995
67,27,9.3,52.676,11.063,0.313,Alive,9.3,52.67587
67,28,6.9,47.694,5.624,0.159,Alive,6.9,47.69371
67,29,8.5,51.015,8.992,0.255,Alive,8.5,51.01514999999999
67,30,7.7,47.0,6.852,0.194,Alive,7.7,47.0
67,31,7.2,48.316,6.181,0.175,Alive,7.2,48.31648
67,32,8.4,50.808,8.752,0.248,Alive,8.4,50.807559999999995
67,33,8.0,49.977,7.832,0.222,Alive,8.0,49.9772
67,34,9.6,53.299,11.91,0.337,Alive,9.6,53.29864
67,35,8.6,51.223,9.236,0.262,Alive,8.6,51.222739999999995
67,36,8.0,49.977,7.832,0.222,Alive,8.0,49.9772
67,37,7.800000000000001,49.562,7.396,0.209,Alive,7.800000000000001,49.56202
67,38,7.9,49.77,7.612,0.216,Alive,7.9,49.76961
67,39,5.6000000000000005,44.995,3.578,0.101,Alive,5.6000000000000005,44.99504
67,40,7.300000000000001,55.0,7.195,0.204,Alive,7.300000000000001,55.0
67,41,8.8,51.638,9.737,0.276,Alive,8.8,51.637919999999994
67,42,7.1000000000000005,48.109,5.991,0.17,Alive,7.1000000000000005,48.108889999999995
67,43,9.1,52.261,10.519,0.298,Alive,9.1,52.26069
67,44,6.300000000000001,46.448,4.607,0.13,Alive,6.300000000000001,46.44817
67,45,2.8000000000000003,39.183,0.951,0.027,Alive,2.8000000000000003,39.18252
67,46,4.0,41.674,1.806,0.051,Alive,4.0,41.67359999999999
67,47,7.800000000000001,49.562,7.396,0.209,Alive,7.800000000000001,49.56202
67,48,9.4,52.883,11.341,0.321,Alive,9.4,52.88346
67,49,8.200000000000001,50.392,8.284,0.235,Alive,8.200000000000001,50.39238
67,50,4.1000000000000005,41.881,1.895,0.054,Alive,4.1000000000000005,41.88119
67,51,7.300000000000001,48.524,6.374,0.18,Alive,7.300000000000001,48.524069999999995
67,52,9.4,52.883,11.341,0.321,Alive,9.4,52.88346
67,53,10.0,54.129,13.102,0.371,Alive,10.0,54.129
67,54,9.9,53.921,12.797,0.362,Alive,9.9,53.921409999999995
67,55,6.4,46.656,4.768,0.135,Alive,6.4,46.65576
67,56,9.7,53.506,12.201,0.346,Alive,9.7,53.50623
67,57,7.4,48.732,6.571,0.186,Alive,7.4,48.73166
67,58,6.7,47.279,5.271,0.149,Alive,6.7,47.27853
67,59,6.9,47.694,5.624,0.159,Alive,6.9,47.69371
67,60,9.2,60.0,12.306,0.348,Alive,9.2,60.0
68,1,8.1,50.185,8.056,0.228,Alive,8.1,50.18478999999999
68,2,6.6000000000000005,47.071,5.099,0.144,Alive,6.6000000000000005,47.07094
68,3,9.4,52.883,11.341,0.321,Alive,9.4,52.88346
68,4,8.1,50.185,8.056,0.228,Alive,8.1,50.18478999999999
68,5,8.6,51.223,9.236,0.262,Alive,8.6,51.222739999999995
68,6,10.5,55.167,14.695,0.416,Alive,10.5,55.16695
68,7,8.200000000000001,50.392,8.284,0.235,Alive,8.200000000000001,50.39238
68,8,6.6000000000000005,47.071,5.099,0.144,Alive,6.6000000000000005,47.07094
68,9,8.700000000000001,51.43,9.484,0.269,Alive,8.700000000000001,51.43033
68,10,7.2,52.0,6.635,0.188,Alive,7.2,52.0
68,11,9.7,53.506,12.201,0.346,Alive,9.7,53.50623
68,12,7.300000000000001,48.524,6.374,0.18,Alive,7.300000000000001,48.524069999999995
68,13,7.7,49.354,7.184,0.203,Alive,7.7,49.354429999999994
68,14,6.2,46.241,4.45,0.126,Alive,6.2,46.240579999999994
68,15,5.300000000000001,44.372,3.186,0.09,Alive,5.300000000000001,44.37227
68,16,8.200000000000001,50.392,8.284,0.235,Alive,8.200000000000001,50.39238
68,17,9.5,53.091,11.623,0.329,Alive,9.5,53.09105
68,18,3.6,40.843,1.479,0.042,Alive,3.6,40.843239999999994
68,19,6.800000000000001,47.486,5.445,0.154,Alive,6.800000000000001,47.48612
68,20,7.2,47.0,6.018,0.17,Alive,7.2,47.0
68,21,10.0,54.129,13.102,0.371,Alive,10.0,54.129
68,22,4.7,43.127,2.487,0.07,Alive,4.7,43.126729999999995
68,23,8.3,50.6,8.516,0.241,Alive,8.3,50.59997
68,24,3.9,41.466,1.721,0.049,Alive,3.9,41.46601
68,25,3.4000000000000004,40.428,1.332,0.038,Alive,3.4000000000000004,40.428059999999995
68,26,3.9,41.466,1.721,0.049,Alive,3.9,41.46601
68,27,7.4,48.732,6.571,0.186,Alive,7.4,48.73166
68,28,7.9,49.77,7.612,0.216,Alive,7.9,49.76961
68,29,8.4,50.808,8.752,0.248,Alive,8.4,50.807559999999995
68,30,8.4,59.0,10.128,0.287,Alive,8.4,59.0
68,31,5.9,45.618,3.999,0.113,Alive,5.9,45.61781
68,32,6.9,47.694,5.624,0.159,Alive,6.9,47.69371
68,33,6.7,47.279,5.271,0.149,Alive,6.7,47.27853
68,34,3.4000000000000004,40.428,1.332,0.038,Alive,3.4000000000000004,40.428059999999995
68,35,6.4,46.656,4.768,0.135,Alive,6.4,46.65576
68,36,9.3,52.676,11.063,0.313,Alive,9.3,52.67587
68,37,8.9,51.846,9.993,0.283,Alive,8.9,51.84551
68,38,7.800000000000001,49.562,7.396,0.209,Alive,7.800000000000001,49.56202
68,39,7.300000000000001,48.524,6.374,0.18,Alive,7.300000000000001,48.524069999999995
68,40,4.7,47.0,2.69,0.076,Alive,4.7,47.0
68,41,5.4,44.58,3.313,0.094,Alive,5.4,44.57986
68,42,8.700000000000001,51.43,9.484,0.269,Alive,8.700000000000001,51.43033
68,43,8.9,51.846,9.993,0.283,Alive,8.9,51.84551
68,44,7.2,48.316,6.181,0.175,Alive,7.2,48.31648
68,45,8.8,51.638,9.737,0.276,Alive,8.8,51.637919999999994
68,46,8.3,50.6,8.516,0.241,Alive,8.3,50.59997
68,47,10.4,54.959,14.367,0.407,Alive,10.4,54.95936
68,48,8.8,51.638,9.737,0.276,Alive,8.8,51.637919999999994
68,49,8.3,50.6,8.516,0.241,Alive,8.3,50.59997
68,50,8.4,53.0,9.12,0.258,Alive,8.4,53.0
68,51,9.5,53.091,11.623,0.329,Alive,9.5,53.09105
68,52,8.5,51.015,8.992,0.255,Alive,8.5,51.01514999999999
68,53,7.300000000000001,48.524,6.374,0.18,Alive,7.300000000000001,48.524069999999995
68,54,7.7,49.354,7.184,0.203,Alive,7.7,49.354429999999994
68,55,7.1000000000000005,48.109,5.991,0.17,Alive,7.1000000000000005,48.108889999999995
68,56,4.7,43.127,2.487,0.07,Alive,4.7,43.126729999999995
68,57,8.4,50.808,8.752,0.248,Alive,8.4,50.807559999999995
68,58,10.3,54.752,14.044,0.398,Alive,10.3,54.75176999999999
68,59,7.300000000000001,48.524,6.374,0.18,Alive,7.300000000000001,48.524069999999995
68,60,9.7,61.0,13.879,0.393,Alive,9.7,61.0
69,1,11.9,58.073,19.792,0.56,Alive,11.9,58.07321
69,2,8.5,51.015,8.992,0.255,Alive,8.5,51.01514999999999
69,3,7.5,48.939,6.771,0.192,Alive,7.5,48.939249999999994
69,4,8.4,50.808,8.752,0.248,Alive,8.4,50.807559999999995
69,5,8.1,50.185,8.056,0.228,Alive,8.1,50.18478999999999
69,6,6.5,46.863,4.932,0.14,Alive,6.5,46.86335
69,7,10.8,55.79,15.707,0.445,Alive,10.8,55.78972
69,8,9.3,52.676,11.063,0.313,Alive,9.3,52.67587
69,9,10.3,54.752,14.044,0.398,Alive,10.3,54.75176999999999
69,10,8.700000000000001,63.0,11.568,0.328,Alive,8.700000000000001,63.0
69,11,4.5,42.712,2.278,0.065,Alive,4.5,42.711549999999995
69,12,8.9,51.846,9.993,0.283,Alive,8.9,51.84551
69,13,8.700000000000001,51.43,9.484,0.269,Alive,8.700000000000001,51.43033
69,14,9.0,52.053,10.254,0.29,Alive,9.0,52.0531
69,15,8.200000000000001,50.392,8.284,0.235,Alive,8.200000000000001,50.39238
69,16,8.6,51.223,9.236,0.262,Alive,8.6,51.222739999999995
69,17,7.800000000000001,49.562,7.396,0.209,Alive,7.800000000000001,49.56202
69,18,6.800000000000001,47.486,5.445,0.154,Alive,6.800000000000001,47.48612
69,19,8.5,51.015,8.992,0.255,Alive,8.5,51.01514999999999
69,20,7.7,51.0,7.416,0.21,Alive,7.7,51.0
69,21,7.0,47.901,5.806,0.164,Alive,7.0,47.90129999999999
69,22,9.7,53.506,12.201,0.346,Alive,9.7,53.50623
69,23,8.9,51.846,9.993,0.283,Alive,8.9,51.84551
69,24,9.1,52.261,10.519,0.298,Alive,9.1,52.26069
69,25,7.1000000000000005,48.109,5.991,0.17,Alive,7.1000000000000005,48.108889999999995
69,26,10.2,54.544,13.725,0.389,Alive,10.2,54.54418
69,27,7.0,47.901,5.806,0.164,Alive,7.0,47.90129999999999
69,28,7.800000000000001,49.562,7.396,0.209,Alive,7.800000000000001,49.56202
69,29,8.5,51.015,8.992,0.255,Alive,8.5,51.01514999999999
69,30,3.4000000000000004,36.0,1.21,0.034,Alive,3.4000000000000004,36.0
69,31,6.9,47.694,5.624,0.159,Alive,6.9,47.69371
69,32,7.0,47.901,5.806,0.164,Alive,7.0,47.90129999999999
69,33,8.5,51.015,8.992,0.255,Alive,8.5,51.01514999999999
69,34,3.6,40.843,1.479,0.042,Alive,3.6,40.843239999999994
69,35,6.1000000000000005,46.033,4.296,0.122,Alive,6.1000000000000005,46.03299
69,36,7.800000000000001,49.562,7.396,0.209,Alive,7.800000000000001,49.56202
69,37,3.2,40.013,1.195,0.034,Alive,3.2,40.01288
69,38,8.5,51.015,8.992,0.255,Alive,8.5,51.01514999999999
69,39,8.4,50.808,8.752,0.248,Alive,8.4,50.807559999999995
69,40,5.800000000000001,42.0,3.582,0.101,Alive,5.800000000000001,42.0
69,41,5.7,45.203,3.715,0.105,Alive,5.7,45.20263
69,42,8.5,51.015,8.992,0.255,Alive,8.5,51.01514999999999
69,43,4.7,43.127,2.487,0.07,Alive,4.7,43.126729999999995
69,44,9.2,52.468,10.789,0.306,Alive,9.2,52.46828
69,45,6.800000000000001,47.486,5.445,0.154,Alive,6.800000000000001,47.48612
69,46,6.300000000000001,46.448,4.607,0.13,Alive,6.300000000000001,46.44817
69,47,5.4,44.58,3.313,0.094,Alive,5.4,44.57986
69,48,5.9,45.618,3.999,0.113,Alive,5.9,45.61781
69,49,9.1,52.261,10.519,0.298,Alive,9.1,52.26069
69,50,8.8,52.0,9.803,0.278,Alive,8.8,52.0
69,51,6.5,46.863,4.932,0.14,Alive,6.5,46.86335
69,52,8.4,50.808,8.752,0.248,Alive,8.4,50.807559999999995
69,53,6.800000000000001,47.486,5.445,0.154,Alive,6.800000000000001,47.48612
69,54,6.1000000000000005,46.033,4.296,0.122,Alive,6.1000000000000005,46.03299
69,55,5.2,44.165,3.062,0.087,Alive,5.2,44.16468
69,56,12.0,58.281,20.193,0.572,Alive,12.0,58.2808
69,57,9.3,52.676,11.063,0.313,Alive,9.3,52.67587
69,58,7.9,49.77,7.612,0.216,Alive,7.9,49.76961
69,59,7.800000000000001,49.562,7.396,0.209,Alive,7.800000000000001,49.56202
69,60,4.0,37.0,1.628,0.046,Alive,4.0,37.0
70,1,6.5,46.863,4.932,0.14,Alive,6.5,46.86335
70,2,10.1,54.337,13.412,0.38,Alive,10.1,54.33659
70,3,8.5,51.015,8.992,0.255,Alive,8.5,51.01514999999999
70,4,9.5,53.091,11.623,0.329,Alive,9.5,53.09105
70,5,8.8,51.638,9.737,0.276,Alive,8.8,51.637919999999994
70,6,8.700000000000001,51.43,9.484,0.269,Alive,8.700000000000001,51.43033
70,7,10.5,55.167,14.695,0.416,Alive,10.5,55.16695
70,8,5.4,44.58,3.313,0.094,Alive,5.4,44.57986
70,9,8.3,50.6,8.516,0.241,Alive,8.3,50.59997
70,10,7.2,48.316,6.181,0.175,Alive,7.2,48.31648
70,11,11.3,56.828,17.49,0.495,Alive,11.3,56.82767
70,12,8.8,51.638,9.737,0.276,Alive,8.8,51.637919999999994
70,13,7.2,48.316,6.181,0.175,Alive,7.2,48.31648
70,14,4.9,43.542,2.708,0.077,Alive,4.9,43.54191
70,15,10.3,54.752,14.044,0.398,Alive,10.3,54.75176999999999
70,16,8.1,50.185,8.056,0.228,Alive,8.1,50.18478999999999
70,17,5.9,45.618,3.999,0.113,Alive,5.9,45.61781
70,18,7.0,47.901,5.806,0.164,Alive,7.0,47.90129999999999
70,19,7.0,47.901,5.806,0.164,Alive,7.0,47.90129999999999
70,20,6.6000000000000005,55.0,5.921,0.168,Alive,6.6000000000000005,55.0
70,21,9.6,53.299,11.91,0.337,Alive,9.6,53.29864
70,22,9.1,52.261,10.519,0.298,Alive,9.1,52.26069
70,23,5.9,45.618,3.999,0.113,Alive,5.9,45.61781
70,24,5.6000000000000005,44.995,3.578,0.101,Alive,5.6000000000000005,44.99504
70,25,6.800000000000001,47.486,5.445,0.154,Alive,6.800000000000001,47.48612
70,26,7.6,49.147,6.976,0.198,Alive,7.6,49.14684
70,27,7.800000000000001,49.562,7.396,0.209,Alive,7.800000000000001,49.56202
70,28,7.5,48.939,6.771,0.192,Alive,7.5,48.939249999999994
70,29,8.5,51.015,8.992,0.255,Alive,8.5,51.01514999999999
70,30,9.2,58.0,11.903,0.337,Alive,9.2,58.0
70,31,9.0,52.053,10.254,0.29,Alive,9.0,52.0531
70,32,8.8,51.638,9.737,0.276,Alive,8.8,51.637919999999994
70,33,7.800000000000001,49.562,7.396,0.209,Alive,7.800000000000001,49.56202
70,34,8.6,51.223,9.236,0.262,Alive,8.6,51.222739999999995
70,35,7.9,49.77,7.612,0.216,Alive,7.9,49.76961
70,36,6.6000000000000005,47.071,5.099,0.144,Alive,6.6000000000000005,47.07094
70,37,2.9000000000000004,39.39,1.008,0.029,Alive,2.9000000000000004,39.39011
70,38,7.6,49.147,6.976,0.198,Alive,7.6,49.14684
70,39,4.5,42.712,2.278,0.065,Alive,4.5,42.711549999999995
70,40,8.8,58.0,10.909,0.309,Alive,8.8,58.0
70,41,7.0,47.901,5.806,0.164,Alive,7.0,47.90129999999999
70,42,8.700000000000001,51.43,9.484,0.269,Alive,8.700000000000001,51.43033
70,43,9.9,53.921,12.797,0.362,Alive,9.9,53.921409999999995
70,44,4.0,41.674,1.806,0.051,Alive,4.0,41.67359999999999
70,45,10.8,55.79,15.707,0.445,Alive,10.8,55.78972
70,46,9.0,52.053,10.254,0.29,Alive,9.0,52.0531
70,47,7.800000000000001,49.562,7.396,0.209,Alive,7.800000000000001,49.56202
70,48,7.0,47.901,5.806,0.164,Alive,7.0,47.90129999999999
70,49,9.1,52.261,10.519,0.298,Alive,9.1,52.26069
70,50,7.300000000000001,51.0,6.688,0.189,Alive,7.300000000000001,51.0
70,51,8.3,50.6,8.516,0.241,Alive,8.3,50.59997
70,52,6.1000000000000005,46.033,4.296,0.122,Alive,6.1000000000000005,46.03299
70,53,8.1,50.185,8.056,0.228,Alive,8.1,50.18478999999999
70,54,5.7,45.203,3.715,0.105,Alive,5.7,45.20263
70,55,7.1000000000000005,48.109,5.991,0.17,Alive,7.1000000000000005,48.108889999999995
70,56,6.800000000000001,47.486,5.445,0.154,Alive,6.800000000000001,47.48612
70,57,8.1,50.185,8.056,0.228,Alive,8.1,50.18478999999999
70,58,7.0,47.901,5.806,0.164,Alive,7.0,47.90129999999999
70,59,8.0,49.977,7.832,0.222,Alive,8.0,49.9772
70,60,9.7,62.0,14.103,0.399,Alive,9.7,62.0
71,1,6.1000000000000005,46.033,4.296,0.122,Alive,6.1000000000000005,46.03299
71,2,7.2,48.316,6.181,0.175,Alive,7.2,48.31648
71,3,3.5,40.636,1.404,0.04,Alive,3.5,40.63565
71,4,3.5,40.636,1.404,0.04,Alive,3.5,40.63565
71,5,8.200000000000001,50.392,8.284,0.235,Alive,8.200000000000001,50.39238
71,6,8.0,49.977,7.832,0.222,Alive,8.0,49.9772
71,7,6.4,46.656,4.768,0.135,Alive,6.4,46.65576
71,8,6.9,47.694,5.624,0.159,Alive,6.9,47.69371
71,9,8.200000000000001,50.392,8.284,0.235,Alive,8.200000000000001,50.39238
71,10,2.7,26.0,0.671,0.019,Alive,2.7,26.0
71,11,2.6,38.767,0.843,0.024,Alive,2.6,38.76734
71,12,8.6,51.223,9.236,0.262,Alive,8.6,51.222739999999995
71,13,8.8,51.638,9.737,0.276,Alive,8.8,51.637919999999994
71,14,6.0,45.825,4.146,0.117,Alive,6.0,45.825399999999995
71,15,7.2,48.316,6.181,0.175,Alive,7.2,48.31648
71,16,9.8,53.714,12.497,0.354,Alive,9.8,53.71382
71,17,10.6,55.375,15.028,0.426,Alive,10.6,55.37454
71,18,7.9,49.77,7.612,0.216,Alive,7.9,49.76961
71,19,5.7,45.203,3.715,0.105,Alive,5.7,45.20263
71,20,7.800000000000001,58.0,8.618,0.244,Alive,7.800000000000001,58.0
71,21,7.9,49.77,7.612,0.216,Alive,7.9,49.76961
71,22,5.5,44.787,3.444,0.098,Alive,5.5,44.78744999999999
71,23,8.8,51.638,9.737,0.276,Alive,8.8,51.637919999999994
71,24,3.9,41.466,1.721,0.049,Alive,3.9,41.46601
71,25,4.7,43.127,2.487,0.07,Alive,4.7,43.126729999999995
71,26,5.9,45.618,3.999,0.113,Alive,5.9,45.61781
71,27,5.9,45.618,3.999,0.113,Alive,5.9,45.61781
71,28,8.1,50.185,8.056,0.228,Alive,8.1,50.18478999999999
71,29,7.300000000000001,48.524,6.374,0.18,Alive,7.300000000000001,48.524069999999995
71,30,4.3,41.0,2.024,0.057,Alive,4.3,41.0
71,31,7.4,48.732,6.571,0.186,Alive,7.4,48.73166
71,32,2.9000000000000004,39.39,1.008,0.029,Alive,2.9000000000000004,39.39011
71,33,3.1,39.805,1.13,0.032,Alive,3.1,39.80529
71,34,7.4,48.732,6.571,0.186,Alive,7.4,48.73166
71,35,9.3,52.676,11.063,0.313,Alive,9.3,52.67587
71,36,6.7,47.279,5.271,0.149,Alive,6.7,47.27853
71,37,9.5,53.091,11.623,0.329,Alive,9.5,53.09105
71,38,7.300000000000001,48.524,6.374,0.18,Alive,7.300000000000001,48.524069999999995
71,39,4.0,41.674,1.806,0.051,Alive,4.0,41.67359999999999
71,40,7.0,50.0,6.05,0.171,Alive,7.0,50.0
71,41,8.6,51.223,9.236,0.262,Alive,8.6,51.222739999999995
71,42,8.200000000000001,50.392,8.284,0.235,Alive,8.200000000000001,50.39238
71,43,9.6,53.299,11.91,0.337,Alive,9.6,53.29864
71,44,6.6000000000000005,47.071,5.099,0.144,Alive,6.6000000000000005,47.07094
71,45,7.300000000000001,48.524,6.374,0.18,Alive,7.300000000000001,48.524069999999995
71,46,7.2,48.316,6.181,0.175,Alive,7.2,48.31648
71,47,5.9,45.618,3.999,0.113,Alive,5.9,45.61781
71,48,8.1,50.185,8.056,0.228,Alive,8.1,50.18478999999999
71,49,7.9,49.77,7.612,0.216,Alive,7.9,49.76961
71,50,8.700000000000001,50.0,9.227,0.261,Alive,8.700000000000001,50.0
71,51,7.7,49.354,7.184,0.203,Alive,7.7,49.354429999999994
71,52,8.200000000000001,50.392,8.284,0.235,Alive,8.200000000000001,50.39238
71,53,3.2,40.013,1.195,0.034,Alive,3.2,40.01288
71,54,7.7,49.354,7.184,0.203,Alive,7.7,49.354429999999994
71,55,7.300000000000001,48.524,6.374,0.18,Alive,7.300000000000001,48.524069999999995
71,56,7.1000000000000005,48.109,5.991,0.17,Alive,7.1000000000000005,48.108889999999995
71,57,10.2,54.544,13.725,0.389,Alive,10.2,54.54418
71,58,6.9,47.694,5.624,0.159,Alive,6.9,47.69371
71,59,7.7,49.354,7.184,0.203,Alive,7.7,49.354429999999994
71,60,6.6000000000000005,48.0,5.196,0.147,Alive,6.6000000000000005,48.0
72,1,9.3,52.676,11.063,0.313,Alive,9.3,52.67587
72,2,9.2,52.468,10.789,0.306,Alive,9.2,52.46828
72,3,8.1,50.185,8.056,0.228,Alive,8.1,50.18478999999999
72,4,6.800000000000001,47.486,5.445,0.154,Alive,6.800000000000001,47.48612
72,5,3.9,41.466,1.721,0.049,Alive,3.9,41.46601
72,6,8.4,50.808,8.752,0.248,Alive,8.4,50.807559999999995
72,7,8.8,51.638,9.737,0.276,Alive,8.8,51.637919999999994
72,8,9.6,53.299,11.91,0.337,Alive,9.6,53.29864
72,9,5.0,43.75,2.823,0.08,Alive,5.0,43.7495
72,10,9.3,68.0,14.217,0.403,Alive,9.3,68.0
72,11,9.2,52.468,10.789,0.306,Alive,9.2,52.46828
72,12,2.7,38.975,0.896,0.025,Alive,2.7,38.97493
72,13,10.5,55.167,14.695,0.416,Alive,10.5,55.16695
72,14,9.9,53.921,12.797,0.362,Alive,9.9,53.921409999999995
72,15,8.3,50.6,8.516,0.241,Alive,8.3,50.59997
72,16,9.3,52.676,11.063,0.313,Alive,9.3,52.67587
72,17,8.200000000000001,50.392,8.284,0.235,Alive,8.200000000000001,50.39238
72,18,7.9,49.77,7.612,0.216,Alive,7.9,49.76961
72,19,5.300000000000001,44.372,3.186,0.09,Alive,5.300000000000001,44.37227
72,20,9.9,65.0,15.382,0.436,Alive,9.9,65.0
72,21,6.4,46.656,4.768,0.135,Alive,6.4,46.65576
72,22,9.2,52.468,10.789,0.306,Alive,9.2,52.46828
72,23,7.800000000000001,49.562,7.396,0.209,Alive,7.800000000000001,49.56202
72,24,7.2,48.316,6.181,0.175,Alive,7.2,48.31648
72,25,6.7,47.279,5.271,0.149,Alive,6.7,47.27853
72,26,7.300000000000001,48.524,6.374,0.18,Alive,7.300000000000001,48.524069999999995
72,27,8.3,50.6,8.516,0.241,Alive,8.3,50.59997
72,28,7.2,48.316,6.181,0.175,Alive,7.2,48.31648
72,29,7.800000000000001,49.562,7.396,0.209,Alive,7.800000000000001,49.56202
72,30,5.5,52.0,3.963,0.112,Alive,5.5,52.0
72,31,6.800000000000001,47.486,5.445,0.154,Alive,6.800000000000001,47.48612
72,32,8.4,50.808,8.752,0.248,Alive,8.4,50.807559999999995
72,33,8.8,51.638,9.737,0.276,Alive,8.8,51.637919999999994
72,34,9.0,52.053,10.254,0.29,Alive,9.0,52.0531
72,35,8.9,51.846,9.993,0.283,Alive,8.9,51.84551
72,36,8.200000000000001,50.392,8.284,0.235,Alive,8.200000000000001,50.39238
72,37,7.9,49.77,7.612,0.216,Alive,7.9,49.76961
72,38,7.7,49.354,7.184,0.203,Alive,7.7,49.354429999999994
72,39,8.0,49.977,7.832,0.222,Alive,8.0,49.9772
72,40,8.3,63.0,10.549,0.299,Alive,8.3,63.0
72,41,9.8,53.714,12.497,0.354,Alive,9.8,53.71382
72,42,8.700000000000001,51.43,9.484,0.269,Alive,8.700000000000001,51.43033
72,43,9.0,52.053,10.254,0.29,Alive,9.0,52.0531
72,44,8.9,51.846,9.993,0.283,Alive,8.9,51.84551
72,45,8.200000000000001,50.392,8.284,0.235,Alive,8.200000000000001,50.39238
72,46,5.800000000000001,45.41,3.855,0.109,Alive,5.800000000000001,45.410219999999995
72,47,8.700000000000001,51.43,9.484,0.269,Alive,8.700000000000001,51.43033
72,48,7.300000000000001,48.524,6.374,0.18,Alive,7.300000000000001,48.524069999999995
72,49,9.1,52.261,10.519,0.298,Alive,9.1,52.26069
72,50,8.1,55.0,8.808,0.249,Alive,8.1,55.0
72,51,3.2,40.013,1.195,0.034,Alive,3.2,40.01288
72,52,4.5,42.712,2.278,0.065,Alive,4.5,42.711549999999995
72,53,5.7,45.203,3.715,0.105,Alive,5.7,45.20263
72,54,4.9,43.542,2.708,0.077,Alive,4.9,43.54191
72,55,2.7,38.975,0.896,0.025,Alive,2.7,38.97493
72,56,8.1,50.185,8.056,0.228,Alive,8.1,50.18478999999999
72,57,7.1000000000000005,48.109,5.991,0.17,Alive,7.1000000000000005,48.108889999999995
72,58,8.1,50.185,8.056,0.228,Alive,8.1,50.18478999999999
72,59,4.3,42.296,2.081,0.059,Alive,4.3,42.29637
72,60,7.9,52.0,7.943,0.225,Alive,7.9,52.0
73,1,8.4,50.808,8.752,0.248,Alive,8.4,50.807559999999995
73,2,7.5,48.939,6.771,0.192,Alive,7.5,48.939249999999994
73,3,9.4,52.883,11.341,0.321,Alive,9.4,52.88346
73,4,8.8,51.638,9.737,0.276,Alive,8.8,51.637919999999994
73,5,8.3,50.6,8.516,0.241,Alive,8.3,50.59997
73,6,9.7,53.506,12.201,0.346,Alive,9.7,53.50623
73,7,4.5,42.712,2.278,0.065,Alive,4.5,42.711549999999995
73,8,4.6000000000000005,42.919,2.381,0.067,Alive,4.6000000000000005,42.91914
73,9,8.0,49.977,7.832,0.222,Alive,8.0,49.9772
73,10,8.9,56.0,10.777,0.305,Alive,8.9,56.0
73,11,9.7,53.506,12.201,0.346,Alive,9.7,53.50623
73,12,4.5,42.712,2.278,0.065,Alive,4.5,42.711549999999995
73,13,9.6,53.299,11.91,0.337,Alive,9.6,53.29864
73,14,9.0,52.053,10.254,0.29,Alive,9.0,52.0531
73,15,9.9,53.921,12.797,0.362,Alive,9.9,53.921409999999995
73,16,8.4,50.808,8.752,0.248,Alive,8.4,50.807559999999995
73,17,8.1,50.185,8.056,0.228,Alive,8.1,50.18478999999999
73,18,9.0,52.053,10.254,0.29,Alive,9.0,52.0531
73,19,5.1000000000000005,43.957,2.941,0.083,Alive,5.1000000000000005,43.957089999999994
73,20,5.9,51.0,4.445,0.126,Alive,5.9,51.0
73,21,4.800000000000001,43.334,2.596,0.074,Alive,4.800000000000001,43.33432
73,22,4.0,41.674,1.806,0.051,Alive,4.0,41.67359999999999
73,23,7.7,49.354,7.184,0.203,Alive,7.7,49.354429999999994
73,24,6.300000000000001,46.448,4.607,0.13,Alive,6.300000000000001,46.44817
73,25,9.0,52.053,10.254,0.29,Alive,9.0,52.0531
73,26,8.3,50.6,8.516,0.241,Alive,8.3,50.59997
73,27,9.0,52.053,10.254,0.29,Alive,9.0,52.0531
73,28,10.6,55.375,15.028,0.426,Alive,10.6,55.37454
73,29,6.0,45.825,4.146,0.117,Alive,6.0,45.825399999999995
73,30,9.1,58.0,11.651,0.33,Alive,9.1,58.0
73,31,8.8,51.638,9.737,0.276,Alive,8.8,51.637919999999994
73,32,7.6,49.147,6.976,0.198,Alive,7.6,49.14684
73,33,9.0,52.053,10.254,0.29,Alive,9.0,52.0531
73,34,7.2,48.316,6.181,0.175,Alive,7.2,48.31648
73,35,9.2,52.468,10.789,0.306,Alive,9.2,52.46828
73,36,8.8,51.638,9.737,0.276,Alive,8.8,51.637919999999994
73,37,8.8,51.638,9.737,0.276,Alive,8.8,51.637919999999994
73,38,7.6,49.147,6.976,0.198,Alive,7.6,49.14684
73,39,7.9,49.77,7.612,0.216,Alive,7.9,49.76961
73,40,9.4,63.0,13.468,0.381,Alive,9.4,63.0
73,41,7.9,49.77,7.612,0.216,Alive,7.9,49.76961
73,42,9.0,52.053,10.254,0.29,Alive,9.0,52.0531
73,43,7.7,49.354,7.184,0.203,Alive,7.7,49.354429999999994
73,44,6.1000000000000005,46.033,4.296,0.122,Alive,6.1000000000000005,46.03299
73,45,6.6000000000000005,47.071,5.099,0.144,Alive,6.6000000000000005,47.07094
73,46,7.300000000000001,48.524,6.374,0.18,Alive,7.300000000000001,48.524069999999995
73,47,8.8,51.638,9.737,0.276,Alive,8.8,51.637919999999994
73,48,4.3,42.296,2.081,0.059,Alive,4.3,42.29637
73,49,6.2,46.241,4.45,0.126,Alive,6.2,46.240579999999994
73,50,2.7,32.0,0.775,0.022,Alive,2.7,32.0
73,51,5.0,43.75,2.823,0.08,Alive,5.0,43.7495
73,52,6.800000000000001,47.486,5.445,0.154,Alive,6.800000000000001,47.48612
73,53,8.5,51.015,8.992,0.255,Alive,8.5,51.01514999999999
73,54,3.4000000000000004,40.428,1.332,0.038,Alive,3.4000000000000004,40.428059999999995
73,55,5.300000000000001,44.372,3.186,0.09,Alive,5.300000000000001,44.37227
73,56,5.0,43.75,2.823,0.08,Alive,5.0,43.7495
73,57,7.2,48.316,6.181,0.175,Alive,7.2,48.31648
73,58,6.9,47.694,5.624,0.159,Alive,6.9,47.69371
73,59,7.0,47.901,5.806,0.164,Alive,7.0,47.90129999999999
73,60,7.0,44.0,5.351,0.152,Alive,7.0,44.0
74,1,2.8000000000000003,39.183,0.951,0.027,Alive,2.8000000000000003,39.18252
74,2,4.2,42.089,1.987,0.056,Alive,4.2,42.08878
74,3,6.5,46.863,4.932,0.14,Alive,6.5,46.86335
74,4,3.4000000000000004,40.428,1.332,0.038,Alive,3.4000000000000004,40.428059999999995
74,5,7.9,49.77,7.612,0.216,Alive,7.9,49.76961
74,6,9.5,53.091,11.623,0.329,Alive,9.5,53.09105
74,7,7.6,49.147,6.976,0.198,Alive,7.6,49.14684
74,8,7.4,48.732,6.571,0.186,Alive,7.4,48.73166
74,9,7.4,48.732,6.571,0.186,Alive,7.4,48.73166
74,10,8.8,62.0,11.647,0.33,Alive,8.8,62.0
74,11,7.4,48.732,6.571,0.186,Alive,7.4,48.73166
74,12,6.0,45.825,4.146,0.117,Alive,6.0,45.825399999999995
74,13,6.5,46.863,4.932,0.14,Alive,6.5,46.86335
74,14,4.800000000000001,43.334,2.596,0.074,Alive,4.800000000000001,43.33432
74,15,4.9,43.542,2.708,0.077,Alive,4.9,43.54191
74,16,8.6,51.223,9.236,0.262,Alive,8.6,51.222739999999995
74,17,7.1000000000000005,48.109,5.991,0.17,Alive,7.1000000000000005,48.108889999999995
74,18,7.2,48.316,6.181,0.175,Alive,7.2,48.31648
74,19,8.6,51.223,9.236,0.262,Alive,8.6,51.222739999999995
74,20,8.3,56.0,9.401,0.266,Alive,8.3,56.0
74,21,5.300000000000001,44.372,3.186,0.09,Alive,5.300000000000001,44.37227
74,22,6.4,46.656,4.768,0.135,Alive,6.4,46.65576
74,23,9.2,52.468,10.789,0.306,Alive,9.2,52.46828
74,24,6.5,46.863,4.932,0.14,Alive,6.5,46.86335
74,25,8.0,49.977,7.832,0.222,Alive,8.0,49.9772
74,26,8.8,51.638,9.737,0.276,Alive,8.8,51.637919999999994
74,27,9.2,52.468,10.789,0.306,Alive,9.2,52.46828
74,28,7.800000000000001,49.562,7.396,0.209,Alive,7.800000000000001,49.56202
74,29,8.700000000000001,51.43,9.484,0.269,Alive,8.700000000000001,51.43033
74,30,5.800000000000001,43.0,3.662,0.104,Alive,5.800000000000001,43.0
74,31,4.1000000000000005,41.881,1.895,0.054,Alive,4.1000000000000005,41.88119
74,32,7.800000000000001,49.562,7.396,0.209,Alive,7.800000000000001,49.56202
74,33,7.2,48.316,6.181,0.175,Alive,7.2,48.31648
74,34,8.1,50.185,8.056,0.228,Alive,8.1,50.18478999999999
74,35,8.0,49.977,7.832,0.222,Alive,8.0,49.9772
74,36,7.6,49.147,6.976,0.198,Alive,7.6,49.14684
74,37,8.5,51.015,8.992,0.255,Alive,8.5,51.01514999999999
74,38,8.200000000000001,50.392,8.284,0.235,Alive,8.200000000000001,50.39238
74,39,8.200000000000001,50.392,8.284,0.235,Alive,8.200000000000001,50.39238
74,40,8.9,60.0,11.531,0.327,Alive,8.9,60.0
74,41,8.8,51.638,9.737,0.276,Alive,8.8,51.637919999999994
74,42,4.2,42.089,1.987,0.056,Alive,4.2,42.08878
74,43,8.1,50.185,8.056,0.228,Alive,8.1,50.18478999999999
74,44,8.6,51.223,9.236,0.262,Alive,8.6,51.222739999999995
74,45,7.9,49.77,7.612,0.216,Alive,7.9,49.76961
74,46,6.7,47.279,5.271,0.149,Alive,6.7,47.27853
74,47,6.1000000000000005,46.033,4.296,0.122,Alive,6.1000000000000005,46.03299
74,48,7.800000000000001,49.562,7.396,0.209,Alive,7.800000000000001,49.56202
74,49,7.300000000000001,48.524,6.374,0.18,Alive,7.300000000000001,48.524069999999995
74,50,8.200000000000001,61.0,9.981,0.283,Alive,8.200000000000001,61.0
74,51,3.5,40.636,1.404,0.04,Alive,3.5,40.63565
74,52,5.2,44.165,3.062,0.087,Alive,5.2,44.16468
74,53,7.800000000000001,49.562,7.396,0.209,Alive,7.800000000000001,49.56202
74,54,4.800000000000001,43.334,2.596,0.074,Alive,4.800000000000001,43.33432
74,55,7.5,48.939,6.771,0.192,Alive,7.5,48.939249999999994
74,56,6.5,46.863,4.932,0.14,Alive,6.5,46.86335
74,57,8.4,50.808,8.752,0.248,Alive,8.4,50.807559999999995
74,58,3.0,39.598,1.068,0.03,Alive,3.0,39.5977
74,59,3.5,40.636,1.404,0.04,Alive,3.5,40.63565
74,60,8.9,51.0,9.834,0.278,Alive,8.9,51.0
75,1,8.9,51.846,9.993,0.283,Alive,8.9,51.84551
75,2,4.7,43.127,2.487,0.07,Alive,4.7,43.126729999999995
75,3,6.300000000000001,46.448,4.607,0.13,Alive,6.300000000000001,46.44817
75,4,8.4,50.808,8.752,0.248,Alive,8.4,50.807559999999995
75,5,8.1,50.185,8.056,0.228,Alive,8.1,50.18478999999999
75,6,8.5,51.015,8.992,0.255,Alive,8.5,51.01514999999999
75,7,7.6,49.147,6.976,0.198,Alive,7.6,49.14684
75,8,8.3,50.6,8.516,0.241,Alive,8.3,50.59997
75,9,9.6,53.299,11.91,0.337,Alive,9.6,53.29864
75,10,8.6,58.0,10.429,0.295,Alive,8.6,58.0
75,11,9.2,52.468,10.789,0.306,Alive,9.2,52.46828
75,12,9.6,53.299,11.91,0.337,Alive,9.6,53.29864
75,13,9.8,53.714,12.497,0.354,Alive,9.8,53.71382
75,14,8.9,51.846,9.993,0.283,Alive,8.9,51.84551
75,15,6.7,47.279,5.271,0.149,Alive,6.7,47.27853
75,16,9.6,53.299,11.91,0.337,Alive,9.6,53.29864
75,17,8.0,49.977,7.832,0.222,Alive,8.0,49.9772
75,18,9.4,52.883,11.341,0.321,Alive,9.4,52.88346
75,19,8.200000000000001,50.392,8.284,0.235,Alive,8.200000000000001,50.39238
75,20,6.6000000000000005,53.0,5.714,0.162,Alive,6.6000000000000005,53.0
75,21,7.0,47.901,5.806,0.164,Alive,7.0,47.90129999999999
75,22,3.9,41.466,1.721,0.049,Alive,3.9,41.46601
75,23,5.300000000000001,44.372,3.186,0.09,Alive,5.300000000000001,44.37227
75,24,6.300000000000001,46.448,4.607,0.13,Alive,6.300000000000001,46.44817
75,25,6.7,47.279,5.271,0.149,Alive,6.7,47.27853
75,26,8.700000000000001,51.43,9.484,0.269,Alive,8.700000000000001,51.43033
75,27,8.5,51.015,8.992,0.255,Alive,8.5,51.01514999999999
75,28,8.0,49.977,7.832,0.222,Alive,8.0,49.9772
75,29,9.2,52.468,10.789,0.306,Alive,9.2,52.46828
75,30,9.0,62.0,12.172,0.345,Alive,9.0,62.0
75,31,7.4,48.732,6.571,0.186,Alive,7.4,48.73166
75,32,8.0,49.977,7.832,0.222,Alive,8.0,49.9772
75,33,8.8,51.638,9.737,0.276,Alive,8.8,51.637919999999994
75,34,7.2,48.316,6.181,0.175,Alive,7.2,48.31648
75,35,9.2,52.468,10.789,0.306,Alive,9.2,52.46828
75,36,9.7,53.506,12.201,0.346,Alive,9.7,53.50623
75,37,7.9,49.77,7.612,0.216,Alive,7.9,49.76961
75,38,8.4,50.808,8.752,0.248,Alive,8.4,50.807559999999995
75,39,7.800000000000001,49.562,7.396,0.209,Alive,7.800000000000001,49.56202
75,40,8.1,61.0,9.745,0.276,Alive,8.1,61.0
75,41,8.1,50.185,8.056,0.228,Alive,8.1,50.18478999999999
75,42,8.6,51.223,9.236,0.262,Alive,8.6,51.222739999999995
75,43,4.4,42.504,2.178,0.062,Alive,4.4,42.50396
75,44,5.6000000000000005,44.995,3.578,0.101,Alive,5.6000000000000005,44.99504
75,45,4.0,41.674,1.806,0.051,Alive,4.0,41.67359999999999
75,46,8.4,50.808,8.752,0.248,Alive,8.4,50.807559999999995
75,47,7.2,48.316,6.181,0.175,Alive,7.2,48.31648
75,48,5.9,45.618,3.999,0.113,Alive,5.9,45.61781
75,49,3.5,40.636,1.404,0.04,Alive,3.5,40.63565
75,50,7.800000000000001,57.0,8.473,0.24,Alive,7.800000000000001,57.0
75,51,4.6000000000000005,42.919,2.381,0.067,Alive,4.6000000000000005,42.91914
75,52,2.8000000000000003,39.183,0.951,0.027,Alive,2.8000000000000003,39.18252
75,53,7.7,49.354,7.184,0.203,Alive,7.7,49.354429999999994
75,54,6.300000000000001,46.448,4.607,0.13,Alive,6.300000000000001,46.44817
75,55,5.800000000000001,45.41,3.855,0.109,Alive,5.800000000000001,45.410219999999995
75,56,6.4,46.656,4.768,0.135,Alive,6.4,46.65576
75,57,6.0,45.825,4.146,0.117,Alive,6.0,45.825399999999995
75,58,8.5,51.015,8.992,0.255,Alive,8.5,51.01514999999999
75,59,10.3,54.752,14.044,0.398,Alive,10.3,54.75176999999999
75,60,9.0,51.0,10.051,0.285,Alive,9.0,51.0
76,1,6.6000000000000005,47.071,5.099,0.144,Alive,6.6000000000000005,47.07094
76,2,7.7,49.354,7.184,0.203,Alive,7.7,49.354429999999994
76,3,8.3,50.6,8.516,0.241,Alive,8.3,50.59997
76,4,10.1,54.337,13.412,0.38,Alive,10.1,54.33659
76,5,8.6,51.223,9.236,0.262,Alive,8.6,51.222739999999995
76,6,10.0,54.129,13.102,0.371,Alive,10.0,54.129
76,7,9.7,53.506,12.201,0.346,Alive,9.7,53.50623
76,8,6.800000000000001,47.486,5.445,0.154,Alive,6.800000000000001,47.48612
76,9,9.1,52.261,10.519,0.298,Alive,9.1,52.26069
76,10,9.5,51.0,11.174,0.316,Alive,9.5,51.0
76,11,7.2,48.316,6.181,0.175,Alive,7.2,48.31648
76,12,7.800000000000001,49.562,7.396,0.209,Alive,7.800000000000001,49.56202
76,13,9.5,53.091,11.623,0.329,Alive,9.5,53.09105
76,14,9.2,52.468,10.789,0.306,Alive,9.2,52.46828
76,15,10.4,54.959,14.367,0.407,Alive,10.4,54.95936
76,16,9.2,52.468,10.789,0.306,Alive,9.2,52.46828
76,17,5.800000000000001,45.41,3.855,0.109,Alive,5.800000000000001,45.410219999999995
76,18,7.300000000000001,48.524,6.374,0.18,Alive,7.300000000000001,48.524069999999995
76,19,6.0,45.825,4.146,0.117,Alive,6.0,45.825399999999995
76,20,7.0,56.0,6.75,0.191,Alive,7.0,56.0
76,21,8.200000000000001,50.392,8.284,0.235,Alive,8.200000000000001,50.39238
76,22,8.9,51.846,9.993,0.283,Alive,8.9,51.84551
76,23,5.800000000000001,45.41,3.855,0.109,Alive,5.800000000000001,45.410219999999995
76,24,6.6000000000000005,47.071,5.099,0.144,Alive,6.6000000000000005,47.07094
76,25,6.9,47.694,5.624,0.159,Alive,6.9,47.69371
76,26,6.5,46.863,4.932,0.14,Alive,6.5,46.86335
76,27,4.7,43.127,2.487,0.07,Alive,4.7,43.126729999999995
76,28,9.8,53.714,12.497,0.354,Alive,9.8,53.71382
76,29,8.5,51.015,8.992,0.255,Alive,8.5,51.01514999999999
76,30,8.0,53.0,8.292,0.235,Alive,8.0,53.0
76,31,10.2,54.544,13.725,0.389,Alive,10.2,54.54418
76,32,10.0,54.129,13.102,0.371,Alive,10.0,54.129
76,33,8.3,50.6,8.516,0.241,Alive,8.3,50.59997
76,34,8.0,49.977,7.832,0.222,Alive,8.0,49.9772
76,35,8.0,49.977,7.832,0.222,Alive,8.0,49.9772
76,36,11.5,57.243,18.237,0.516,Alive,11.5,57.24285
76,37,9.1,52.261,10.519,0.298,Alive,9.1,52.26069
76,38,9.1,52.261,10.519,0.298,Alive,9.1,52.26069
76,39,3.5,40.636,1.404,0.04,Alive,3.5,40.63565
76,40,6.7,58.0,6.416,0.182,Alive,6.7,58.0
76,41,7.0,47.901,5.806,0.164,Alive,7.0,47.90129999999999
76,42,5.0,43.75,2.823,0.08,Alive,5.0,43.7495
76,43,8.6,51.223,9.236,0.262,Alive,8.6,51.222739999999995
76,44,8.0,49.977,7.832,0.222,Alive,8.0,49.9772
76,45,6.2,46.241,4.45,0.126,Alive,6.2,46.240579999999994
76,46,2.9000000000000004,39.39,1.008,0.029,Alive,2.9000000000000004,39.39011
76,47,4.5,42.712,2.278,0.065,Alive,4.5,42.711549999999995
76,48,6.9,47.694,5.624,0.159,Alive,6.9,47.69371
76,49,4.9,43.542,2.708,0.077,Alive,4.9,43.54191
76,50,5.6000000000000005,42.0,3.354,0.095,Alive,5.6000000000000005,42.0
76,51,6.9,47.694,5.624,0.159,Alive,6.9,47.69371
76,52,10.3,54.752,14.044,0.398,Alive,10.3,54.75176999999999
76,53,3.3000000000000003,40.22,1.262,0.036,Alive,3.3000000000000003,40.22047
76,54,5.300000000000001,44.372,3.186,0.09,Alive,5.300000000000001,44.37227
76,55,8.0,49.977,7.832,0.222,Alive,8.0,49.9772
76,56,5.800000000000001,45.41,3.855,0.109,Alive,5.800000000000001,45.410219999999995
76,57,7.6,49.147,6.976,0.198,Alive,7.6,49.14684
76,58,7.0,47.901,5.806,0.164,Alive,7.0,47.90129999999999
76,59,9.3,52.676,11.063,0.313,Alive,9.3,52.67587
76,60,9.1,57.0,11.453,0.324,Alive,9.1,57.0
