Row,Tree,pre_DBH,pre_HT,pre_LLC,pre_stem_vol
1,1,10.8,69.788672,,19.59304867
1,2,6.8,62.771152,,7.127530603
1,3,6.1,60.770923,,5.601350787
1,4,5.5,58.873375,,4.458078633
1,5,10.5,69.522875,,18.46194479
1,6,8.6,66.858448,,11.98823494
1,7,7.8,65.229632,,9.66468853
1,8,7.9,65.449663,,9.941108053
1,9,9.7,68.607547,,15.58306615
1,10,8.4,67.8,39.4,11.60533384
1,11,7.3,64.059067,,8.344114279
1,12,8.9,67.391803,,12.92417922
1,13,6,60.4664,,5.400251152
1,14,8.9,67.391803,,12.92417922
1,15,8.2,66.081592,,10.79460647
1,16,9.1,67.723903,,13.56704505
1,17,10.1,69.102763,,16.99652139
1,18,10,68.986,,16.638158
1,19,10.5,73.9,46.8,19.6104805
1,20,9.8,68.738392,,15.9313817
1,21,7.7,65.004907,,9.392345428
1,22,7.8,65.229632,,9.66468853
1,23,8.8,67.218712,,12.6083826
1,24,11.2,70.077352,,21.14088722
1,25,11.1,70.012223,,20.74986027
1,26,11,69.9424,,20.36150235
1,27,5.7,,,0.21949
1,28,9.5,68.331775,,14.89681361
1,29,10.2,71.7,43.4,17.97349984
1,30,11.6,70.290928,,22.73035651
1,31,10.2,69.214832,,17.35813447
1,32,8.3,,,0.21949
1,33,9.9,68.864543,,16.28309499
1,34,6.1,,,0.21949
1,35,7.3,,,0.21949
1,36,10.3,69.322207,,17.7229452
1,37,10.1,70.9,44.1,17.43286142
1,38,7.9,65.449663,,9.941108053
1,39,9.5,68.331775,,14.89681361
1,40,9.3,68.037227,,14.22469464
1,41,9.1,67.723903,,13.56704505
1,42,9.6,68.472008,,15.23819501
1,43,10,68.986,,16.638158
1,44,6.6,56.4,38.8,6.06663592
1,45,9.3,68.037227,,14.22469464
1,46,9,67.5602,,13.24374536
1,47,6.2,,,0.21949
1,48,9.9,68.864543,,16.28309499
1,49,7.8,,,0.21949
1,50,10.3,69.322207,,17.7229452
1,51,7.3,64.059067,,8.344114279
1,52,7.9,65.449663,,9.941108053
1,53,6.8,60.3,41,6.85557736
1,54,,,,
2,1,9.5,68.331775,,14.89681361
2,2,9.6,68.472008,,15.23819501
2,3,5.9,60.157183,,5.203380266
2,4,8.3,66.282847,,11.08710628
2,5,7.2,63.810872,,8.092424339
2,6,6.3,61.365887,,6.016246691
2,7,8.4,66.479408,,11.38356313
2,8,6.2,61.070752,,5.806682102
2,9,9.5,72.1,48.7,15.7062095
2,10,9,67.5602,,13.24374536
2,11,8.1,65.875643,,10.50609023
2,12,8,65.665,,10.2215828
2,13,7.7,65.004907,,9.392345428
2,14,7.1,63.557983,,7.844909857
2,15,8.1,65.875643,,10.50609023
2,16,9,67.5602,,13.24374536
2,17,6.2,61.070752,,5.806682102
2,18,5.5,56.6,37.3,4.294407
2,19,8.3,66.282847,,11.08710628
2,20,7.4,64.302568,,8.599966524
2,21,8.1,65.875643,,10.50609023
2,22,11.7,70.332587,,23.13372025
2,23,9.8,68.738392,,15.9313817
2,24,11.3,70.137787,,21.53451777
2,25,10.5,,,0.21949
2,26,11.1,70.012223,,20.74986027
2,27,11.6,76.3,48.2,24.65477864
2,28,10.5,69.522875,,18.46194479
2,29,10.6,69.616168,,18.83602287
2,30,9.5,68.331775,,14.89681361
2,31,10.3,69.322207,,17.7229452
2,32,10.9,69.867883,,19.97587757
2,33,6.7,62.499487,,6.896822692
2,34,10.8,69.788672,,19.59304867
2,35,9.6,68.472008,,15.23819501
2,36,7.2,66.4,48.9,8.41186888
2,37,7,63.3004,,7.601582648
2,38,10.5,69.522875,,18.46194479
2,39,8.7,67.040927,,12.29639008
2,40,8.5,66.671275,,11.68394909
2,41,10.3,69.322207,,17.7229452
2,42,7.9,65.449663,,9.941108053
2,43,7.3,64.059067,,8.344114279
2,44,8.6,66.7,47.8,11.96034416
2,45,7.6,64.775488,,9.124098605
2,46,10.7,69.704767,,19.21307708
2,47,7.6,64.775488,,9.124098605
2,48,7.5,64.541375,,8.859966578
2,49,8,65.665,,10.2215828
2,50,6.3,61.365887,,6.016246691
2,51,7.4,64.302568,,8.599966524
2,52,6.2,61.070752,,5.806682102
2,53,8.1,65.875643,,10.50609023
2,54,7.7,70.6,43.4,10.18187012
3,1,8.8,67.218712,,12.6083826
3,2,7.3,64.059067,,8.344114279
3,3,9,67.5602,,13.24374536
3,4,7.3,64.059067,,8.344114279
3,5,9,67.5602,,13.24374536
3,6,8.1,65.875643,,10.50609023
3,7,6.8,62.771152,,7.127530603
3,8,9.2,67.882912,,13.89404102
3,9,8.4,72.5,46.4,12.394618
3,10,8.2,66.081592,,10.79460647
3,11,7.8,65.229632,,9.66468853
3,12,9.3,68.037227,,14.22469464
3,13,7,63.3004,,7.601582648
3,14,8.2,66.081592,,10.79460647
3,15,8.9,67.391803,,12.92417922
3,16,6.4,61.656328,,6.230044804
3,17,7.8,65.229632,,9.66468853
3,18,8.8,67.7,47.3,12.69708744
3,19,8,65.665,,10.2215828
3,20,9.2,67.882912,,13.89404102
3,21,8.9,67.391803,,12.92417922
3,22,10.1,69.102763,,16.99652139
3,23,9.2,67.882912,,13.89404102
3,24,10.3,69.322207,,17.7229452
3,25,11.3,70.137787,,21.53451777
3,26,11.3,70.137787,,21.53451777
3,27,7.8,56.7,41.1,8.42960464
3,28,12.2,70.470472,,25.18289362
3,29,11.7,70.332587,,23.13372025
3,30,11.7,70.332587,,23.13372025
3,31,10.4,69.424888,,18.09090021
3,32,9.5,68.331775,,14.89681361
3,33,7.7,,,0.21949
3,34,8.4,66.479408,,11.38356313
3,35,8.1,65.875643,,10.50609023
3,36,6.2,,,0.21949
3,37,10.2,73.3,48.5,18.36968416
3,38,10.2,69.214832,,17.35813447
3,39,8.2,66.081592,,10.79460647
3,40,9.5,68.331775,,14.89681361
3,41,6.7,62.499487,,6.896822692
3,42,7.5,64.541375,,8.859966578
3,43,9.5,,,0.21949
3,44,7.3,64.059067,,8.344114279
3,45,9.5,68.331775,,14.89681361
3,46,8.8,69.8,52.8,13.08413256
3,47,10.3,69.322207,,17.7229452
3,48,5.1,,,0.21949
3,49,8.8,67.218712,,12.6083826
3,50,8.7,67.040927,,12.29639008
3,51,8.7,,,0.21949
3,52,9.8,68.738392,,15.9313817
3,53,10.2,69.214832,,17.35813447
3,54,7.9,66.6,51,10.11197428
3,55,,,,
4,1,9.8,68.738392,,15.9313817
4,2,9.9,68.864543,,16.28309499
4,3,6.1,60.770923,,5.601350787
4,4,8.6,66.858448,,11.98823494
4,5,6,60.4664,,5.400251152
4,6,9.4,68.186848,,14.55896594
4,7,7.4,64.302568,,8.599966524
4,8,8.8,67.218712,,12.6083826
4,9,9.8,68.738392,,15.9313817
4,10,8,72.3,45.8,11.232226
4,11,5.3,58.203307,,4.110625527
4,12,9.9,68.864543,,16.28309499
4,13,7.1,63.557983,,7.844909857
4,14,10.2,69.214832,,17.35813447
4,15,8.4,66.479408,,11.38356313
4,16,7.8,65.229632,,9.66468853
4,17,8.8,67.218712,,12.6083826
4,18,6.8,62.771152,,7.127530603
4,19,7.6,64.775488,,9.124098605
4,20,7.2,71.2,53.6,9.00408904
4,21,8.7,67.040927,,12.29639008
4,22,8.1,65.875643,,10.50609023
4,23,8.3,66.282847,,11.08710628
4,24,6.6,62.223128,,6.670335905
4,25,9.6,68.472008,,15.23819501
4,26,12.2,70.470472,,25.18289362
4,27,12.2,70.470472,,25.18289362
4,28,11.5,78.2,51.8,24.833331
4,29,9.9,,,0.21949
4,30,8,65.665,,10.2215828
4,31,9.6,68.472008,,15.23819501
4,32,10.3,69.322207,,17.7229452
4,33,8.9,67.391803,,12.92417922
4,34,10,68.986,,16.638158
4,35,10.1,69.102763,,16.99652139
4,36,7.9,65.449663,,9.941108053
4,37,9.2,72.3,57.8,14.78383336
4,38,8.5,66.671275,,11.68394909
4,39,6.8,62.771152,,7.127530603
4,40,8.9,,,0.21949
4,41,9,67.5602,,13.24374536
4,42,9.4,68.186848,,14.55896594
4,43,7.2,63.810872,,8.092424339
4,44,8.2,66.081592,,10.79460647
4,45,6.9,63.038123,,7.362453186
4,46,7.2,71.6,56.7,9.05344072
4,47,9.1,67.723903,,13.56704505
4,48,8,65.665,,10.2215828
4,49,8.1,65.875643,,10.50609023
4,50,8,65.665,,10.2215828
4,51,8.5,66.671275,,11.68394909
4,52,9.1,67.723903,,13.56704505
4,53,5.9,,,0.21949
4,54,10.7,74.7,47,20.57420914
4,55,,,,
4,56,,,,
4,57,,,,
5,1,9,67.5602,,13.24374536
5,2,8.8,67.218712,,12.6083826
5,3,7.1,63.557983,,7.844909857
5,4,9.2,67.882912,,13.89404102
5,5,6.5,,,0.21949
5,6,8.2,66.081592,,10.79460647
5,7,7.9,65.449663,,9.941108053
5,8,8.8,67.218712,,12.6083826
5,9,8.2,66.081592,,10.79460647
5,10,7,65.1,43.5,7.811452
5,11,10.6,69.616168,,18.83602287
5,12,6,,,0.21949
5,13,7.3,64.059067,,8.344114279
5,14,8.5,66.671275,,11.68394909
5,15,9.6,68.472008,,15.23819501
5,16,7,63.3004,,7.601582648
5,17,8.8,71,48.8,13.3053012
5,18,9.5,68.331775,,14.89681361
5,19,7.3,64.059067,,8.344114279
5,20,9,67.5602,,13.24374536
5,21,11.1,70.012223,,20.74986027
5,22,12.9,70.466363,,28.12810177
5,23,11.4,70.193528,,21.93068514
5,24,9.1,67.723903,,13.56704505
5,25,12.4,76.4,44.5,28.17797832
5,26,10.7,69.704767,,19.21307708
5,27,10.3,69.322207,,17.7229452
5,28,12,70.4294,,24.35705397
5,29,10.8,69.788672,,19.59304867
5,30,11.1,70.012223,,20.74986027
5,31,10.9,69.867883,,19.97587757
5,32,8.2,66.081592,,10.79460647
5,33,8.7,,,0.21949
5,34,9.3,68.037227,,14.22469464
5,35,7.5,65.6,47.6,9.00169
5,36,8.8,67.218712,,12.6083826
5,37,9.4,68.186848,,14.55896594
5,38,9,67.5602,,13.24374536
5,39,8.3,66.282847,,11.08710628
5,40,7.6,,,0.21949
5,41,6.5,61.942075,,6.448075352
5,42,7.8,65.229632,,9.66468853
5,43,6.8,,,0.21949
5,44,8.5,68.1,46.2,11.9296255
5,45,9.8,68.738392,,15.9313817
5,46,8.7,67.040927,,12.29639008
5,47,8.5,66.671275,,11.68394909
5,48,8.2,66.081592,,10.79460647
5,49,9.3,68.037227,,14.22469464
5,50,7.5,64.541375,,8.859966578
5,51,8,65.665,,10.2215828
5,52,7.4,,,0.21949
5,53,8.4,66.479408,,11.38356313
5,54,8.2,70,45.5,11.421674
6,1,11.8,70.369552,,23.53934028
6,2,9.5,68.331775,,14.89681361
6,3,5.9,60.157183,,5.203380266
6,4,9.1,67.723903,,13.56704505
6,5,8.7,67.040927,,12.29639008
6,6,7.5,64.541375,,8.859966578
6,7,6.3,61.365887,,6.016246691
6,8,8.5,66.671275,,11.68394909
6,9,7.1,66.9,46.8,8.24587102
6,10,10.2,,,0.21949
6,11,9.3,68.037227,,14.22469464
6,12,9.8,68.738392,,15.9313817
6,13,5.9,60.157183,,5.203380266
6,14,8.4,66.479408,,11.38356313
6,15,8.4,66.479408,,11.38356313
6,16,7.5,,,0.21949
6,17,9.4,73.5,49.4,15.6763048
6,18,8.4,66.479408,,11.38356313
6,19,8.4,66.479408,,11.38356313
6,20,4.5,,,0.21949
6,21,9.2,67.882912,,13.89404102
6,22,9.9,68.864543,,16.28309499
6,23,10.3,69.322207,,17.7229452
6,24,10.1,69.102763,,16.99652139
6,25,10.7,69.704767,,19.21307708
6,26,11.6,70.290928,,22.73035651
6,27,11.5,78.6,45.4,24.959233
6,28,11.2,70.077352,,21.14088722
6,29,10.5,69.522875,,18.46194479
6,30,8.5,66.671275,,11.68394909
6,31,9.9,68.864543,,16.28309499
6,32,9.2,67.882912,,13.89404102
6,33,9,67.5602,,13.24374536
6,34,8.4,70.7,45.3,12.09233896
6,35,7.3,64.059067,,8.344114279
6,36,7,63.3004,,7.601582648
6,37,6.9,63.038123,,7.362453186
6,38,8.1,65.875643,,10.50609023
6,39,7.4,64.302568,,8.599966524
6,40,8.6,66.858448,,11.98823494
6,41,7.7,65.004907,,9.392345428
6,42,8.6,66.858448,,11.98823494
6,43,9.5,68.8,46.2,14.997386
6,44,7.8,65.229632,,9.66468853
6,45,6.1,60.770923,,5.601350787
6,46,9.2,67.882912,,13.89404102
6,47,9.6,68.472008,,15.23819501
6,48,6.8,62.771152,,7.127530603
6,49,8.4,66.479408,,11.38356313
6,50,7.1,63.557983,,7.844909857
6,51,10.5,70.9,46.2,18.8232955
7,1,10.5,69.522875,,18.46194479
7,2,7.7,65.004907,,9.392345428
7,3,8,65.665,,10.2215828
7,4,8.9,67.391803,,12.92417922
7,5,8.1,65.875643,,10.50609023
7,6,6.9,63.038123,,7.362453186
7,7,9.8,68.738392,,15.9313817
7,8,6.6,62.223128,,6.670335905
7,9,9.6,69,49.8,15.3540052
7,10,8.3,66.282847,,11.08710628
7,11,10.6,69.616168,,18.83602287
7,12,5.8,,,0.21949
7,13,4.4,,,0.21949
7,14,7.8,65.229632,,9.66468853
7,15,8.2,66.081592,,10.79460647
7,16,6.6,62.223128,,6.670335905
7,17,8.1,65.875643,,10.50609023
7,18,7.9,68.4,57.4,10.37933872
7,19,8.8,67.218712,,12.6083826
7,20,7.2,63.810872,,8.092424339
7,21,6.9,63.038123,,7.362453186
7,22,10.1,69.102763,,16.99652139
7,23,8.9,67.391803,,12.92417922
7,24,11.2,70.077352,,21.14088722
7,25,10,68.986,,16.638158
7,26,9.9,68.864543,,16.28309499
7,27,10.4,69.424888,,18.09090021
7,28,10.7,77.3,44.1,21.28267326
7,29,11,69.9424,,20.36150235
7,30,8.7,67.040927,,12.29639008
7,31,12.3,70.483967,,25.59866609
7,32,11.3,70.137787,,21.53451777
7,33,12.6,70.496288,,26.85642783
7,34,8.8,67.218712,,12.6083826
7,35,9.5,68.331775,,14.89681361
7,36,6.9,63.9,47.7,7.46011402
7,37,8.8,67.218712,,12.6083826
7,38,8,65.665,,10.2215828
7,39,9.2,67.882912,,13.89404102
7,40,,33.605,,0.21949
7,41,9.1,67.723903,,13.56704505
7,42,8.1,65.875643,,10.50609023
7,43,,33.605,,0.21949
7,44,10.3,69.322207,,17.7229452
7,45,,33.605,,0.21949
7,46,8,66.7,52.6,10.379234
7,47,9.8,68.738392,,15.9313817
7,48,7.7,65.004907,,9.392345428
7,49,7.7,65.004907,,9.392345428
7,50,8.8,67.218712,,12.6083826
7,51,8.5,66.671275,,11.68394909
7,52,7.1,63.557983,,7.844909857
7,53,11,69.9424,,20.36150235
8,1,8.6,66.858448,,11.98823494
8,2,9.4,68.186848,,14.55896594
8,3,9.1,67.723903,,13.56704505
8,4,6.4,,,0.21949
8,5,7.9,65.449663,,9.941108053
8,6,9.6,68.472008,,15.23819501
8,7,7.7,65.004907,,9.392345428
8,8,8.6,66.858448,,11.98823494
8,9,8.7,72.8,51.4,13.33384216
8,10,8.3,66.282847,,11.08710628
8,11,8.4,66.479408,,11.38356313
8,12,7.3,64.059067,,8.344114279
8,13,6.7,62.499487,,6.896822692
8,14,8.7,67.040927,,12.29639008
8,15,9.6,68.472008,,15.23819501
8,16,5.7,,,0.21949
8,17,6.9,,,0.21949
8,18,10,75.9,51.2,18.28369
8,19,7.3,64.059067,,8.344114279
8,20,8.1,65.875643,,10.50609023
8,21,10.8,69.788672,,19.59304867
8,22,8.8,67.218712,,12.6083826
8,23,11,69.9424,,20.36150235
8,24,9,67.5602,,13.24374536
8,25,11.8,70.369552,,23.53934028
8,26,10.2,69.214832,,17.35813447
8,27,11.7,77.6,52.3,25.50143032
8,28,12,70.4294,,24.35705397
8,29,10.1,,,0.21949
8,30,11.2,70.077352,,21.14088722
8,31,10.9,69.867883,,19.97587757
8,32,10.5,,,0.21949
8,33,9.8,68.738392,,15.9313817
8,34,8.5,66.671275,,11.68394909
8,35,7.3,64.059067,,8.344114279
8,36,6.2,59.7,45.9,5.68127584
8,37,8.1,65.875643,,10.50609023
8,38,7.8,65.229632,,9.66468853
8,39,5.7,59.524667,,4.822306305
8,40,9.6,68.472008,,15.23819501
8,41,7,63.3004,,7.601582648
8,42,8.1,65.875643,,10.50609023
8,43,9,67.5602,,13.24374536
8,44,8.3,69.6,50,11.63098072
8,45,7,63.3004,,7.601582648
8,46,9.4,68.186848,,14.55896594
8,47,7.6,64.775488,,9.124098605
8,48,8.3,66.282847,,11.08710628
8,49,7.4,64.302568,,8.599966524
8,50,8.3,66.282847,,11.08710628
8,51,7.5,64.541375,,8.859966578
8,52,8.4,66.479408,,11.38356313
8,53,10.2,73.7,44.5,18.46873024
8,54,,,,
8,55,,,,
9,1,10.3,69.322207,,17.7229452
9,2,8,65.665,,10.2215828
9,3,7.5,,,0.21949
9,4,11,69.9424,,20.36150235
9,5,8,65.665,,10.2215828
9,6,7.7,65.004907,,9.392345428
9,7,8.4,72.8,50.8,12.44499784
9,8,7.7,65.004907,,9.392345428
9,9,6.1,60.770923,,5.601350787
9,10,8.3,66.282847,,11.08710628
9,11,8.7,67.040927,,12.29639008
9,12,8.7,67.040927,,12.29639008
9,13,8,65.665,,10.2215828
9,14,5.9,60.157183,,5.203380266
9,15,8.4,66.479408,,11.38356313
9,16,8.9,67.391803,,12.92417922
9,17,6.9,68.6,46.6,7.99267948
9,18,6.9,63.038123,,7.362453186
9,19,9.5,68.331775,,14.89681361
9,20,7.2,63.810872,,8.092424339
9,21,8,,,0.21949
9,22,11.6,70.290928,,22.73035651
9,23,12.9,70.466363,,28.12810177
9,24,9.9,68.864543,,16.28309499
9,25,9.7,68.607547,,15.58306615
9,26,10.1,70.3,40.1,17.28719114
9,27,11,69.9424,,20.36150235
9,28,11.8,70.369552,,23.53934028
9,29,10.9,69.867883,,19.97587757
9,30,11.1,70.012223,,20.74986027
9,31,8.5,66.671275,,11.68394909
9,32,8.2,66.081592,,10.79460647
9,33,10.1,69.102763,,16.99652139
9,34,7.8,65.229632,,9.66468853
9,35,9.8,68.738392,,15.9313817
9,36,7.5,66.8,47.3,9.16234
9,37,7.5,64.541375,,8.859966578
9,38,9.1,67.723903,,13.56704505
9,39,9.7,68.607547,,15.58306615
9,40,8.3,66.282847,,11.08710628
9,41,8.9,67.391803,,12.92417922
9,42,6.4,,,0.21949
9,43,6.7,62.499487,,6.896822692
9,44,7.9,,,0.21949
9,45,8.1,69.3,44.7,11.04080974
9,46,8.3,66.282847,,11.08710628
9,47,7.7,65.004907,,9.392345428
9,48,7.1,63.557983,,7.844909857
9,49,7.9,65.449663,,9.941108053
9,50,7,63.3004,,7.601582648
9,51,7.5,64.541375,,8.859966578
9,52,8.2,66.081592,,10.79460647
9,53,7.8,65.229632,,9.66468853
9,54,9.1,67.723903,,13.56704505
10,1,8.1,65.875643,,10.50609023
10,2,9.7,68.607547,,15.58306615
10,3,8.3,66.282847,,11.08710628
10,4,8.3,66.282847,,11.08710628
10,5,8.7,67.040927,,12.29639008
10,6,7.4,64.302568,,8.599966524
10,7,9,67.5602,,13.24374536
10,8,9.1,72.2,48.5,14.44922916
10,9,8.6,66.858448,,11.98823494
10,10,7.2,63.810872,,8.092424339
10,11,9,67.5602,,13.24374536
10,12,9.1,67.723903,,13.56704505
10,13,8.3,66.282847,,11.08710628
10,14,9,67.5602,,13.24374536
10,15,8.8,67.218712,,12.6083826
10,16,8.9,69.4,49.1,13.30276412
10,17,8.5,66.671275,,11.68394909
10,18,6.9,63.038123,,7.362453186
10,19,8.1,65.875643,,10.50609023
10,20,10.8,69.788672,,19.59304867
10,21,10.3,69.322207,,17.7229452
10,22,9.1,67.723903,,13.56704505
10,23,7.9,65.449663,,9.941108053
10,24,11.2,70.077352,,21.14088722
10,25,6.8,62.771152,,7.127530603
10,26,10.2,70.1,43.6,17.57731552
10,27,6.2,61.070752,,5.806682102
10,28,8.3,66.282847,,11.08710628
10,29,10.4,69.424888,,18.09090021
10,30,12.6,,,0.21949
10,31,8.6,66.858448,,11.98823494
10,32,8.7,67.040927,,12.29639008
10,33,5.6,59.201368,,4.638090663
10,34,7.1,63.557983,,7.844909857
10,35,8.7,74.4,53.1,13.62206968
10,36,8,65.665,,10.2215828
10,37,8.9,67.391803,,12.92417922
10,38,7.1,63.557983,,7.844909857
10,39,8.7,67.040927,,12.29639008
10,40,7.7,65.004907,,9.392345428
10,41,7.8,65.229632,,9.66468853
10,42,7.8,65.229632,,9.66468853
10,43,7.4,64.9,47.8,8.67782912
10,44,6.6,62.223128,,6.670335905
10,45,8.8,67.218712,,12.6083826
10,46,8.4,66.479408,,11.38356313
10,47,5.9,60.157183,,5.203380266
10,48,8.6,66.858448,,11.98823494
10,49,8.6,66.858448,,11.98823494
10,50,9,67.5602,,13.24374536
10,51,7.6,64.775488,,9.124098605
10,52,10.2,71,47.1,17.8001692
11,1,8.4,66.479408,,11.38356313
11,2,7,63.3004,,7.601582648
11,3,9,67.5602,,13.24374536
11,4,9.5,68.331775,,14.89681361
11,5,8.5,66.671275,,11.68394909
11,6,9.4,68.186848,,14.55896594
11,7,8.1,65.875643,,10.50609023
11,8,7,63.3004,,7.601582648
11,9,8.8,71.7,49.1,13.43431624
11,10,7.6,64.775488,,9.124098605
11,11,5,,,0.21949
11,12,6.3,61.365887,,6.016246691
11,13,5.7,,,0.21949
11,14,6.9,63.038123,,7.362453186
11,15,9.9,68.864543,,16.28309499
11,16,7.8,65.229632,,9.66468853
11,17,7.9,65.449663,,9.941108053
11,18,7.6,64.775488,,9.124098605
11,19,8.5,69.1,45.9,12.1015805
11,20,6.8,62.771152,,7.127530603
11,21,7.7,65.004907,,9.392345428
11,22,8,65.665,,10.2215828
11,23,6.3,61.365887,,6.016246691
11,24,8.9,67.391803,,12.92417922
11,25,10.1,69.102763,,16.99652139
11,26,12.1,70.452283,,24.76899663
11,27,11.1,70.012223,,20.74986027
11,28,12.7,70.491007,,27.27888696
11,29,8.7,64.8,42,11.89270456
11,30,11,69.9424,,20.36150235
11,31,11.3,70.137787,,21.53451777
11,32,11.6,70.290928,,22.73035651
11,33,13.1,70.422943,,28.98245937
11,34,8.7,67.040927,,12.29639008
11,35,10.3,69.322207,,17.7229452
11,36,10.8,,,0.21949
11,37,10.7,69.704767,,19.21307708
11,38,6.7,65.8,49.2,7.24944356
11,39,8.5,66.671275,,11.68394909
11,40,9.7,68.607547,,15.58306615
11,41,8.3,66.282847,,11.08710628
11,42,8.1,65.875643,,10.50609023
11,43,6.9,63.038123,,7.362453186
11,44,9.9,68.864543,,16.28309499
11,45,11.2,70.077352,,21.14088722
11,46,8,70,47.5,10.88189
11,47,6.8,62.771152,,7.127530603
11,48,7,63.3004,,7.601582648
11,49,8.7,67.040927,,12.29639008
11,50,9.4,68.186848,,14.55896594
11,51,9.1,67.723903,,13.56704505
11,52,9.4,68.186848,,14.55896594
11,53,8.5,66.671275,,11.68394909
11,54,9.9,68.864543,,16.28309499
11,55,11.2,72.3,46.8,21.80445256
12,1,9.4,68.186848,,14.55896594
12,2,8.6,66.858448,,11.98823494
12,3,8.6,66.858448,,11.98823494
12,4,8.5,66.671275,,11.68394909
12,5,5.9,60.157183,,5.203380266
12,6,8.9,,,0.21949
12,7,7,63.3004,,7.601582648
12,8,9,67.5602,,13.24374536
12,9,10,70.5,45,16.99849
12,10,7.8,65.229632,,9.66468853
12,11,7.1,63.557983,,7.844909857
12,12,9,,,0.21949
12,13,6.1,60.770923,,5.601350787
12,14,8.2,66.081592,,10.79460647
12,15,7.7,65.004907,,9.392345428
12,16,8.8,67.218712,,12.6083826
12,17,8.2,66.081592,,10.79460647
12,18,7.6,64.775488,,9.124098605
12,19,8.8,71.2,46.7,13.34216264
12,20,8,65.665,,10.2215828
12,21,8.2,66.081592,,10.79460647
12,22,7.4,64.302568,,8.599966524
12,23,9.8,68.738392,,15.9313817
12,24,10.7,69.704767,,19.21307708
12,25,9.3,,,0.21949
12,26,11.2,70.077352,,21.14088722
12,27,9.8,68.738392,,15.9313817
12,28,9.2,67.882912,,13.89404102
12,29,8.8,70.7,49.6,13.25000904
12,30,12,70.4294,,24.35705397
12,31,11.6,70.290928,,22.73035651
12,32,11,69.9424,,20.36150235
12,33,10.9,69.867883,,19.97587757
12,34,10.6,69.616168,,18.83602287
12,35,9.5,68.331775,,14.89681361
12,36,9.4,73.1,46.8,15.59218608
12,37,9,67.5602,,13.24374536
12,38,6.5,61.942075,,6.448075352
12,39,8.2,66.081592,,10.79460647
12,40,7.3,64.059067,,8.344114279
12,41,7.8,65.229632,,9.66468853
12,42,9.6,68.472008,,15.23819501
12,43,7.2,63.810872,,8.092424339
12,44,8.5,66.671275,,11.68394909
12,45,9.1,72,43.7,14.4098116
12,46,9.1,67.723903,,13.56704505
12,47,7.9,65.449663,,9.941108053
12,48,8.4,66.479408,,11.38356313
12,49,8.1,65.875643,,10.50609023
12,50,9,67.5602,,13.24374536
12,51,9.3,68.037227,,14.22469464
12,52,9,67.5602,,13.24374536
12,53,9.7,73.1,46.6,16.58908002
12,54,,,,
12,55,,,,
13,1,8.5,66.671275,,11.68394909
13,2,10.5,69.522875,,18.46194479
13,3,8.9,67.391803,,12.92417922
13,4,9.1,67.723903,,13.56704505
13,5,8.5,66.671275,,11.68394909
13,6,11.3,70.137787,,21.53451777
13,7,9,67.5602,,13.24374536
13,8,8.3,68.8,48.7,11.49981416
13,9,9,67.5602,,13.24374536
13,10,7.8,65.229632,,9.66468853
13,11,7.6,64.775488,,9.124098605
13,12,7.5,64.541375,,8.859966578
13,13,6.3,,,0.21949
13,14,8.9,67.391803,,12.92417922
13,15,6.6,62.223128,,6.670335905
13,16,8.2,66.081592,,10.79460647
13,17,9,71.3,52.1,13.964704
13,18,7.8,65.229632,,9.66468853
13,19,8.1,65.875643,,10.50609023
13,20,7.1,63.557983,,7.844909857
13,21,9.4,68.186848,,14.55896594
13,22,10.2,69.214832,,17.35813447
13,23,10.2,69.214832,,17.35813447
13,24,8.5,66.671275,,11.68394909
13,25,10,68.986,,16.638158
13,26,9.8,68.738392,,15.9313817
13,27,10.1,71.4,46.3,17.55425332
13,28,10.1,69.102763,,16.99652139
13,29,9.6,68.472008,,15.23819501
13,30,10.1,69.102763,,16.99652139
13,31,12.7,70.491007,,27.27888696
13,32,9.1,67.723903,,13.56704505
13,33,8.2,66.081592,,10.79460647
13,34,7.5,64.541375,,8.859966578
13,35,8.5,66.671275,,11.68394909
13,36,7.5,69.5,49.7,9.5238025
13,37,5.6,59.201368,,4.638090663
13,38,5.9,60.157183,,5.203380266
13,39,9.4,68.186848,,14.55896594
13,40,7.9,65.449663,,9.941108053
13,41,5.9,,,0.21949
13,42,8.6,66.858448,,11.98823494
13,43,9.3,68.037227,,14.22469464
13,44,8.1,65.875643,,10.50609023
13,45,8.8,72.1,52.9,13.50803912
13,46,8.1,65.875643,,10.50609023
13,47,10.1,69.102763,,16.99652139
13,48,7.8,65.229632,,9.66468853
13,49,6.9,63.038123,,7.362453186
13,50,8.1,65.875643,,10.50609023
13,51,6.4,,,0.21949
13,52,6.6,62.223128,,6.670335905
13,53,9.2,67.882912,,13.89404102
13,54,6.2,,,0.21949
13,55,10.8,69,42.2,19.3741108
14,1,6.9,63.038123,,7.362453186
14,2,9.8,68.738392,,15.9313817
14,3,9.2,67.882912,,13.89404102
14,4,6.2,61.070752,,5.806682102
14,5,9,67.5602,,13.24374536
14,6,7.4,64.302568,,8.599966524
14,7,7.1,63.557983,,7.844909857
14,8,7.8,65.229632,,9.66468853
14,9,6.7,63.5,46.5,7.0037157
14,10,9.3,,,0.21949
14,11,8.3,66.282847,,11.08710628
14,12,7.5,64.541375,,8.859966578
14,13,,,,0.21949
14,14,9.6,68.472008,,15.23819501
14,15,8.4,66.479408,,11.38356313
14,16,6,60.4664,,5.400251152
14,17,4.5,55.335275,,2.886373579
14,18,9.1,67.723903,,13.56704505
14,19,8.4,70.6,43.4,12.07554568
14,20,9.1,67.723903,,13.56704505
14,21,10.6,69.616168,,18.83602287
14,22,6.8,62.771152,,7.127530603
14,23,10.1,69.102763,,16.99652139
14,24,13.1,,,0.21949
14,25,12.1,70.452283,,24.76899663
14,26,9.1,67.723903,,13.56704505
14,27,11.3,70.137787,,21.53451777
14,28,10.7,,,0.21949
14,29,9.4,73,45.6,15.5711564
14,30,10.7,69.704767,,19.21307708
14,31,10,68.986,,16.638158
14,32,10,68.986,,16.638158
14,33,10.7,69.704767,,19.21307708
14,34,8.4,66.479408,,11.38356313
14,35,10,68.986,,16.638158
14,36,9,67.5602,,13.24374536
14,37,10.5,69.522875,,18.46194479
14,38,10.6,70.4,49.3,19.04563272
14,39,10.2,69.214832,,17.35813447
14,40,9.5,68.331775,,14.89681361
14,41,9.4,68.186848,,14.55896594
14,42,10.7,69.704767,,19.21307708
14,43,9.3,68.037227,,14.22469464
14,44,10.2,69.214832,,17.35813447
15,1,12.5,70.496875,,26.43551539
15,2,8.3,66.282847,,11.08710628
15,3,7.4,64.302568,,8.599966524
15,4,7.6,64.775488,,9.124098605
15,5,9,67.5602,,13.24374536
15,6,9.5,68.331775,,14.89681361
15,7,6.6,62.223128,,6.670335905
15,8,8,65.665,,10.2215828
15,9,8.7,67.040927,,12.29639008
15,10,10,72.2,46.7,17.40309
15,11,9,67.5602,,13.24374536
15,12,9,67.5602,,13.24374536
15,13,7.6,64.775488,,9.124098605
15,14,10.1,69.102763,,16.99652139
15,15,8.7,67.040927,,12.29639008
15,16,6.6,62.223128,,6.670335905
15,17,6.6,62.223128,,6.670335905
15,18,7.5,65.6,47.2,9.00169
15,19,8.3,66.282847,,11.08710628
15,20,8,65.665,,10.2215828
15,21,8.2,66.081592,,10.79460647
15,22,8,65.665,,10.2215828
15,23,6.5,,,0.21949
15,24,9.9,68.864543,,16.28309499
15,25,12,,,0.21949
15,26,9.8,68.738392,,15.9313817
15,27,8.8,67.218712,,12.6083826
15,28,10.9,76.4,46.5,21.82294992
15,29,8.1,65.875643,,10.50609023
15,30,10.5,69.522875,,18.46194479
15,31,9.7,68.607547,,15.58306615
15,32,11.8,70.369552,,23.53934028
15,33,10.3,69.322207,,17.7229452
15,34,11,69.9424,,20.36150235
15,35,10.9,69.867883,,19.97587757
15,36,8.3,66.282847,,11.08710628
15,37,9.4,68.186848,,14.55896594
15,38,11,69.3,36.5,20.176504
15,39,9,67.5602,,13.24374536
15,40,12,70.4294,,24.35705397
15,41,9.5,,,0.21949
15,42,11.2,70.077352,,21.14088722
15,43,11.8,70.369552,,23.53934028
15,44,10,68.986,,16.638158
15,45,9.4,68.186848,,14.55896594
15,46,11.3,70.137787,,21.53451777
16,1,9.5,68.331775,,14.89681361
16,2,7.7,65.004907,,9.392345428
16,3,10,68.986,,16.638158
16,4,8,65.665,,10.2215828
16,5,7.5,64.541375,,8.859966578
16,6,8,65.665,,10.2215828
16,7,7.7,65.004907,,9.392345428
16,8,8.8,68.4,46.2,12.82610248
16,9,5.7,,,0.21949
16,10,7.8,65.229632,,9.66468853
16,11,8.5,66.671275,,11.68394909
16,12,8.4,66.479408,,11.38356313
16,13,5.9,60.157183,,5.203380266
16,14,8,65.665,,10.2215828
16,15,8.4,66.479408,,11.38356313
16,16,8.9,67.391803,,12.92417922
16,17,6.6,62.223128,,6.670335905
16,18,7.4,67.1,46.2,8.96455248
16,19,7.7,65.004907,,9.392345428
16,20,9,67.5602,,13.24374536
16,21,7.8,65.229632,,9.66468853
16,22,10.9,69.867883,,19.97587757
16,23,10.5,69.522875,,18.46194479
16,24,10.7,69.704767,,19.21307708
16,25,8.9,67.391803,,12.92417922
16,26,11,69.9424,,20.36150235
16,27,11.3,70,40.3,21.492644
16,28,8.4,66.479408,,11.38356313
16,29,9.6,68.472008,,15.23819501
16,30,8,65.665,,10.2215828
16,31,9.5,68.331775,,14.89681361
16,32,10.6,69.616168,,18.83602287
16,33,9,67.5602,,13.24374536
16,34,9,67.5602,,13.24374536
16,35,10.2,69.214832,,17.35813447
16,36,9.4,70.4,46.5,15.02438472
16,37,9.7,68.607547,,15.58306615
16,38,8.2,66.081592,,10.79460647
16,39,9.8,68.738392,,15.9313817
16,40,10.9,69.867883,,19.97587757
16,41,9.3,68.037227,,14.22469464
16,42,10.9,69.867883,,19.97587757
16,43,12,70.4294,,24.35705397
16,44,11.1,70.012223,,20.74986027
16,45,,,,
17,1,9.8,68.738392,,15.9313817
17,2,9.2,67.882912,,13.89404102
17,3,6.7,62.499487,,6.896822692
17,4,7,63.3004,,7.601582648
17,5,8,,,0.21949
17,6,7.5,64.541375,,8.859966578
17,7,8.2,66.081592,,10.79460647
17,8,9.1,65,39.5,13.030197
17,9,7,63.3004,,7.601582648
17,10,5.7,59.524667,,4.822306305
17,11,7.5,64.541375,,8.859966578
17,12,7.4,64.302568,,8.599966524
17,13,6.8,62.771152,,7.127530603
17,14,8,65.665,,10.2215828
17,15,10.4,69.424888,,18.09090021
17,16,6.7,62.499487,,6.896822692
17,17,7.8,65.229632,,9.66468853
17,18,8.4,66.5,46.4,11.3870212
17,19,8.7,67.040927,,12.29639008
17,20,8,65.665,,10.2215828
17,21,6.3,61.365887,,6.016246691
17,22,10,68.986,,16.638158
17,23,11.8,70.369552,,23.53934028
17,24,9.7,68.607547,,15.58306615
17,25,11.7,70.332587,,23.13372025
17,26,8.7,67.040927,,12.29639008
17,27,10.9,77.7,45.4,22.19054806
17,28,9.3,,,0.21949
17,29,11.2,70.077352,,21.14088722
17,30,12,70.4294,,24.35705397
17,31,9,67.5602,,13.24374536
17,32,9.7,68.607547,,15.58306615
17,33,10,68.986,,16.638158
17,34,10.8,69.788672,,19.59304867
17,35,12,70.4294,,24.35705397
17,36,8.3,66.282847,,11.08710628
17,37,10.6,70,46.5,18.938666
17,38,10.6,69.616168,,18.83602287
17,39,9,67.5602,,13.24374536
17,40,10,68.986,,16.638158
17,41,9.8,68.738392,,15.9313817
17,42,9.6,68.472008,,15.23819501
17,43,10,68.986,,16.638158
18,1,8,65.665,,10.2215828
18,2,10,68.986,,16.638158
18,3,8.8,67.218712,,12.6083826
18,4,8.4,66.479408,,11.38356313
18,5,9.6,68.472008,,15.23819501
18,6,10.2,69.214832,,17.35813447
18,7,5.7,59.524667,,4.822306305
18,8,8.3,70,48.6,11.696564
18,9,7.5,64.541375,,8.859966578
18,10,9.6,68.472008,,15.23819501
18,11,7.3,64.059067,,8.344114279
18,12,5,,,0.21949
18,13,9,67.5602,,13.24374536
18,14,8.5,66.671275,,11.68394909
18,15,5.3,58.203307,,4.110625527
18,16,7,63.3004,,7.601582648
18,17,6.9,61.6,45.6,7.19949688
18,18,8.2,66.081592,,10.79460647
18,19,8.8,67.218712,,12.6083826
18,20,9.6,68.472008,,15.23819501
18,21,9.5,68.331775,,14.89681361
18,22,10.7,69.704767,,19.21307708
18,23,8.8,67.218712,,12.6083826
18,24,12.2,70.470472,,25.18289362
18,25,9.7,68.607547,,15.58306615
18,26,7.7,68.8,45.8,9.92787176
18,27,10.6,69.616168,,18.83602287
18,28,9.4,,,0.21949
18,29,11.4,70.193528,,21.93068514
18,30,9.2,67.882912,,13.89404102
18,31,12.3,70.483967,,25.59866609
18,32,8.7,67.040927,,12.29639008
18,33,10.3,69.322207,,17.7229452
18,34,9.8,71.4,43.4,16.53975928
18,35,9.1,67.723903,,13.56704505
18,36,10.6,69.616168,,18.83602287
18,37,7.3,64.059067,,8.344114279
18,38,9.2,67.882912,,13.89404102
18,39,8.6,66.858448,,11.98823494
18,40,10.6,69.616168,,18.83602287
18,41,8.9,67.391803,,12.92417922
18,42,10,68.986,,16.638158
19,1,9.4,68.186848,,14.55896594
19,2,8,65.665,,10.2215828
19,3,7.9,65.449663,,9.941108053
19,4,6.5,61.942075,,6.448075352
19,5,9,67.5602,,13.24374536
19,6,6.3,61.365887,,6.016246691
19,7,7.5,64.541375,,8.859966578
19,8,9.7,68.607547,,15.58306615
19,9,6.3,63.5,43.8,6.2178397
19,10,9.3,68.037227,,14.22469464
19,11,9,67.5602,,13.24374536
19,12,8.8,67.218712,,12.6083826
19,13,7,63.3004,,7.601582648
19,14,8.2,66.081592,,10.79460647
19,15,7.2,63.810872,,8.092424339
19,16,11.1,70.012223,,20.74986027
19,17,9.1,71,49.9,14.2127238
19,18,9,67.5602,,13.24374536
19,19,9.6,68.472008,,15.23819501
19,20,9,67.5602,,13.24374536
19,21,8.3,66.282847,,11.08710628
19,22,10.8,69.788672,,19.59304867
19,23,9.3,68.037227,,14.22469464
19,24,8.6,66.858448,,11.98823494
19,25,11.7,70.332587,,23.13372025
19,26,9.7,68.607547,,15.58306615
19,27,11,72.3,44.8,21.040444
19,28,8.5,66.671275,,11.68394909
19,29,9.8,68.738392,,15.9313817
19,30,10.7,69.704767,,19.21307708
19,31,10.5,69.522875,,18.46194479
19,32,10.6,69.616168,,18.83602287
19,33,11.2,70.077352,,21.14088722
19,34,7.9,65.449663,,9.941108053
19,35,8,65.665,,10.2215828
19,36,10.2,69.214832,,17.35813447
19,37,10.1,69,41.1,16.9715722
19,38,9.9,68.864543,,16.28309499
19,39,9.8,68.738392,,15.9313817
19,40,9,67.5602,,13.24374536
19,41,9.3,68.037227,,14.22469464
19,42,9.8,68.738392,,15.9313817
19,43,7.8,65.229632,,9.66468853
19,44,11.2,70.077352,,21.14088722
19,45,11.3,70.137787,,21.53451777
19,46,,,,
20,1,8.5,66.671275,,11.68394909
20,2,8.1,65.875643,,10.50609023
20,3,7,63.3004,,7.601582648
20,4,6.8,62.771152,,7.127530603
20,5,9,67.5602,,13.24374536
20,6,7.2,63.810872,,8.092424339
20,7,6.8,62.771152,,7.127530603
20,8,9.3,68.037227,,14.22469464
20,9,7.2,63.810872,,8.092424339
20,10,8,67.3,46,10.470626
20,11,9.4,68.186848,,14.55896594
20,12,9.9,68.864543,,16.28309499
20,13,6.8,62.771152,,7.127530603
20,14,6.5,61.942075,,6.448075352
20,15,8.3,66.282847,,11.08710628
20,16,5.4,58.540688,,4.28226058
20,17,8.7,67.040927,,12.29639008
20,18,8.4,66.479408,,11.38356313
20,19,8,66.6,47.8,10.364002
20,20,8.6,66.858448,,11.98823494
20,21,8.9,67.391803,,12.92417922
20,22,7.9,65.449663,,9.941108053
20,23,10.6,69.616168,,18.83602287
20,24,8.5,66.671275,,11.68394909
20,25,10.4,69.424888,,18.09090021
20,26,11,69.9424,,20.36150235
20,27,12.7,70.491007,,27.27888696
20,28,9.3,69.6,40.2,14.54638552
20,29,9.8,68.738392,,15.9313817
20,30,10,68.986,,16.638158
20,31,11.2,70.077352,,21.14088722
20,32,10.9,69.867883,,19.97587757
20,33,8.7,,,0.21949
20,34,12.1,70.452283,,24.76899663
20,35,9.1,67.723903,,13.56704505
20,36,11.2,70.077352,,21.14088722
20,37,10.9,69.867883,,19.97587757
20,38,9.6,72.9,43.7,16.20943432
20,39,9.2,67.882912,,13.89404102
20,40,8.4,66.479408,,11.38356313
20,41,10.2,69.214832,,17.35813447
20,42,11.5,70.244575,,22.3293212
20,43,10.3,69.322207,,17.7229452
20,44,8.6,66.858448,,11.98823494
20,45,9.5,68.331775,,14.89681361
20,46,9.6,68.472008,,15.23819501
21,1,10.1,69.102763,,16.99652139
21,2,8.7,67.040927,,12.29639008
21,3,10.1,69.102763,,16.99652139
21,4,7.2,63.810872,,8.092424339
21,5,8.1,65.875643,,10.50609023
21,6,8.3,66.282847,,11.08710628
21,7,8.7,67.040927,,12.29639008
21,8,8,68.1,47.8,10.592482
21,9,6.8,62.771152,,7.127530603
21,10,8.3,66.282847,,11.08710628
21,11,8.3,66.282847,,11.08710628
21,12,7.9,65.449663,,9.941108053
21,13,8.2,66.081592,,10.79460647
21,14,8.9,67.391803,,12.92417922
21,15,7.5,64.541375,,8.859966578
21,16,8.7,67.040927,,12.29639008
21,17,7.4,64.302568,,8.599966524
21,18,8.1,71.1,52.2,11.32188298
21,19,8,65.665,,10.2215828
21,20,10.5,69.522875,,18.46194479
21,21,9.6,68.472008,,15.23819501
21,22,9.3,68.037227,,14.22469464
21,23,9.5,68.331775,,14.89681361
21,24,7.8,65.229632,,9.66468853
21,25,10.8,69.788672,,19.59304867
21,26,12,75.3,45.7,26.026306
21,27,10.5,69.522875,,18.46194479
21,28,7.6,64.775488,,9.124098605
21,29,9.1,67.723903,,13.56704505
21,30,9.5,68.331775,,14.89681361
21,31,8.2,66.081592,,10.79460647
21,32,11.3,70.137787,,21.53451777
21,33,10.2,69.214832,,17.35813447
21,34,8.1,65.875643,,10.50609023
21,35,9.4,68.186848,,14.55896594
21,36,9.5,70.2,45,15.298099
21,37,9.8,68.738392,,15.9313817
21,38,11.4,70.193528,,21.93068514
21,39,8.5,,,0.21949
21,40,9.3,68.037227,,14.22469464
21,41,8.4,66.479408,,11.38356313
21,42,9.9,68.864543,,16.28309499
21,43,10,68.986,,16.638158
21,44,10.8,69.788672,,19.59304867
21,45,,,,
22,1,9.1,67.723903,,13.56704505
22,2,8.1,65.875643,,10.50609023
22,3,7.2,63.810872,,8.092424339
22,4,7.3,64.059067,,8.344114279
22,5,7.9,65.449663,,9.941108053
22,6,7.1,63.557983,,7.844909857
22,7,8.2,66.081592,,10.79460647
22,8,6,60.4664,,5.400251152
22,9,8.1,65.875643,,10.50609023
22,10,9.3,69.7,48.1,14.56697014
22,11,7.3,64.059067,,8.344114279
22,12,7.1,63.557983,,7.844909857
22,13,9.4,68.186848,,14.55896594
22,14,6.3,61.365887,,6.016246691
22,15,9.5,68.331775,,14.89681361
22,16,8.7,67.040927,,12.29639008
22,17,9.5,68.331775,,14.89681361
22,18,7.1,63.557983,,7.844909857
22,19,9.6,76.9,46.5,17.08679752
22,20,7.8,65.229632,,9.66468853
22,21,7.1,63.557983,,7.844909857
22,22,9.3,68.037227,,14.22469464
22,23,7.7,65.004907,,9.392345428
22,24,8.9,67.391803,,12.92417922
22,25,9.4,68.186848,,14.55896594
22,26,12.9,70.466363,,28.12810177
22,27,10.3,69.322207,,17.7229452
22,28,9.3,68.6,40.8,14.34053932
22,29,10.1,69.102763,,16.99652139
22,30,9.3,68.037227,,14.22469464
22,31,10.5,69.522875,,18.46194479
22,32,9.9,68.864543,,16.28309499
22,33,10.2,69.214832,,17.35813447
22,34,7.6,64.775488,,9.124098605
22,35,10.5,69.522875,,18.46194479
22,36,9.9,,,0.21949
22,37,9.1,67.723903,,13.56704505
22,38,8.6,65.1,37.6,11.67870448
22,39,9.8,68.738392,,15.9313817
22,40,10.9,69.867883,,19.97587757
22,41,10.8,69.788672,,19.59304867
22,42,10.3,69.322207,,17.7229452
22,43,9.9,68.864543,,16.28309499
22,44,10.5,69.522875,,18.46194479
22,45,9.3,68.037227,,14.22469464
23,1,7.8,65.229632,,9.66468853
23,2,8.7,67.040927,,12.29639008
23,3,9.8,68.738392,,15.9313817
23,4,9.1,67.723903,,13.56704505
23,5,7.3,64.059067,,8.344114279
23,6,6.9,63.038123,,7.362453186
23,7,10.3,69.322207,,17.7229452
23,8,5.9,60.157183,,5.203380266
23,9,6.8,66,47.1,7.4828692
23,10,8.3,66.282847,,11.08710628
23,11,7.5,64.541375,,8.859966578
23,12,9,67.5602,,13.24374536
23,13,9.2,67.882912,,13.89404102
23,14,7.9,65.449663,,9.941108053
23,15,10,68.986,,16.638158
23,16,6.7,62.499487,,6.896822692
23,17,8.4,68.2,41.8,11.67250696
23,18,,33.605,,0.21949
23,19,10.1,69.102763,,16.99652139
23,20,6.3,,,0.21949
23,21,9,67.5602,,13.24374536
23,22,7.2,63.810872,,8.092424339
23,23,9.3,68.037227,,14.22469464
23,24,11.7,70.332587,,23.13372025
23,25,9,67.5602,,13.24374536
23,26,8.6,66.858448,,11.98823494
23,27,8.3,66.282847,,11.08710628
23,28,10.3,67.2,41.6,17.18710024
23,29,10.3,69.322207,,17.7229452
23,30,10.8,69.788672,,19.59304867
23,31,10.2,69.214832,,17.35813447
23,32,12.4,70.492768,,26.01623386
23,33,10.4,69.424888,,18.09090021
23,34,12.8,70.481032,,27.70280723
23,35,11.4,70.193528,,21.93068514
23,36,11.4,70.193528,,21.93068514
23,37,11.1,76.3,51.5,22.59368674
23,38,9.6,68.472008,,15.23819501
23,39,10.3,69.322207,,17.7229452
23,40,9.3,68.037227,,14.22469464
23,41,10.2,69.214832,,17.35813447
23,42,9,67.5602,,13.24374536
23,43,10.4,69.424888,,18.09090021
23,44,10,68.986,,16.638158
23,45,,,,
24,1,11.4,70.193528,,21.93068514
24,2,7.4,64.302568,,8.599966524
24,3,9.2,67.882912,,13.89404102
24,4,8.5,66.671275,,11.68394909
24,5,6.6,62.223128,,6.670335905
24,6,8.2,66.081592,,10.79460647
24,7,8.9,69.2,45.1,13.26506016
24,8,10.3,69.322207,,17.7229452
24,9,7.6,64.775488,,9.124098605
24,10,9.7,68.607547,,15.58306615
24,11,7.6,64.775488,,9.124098605
24,12,7.8,65.229632,,9.66468853
24,13,7.2,63.810872,,8.092424339
24,14,6.8,62.771152,,7.127530603
24,15,6.4,63.4,46.3,6.40002632
24,16,8.8,67.218712,,12.6083826
24,17,8.5,66.671275,,11.68394909
24,18,7.3,64.059067,,8.344114279
24,19,8.5,66.671275,,11.68394909
24,20,8.4,66.479408,,11.38356313
24,21,11.6,70.290928,,22.73035651
24,22,9.3,68.037227,,14.22469464
24,23,9.5,68.331775,,14.89681361
24,24,10.3,69.322207,,17.7229452
24,25,9.3,73.1,52.2,15.26684722
24,26,10.4,69.424888,,18.09090021
24,27,8.5,66.671275,,11.68394909
24,28,8.7,67.040927,,12.29639008
24,29,10.6,69.616168,,18.83602287
24,30,9,67.5602,,13.24374536
24,31,12.2,70.470472,,25.18289362
24,32,9.9,68.864543,,16.28309499
24,33,9.9,68.864543,,16.28309499
24,34,12,69.7,44.5,24.107074
24,35,10.6,69.616168,,18.83602287
24,36,10.3,69.322207,,17.7229452
24,37,7.1,,,0.21949
24,38,8.6,66.858448,,11.98823494
24,39,10.6,69.616168,,18.83602287
24,40,10.5,69.522875,,18.46194479
24,41,7.9,65.449663,,9.941108053
24,42,10.1,69.102763,,16.99652139
25,1,10,68.986,,16.638158
25,2,7.2,,,0.21949
25,3,9,67.5602,,13.24374536
25,4,8.9,67.391803,,12.92417922
25,5,9,67.5602,,13.24374536
25,6,7.8,65.229632,,9.66468853
25,7,9.2,67.882912,,13.89404102
25,8,6.5,,,0.21949
25,9,9.9,68.864543,,16.28309499
25,10,5.8,63.7,42.8,5.31951584
25,11,8.3,66.282847,,11.08710628
25,12,7.6,64.775488,,9.124098605
25,13,9.4,68.186848,,14.55896594
25,14,7.2,63.810872,,8.092424339
25,15,8.2,66.081592,,10.79460647
25,16,8.3,,,0.21949
25,17,8,65.665,,10.2215828
25,18,9.2,67.882912,,13.89404102
25,19,9.1,67.723903,,13.56704505
25,20,8.4,69.8,46.2,11.94119944
25,21,9.3,68.037227,,14.22469464
25,22,7.5,64.541375,,8.859966578
25,23,10,68.986,,16.638158
25,24,9.9,68.864543,,16.28309499
25,25,9.5,68.331775,,14.89681361
25,26,8.8,67.218712,,12.6083826
25,27,9.9,68.864543,,16.28309499
25,28,11,74.8,48.4,21.760394
25,29,10.3,69.322207,,17.7229452
25,30,10.6,69.616168,,18.83602287
25,31,11.1,70.012223,,20.74986027
25,32,7.9,65.449663,,9.941108053
25,33,9.5,68.331775,,14.89681361
25,34,10.4,69.424888,,18.09090021
25,35,10.7,69.704767,,19.21307708
25,36,10.5,69.522875,,18.46194479
25,37,8.6,71,42.7,12.7172508
25,38,9.1,67.723903,,13.56704505
25,39,6.6,62.223128,,6.670335905
25,40,10.4,69.424888,,18.09090021
25,41,8.1,65.875643,,10.50609023
25,42,10.9,69.867883,,19.97587757
25,43,6.4,,,0.21949
25,44,9.6,68.472008,,15.23819501
25,45,10.1,69.102763,,16.99652139
26,1,9.3,68.037227,,14.22469464
26,2,7.8,65.229632,,9.66468853
26,3,7.2,63.810872,,8.092424339
26,4,8.4,66.479408,,11.38356313
26,5,8.5,66.671275,,11.68394909
26,6,10.4,69.424888,,18.09090021
26,7,7.5,67.1,48.8,9.2025025
26,8,8.5,66.671275,,11.68394909
26,9,7.4,64.302568,,8.599966524
26,10,9.4,,,0.21949
26,11,7,63.3004,,7.601582648
26,12,7.4,64.302568,,8.599966524
26,13,5.3,58.203307,,4.110625527
26,14,7.7,65.004907,,9.392345428
26,15,8.2,66.081592,,10.79460647
26,16,7.8,70,48.3,10.355434
26,17,8.9,67.391803,,12.92417922
26,18,7.9,65.449663,,9.941108053
26,19,9.5,68.331775,,14.89681361
26,20,7.2,63.810872,,8.092424339
26,21,8.3,66.282847,,11.08710628
26,22,8.5,66.671275,,11.68394909
26,23,8.1,65.875643,,10.50609023
26,24,8.9,67.391803,,12.92417922
26,25,7.7,73.9,50.7,10.64753378
26,26,8.6,66.858448,,11.98823494
26,27,9.5,68.331775,,14.89681361
26,28,7.1,63.557983,,7.844909857
26,29,5.9,60.157183,,5.203380266
26,30,7.1,63.557983,,7.844909857
26,31,8.9,67.391803,,12.92417922
26,32,8.6,66.858448,,11.98823494
26,33,5.7,59.524667,,4.822306305
26,34,8.7,67.040927,,12.29639008
26,35,7.6,67.7,54.9,9.52612776
26,36,8.5,66.671275,,11.68394909
26,37,7,63.3004,,7.601582648
26,38,7.9,,,0.21949
26,39,6,60.4664,,5.400251152
26,40,8.5,66.671275,,11.68394909
26,41,7.3,64.059067,,8.344114279
26,42,8.3,66.282847,,11.08710628
26,43,8.7,67.040927,,12.29639008
26,44,10.2,68.2,43.9,17.10684664
26,45,11.8,70.369552,,23.53934028
26,46,11.7,70.332587,,23.13372025
26,47,10.1,69.102763,,16.99652139
26,48,9.7,68.607547,,15.58306615
26,49,11.3,70.137787,,21.53451777
26,50,6.1,,,0.21949
26,51,6.8,,,0.21949
26,52,12,70.4294,,24.35705397
26,53,9.6,66.3,36,14.76178504
27,1,12,70.4294,,24.35705397
27,2,6.2,61.070752,,5.806682102
27,3,7.7,65.004907,,9.392345428
27,4,10,68.986,,16.638158
27,5,8.4,66.479408,,11.38356313
27,6,8.5,66.671275,,11.68394909
27,7,7,63.3004,,7.601582648
27,8,10,68.986,,16.638158
27,9,8.5,67.3,50.1,11.7920615
27,10,8.1,65.875643,,10.50609023
27,11,8,65.665,,10.2215828
27,12,7.7,65.004907,,9.392345428
27,13,8.7,67.040927,,12.29639008
27,14,9.4,68.186848,,14.55896594
27,15,6.7,62.499487,,6.896822692
27,16,9,,,0.21949
27,17,9.5,68.331775,,14.89681361
27,18,9.3,72.1,47.6,15.06100102
27,19,8.7,67.040927,,12.29639008
27,20,8.3,66.282847,,11.08710628
27,21,6.4,,,0.21949
27,22,7.5,64.541375,,8.859966578
27,23,8.4,66.479408,,11.38356313
27,24,8.5,66.671275,,11.68394909
27,25,7.2,63.810872,,8.092424339
27,26,6.4,64.6,46.4,6.51700808
27,27,8.1,65.875643,,10.50609023
27,28,8,65.665,,10.2215828
27,29,6.6,62.223128,,6.670335905
27,30,9,67.5602,,13.24374536
27,31,6.4,61.656328,,6.230044804
27,32,7.7,65.004907,,9.392345428
27,33,8.3,66.282847,,11.08710628
27,34,7.3,64.059067,,8.344114279
27,35,8.9,71.4,46.4,13.67980372
27,36,7,63.3004,,7.601582648
27,37,8.4,66.479408,,11.38356313
27,38,7.7,65.004907,,9.392345428
27,39,8.2,66.081592,,10.79460647
27,40,6.2,61.070752,,5.806682102
27,41,9.1,67.723903,,13.56704505
27,42,10.1,69.102763,,16.99652139
27,43,9.1,67.723903,,13.56704505
27,44,9.9,71,45.7,16.7812198
27,45,10.2,69.214832,,17.35813447
27,46,9.2,67.882912,,13.89404102
27,47,9.4,68.186848,,14.55896594
27,48,12.8,70.481032,,27.70280723
27,49,9.2,,,0.21949
27,50,8.5,66.671275,,11.68394909
27,51,11.4,70.193528,,21.93068514
27,52,11.9,70.401823,,23.94714313
27,53,10.6,69.616168,,18.83602287
27,54,13.8,69,38.7,31.4935468
27,55,,,,
28,1,8.7,67.040927,,12.29639008
28,2,8,65.665,,10.2215828
28,3,8.1,65.875643,,10.50609023
28,4,8.4,66.479408,,11.38356313
28,5,9,,,0.21949
28,6,9.8,68.738392,,15.9313817
28,7,8,65.665,,10.2215828
28,8,8.4,69.7,48,11.92440616
28,9,8.5,66.671275,,11.68394909
28,10,8.3,66.282847,,11.08710628
28,11,9.2,67.882912,,13.89404102
28,12,10.1,69.102763,,16.99652139
28,13,6.9,63.038123,,7.362453186
28,14,7.7,65.004907,,9.392345428
28,15,8.8,67.218712,,12.6083826
28,16,7.2,63.810872,,8.092424339
28,17,7.8,67.4,46.4,9.97895608
28,18,6.8,62.771152,,7.127530603
28,19,9,67.5602,,13.24374536
28,20,8,65.665,,10.2215828
28,21,6.8,62.771152,,7.127530603
28,22,8,65.665,,10.2215828
28,23,6.2,61.070752,,5.806682102
28,24,9,67.5602,,13.24374536
28,25,8.3,66.282847,,11.08710628
28,26,7.2,64.6,43.9,8.18978632
28,27,7.1,63.557983,,7.844909857
28,28,9.3,68.037227,,14.22469464
28,29,4.5,,,0.21949
28,30,8.5,66.671275,,11.68394909
28,31,7.4,64.302568,,8.599966524
28,32,7.3,64.059067,,8.344114279
28,33,6.1,60.770923,,5.601350787
28,34,9,67.5602,,13.24374536
28,35,5.5,62.9,37.7,4.7479755
28,36,9.3,68.037227,,14.22469464
28,37,7.1,63.557983,,7.844909857
28,38,8,65.665,,10.2215828
28,39,6.4,,,0.21949
28,40,8.1,65.875643,,10.50609023
28,41,6.9,63.038123,,7.362453186
28,42,7.1,63.557983,,7.844909857
28,43,9,67.5602,,13.24374536
28,44,9.1,,,0.21949
28,45,10.1,69.3,42.4,17.04440734
28,46,9.5,68.331775,,14.89681361
28,47,11.3,70.137787,,21.53451777
28,48,11.9,70.401823,,23.94714313
28,49,7.3,64.059067,,8.344114279
28,50,10.5,69.522875,,18.46194479
28,51,11.8,70.369552,,23.53934028
28,52,10.5,69.522875,,18.46194479
28,53,11.8,70.369552,,23.53934028
28,54,10,63.3,33.3,15.28489
28,55,,,,
28,56,,,,
29,1,11.6,70.290928,,22.73035651
29,2,8.6,66.858448,,11.98823494
29,3,7.9,65.449663,,9.941108053
29,4,8.3,66.282847,,11.08710628
29,5,6,60.4664,,5.400251152
29,6,7.7,65.004907,,9.392345428
29,7,8.2,66.081592,,10.79460647
29,8,9.2,67.882912,,13.89404102
29,9,7.7,65.004907,,9.392345428
29,10,8.7,72.6,51.3,13.29781372
29,11,8,65.665,,10.2215828
29,12,8.5,66.671275,,11.68394909
29,13,6.8,,,0.21949
29,14,8.3,66.282847,,11.08710628
29,15,11.1,70.012223,,20.74986027
29,16,4.7,,,0.21949
29,17,10.1,69.102763,,16.99652139
29,18,6.5,61.942075,,6.448075352
29,19,6.7,62.499487,,6.896822692
29,20,8.5,68,46.8,11.91243
29,21,6.9,63.038123,,7.362453186
29,22,10.3,69.322207,,17.7229452
29,23,8.9,67.391803,,12.92417922
29,24,7.5,64.541375,,8.859966578
29,25,9.2,67.882912,,13.89404102
29,26,7.5,64.541375,,8.859966578
29,27,7.4,64.302568,,8.599966524
29,28,9.7,68.607547,,15.58306615
29,29,6.4,72.3,51.2,7.26764104
29,30,7.8,65.229632,,9.66468853
29,31,8.2,66.081592,,10.79460647
29,32,8.1,65.875643,,10.50609023
29,33,9.3,68.037227,,14.22469464
29,34,6.7,62.499487,,6.896822692
29,35,6.5,61.942075,,6.448075352
29,36,6.4,61.656328,,6.230044804
29,37,9.8,68.738392,,15.9313817
29,38,9.1,67.723903,,13.56704505
29,39,9.5,71.6,45.3,15.598812
29,40,7.9,65.449663,,9.941108053
29,41,8.2,66.081592,,10.79460647
29,42,7.9,65.449663,,9.941108053
29,43,7.8,65.229632,,9.66468853
29,44,7.5,64.541375,,8.859966578
29,45,9.8,68.738392,,15.9313817
29,46,10.3,70.3,47.8,17.96983226
29,47,9.4,68.186848,,14.55896594
29,48,8.9,67.391803,,12.92417922
29,49,9.8,68.738392,,15.9313817
29,50,10.5,69.522875,,18.46194479
29,51,12,,,0.21949
29,52,10.8,69.788672,,19.59304867
29,53,10.4,69.424888,,18.09090021
29,54,6.2,,,0.21949
29,55,11.2,70.077352,,21.14088722
29,56,6.4,45.7,24.8,4.67454536
29,57,,,,
29,58,,,,
30,1,8.9,,,0.21949
30,2,8.2,66.081592,,10.79460647
30,3,9.1,67.723903,,13.56704505
30,4,6.3,61.365887,,6.016246691
30,5,5,57.163,,3.6206885
30,6,7.8,65.229632,,9.66468853
30,7,9.7,68.607547,,15.58306615
30,8,6.8,62.771152,,7.127530603
30,9,9.1,67.723903,,13.56704505
30,10,8.8,69.8,49.2,13.08413256
30,11,8.3,66.282847,,11.08710628
30,12,6.8,62.771152,,7.127530603
30,13,8.8,67.218712,,12.6083826
30,14,8.2,66.081592,,10.79460647
30,15,8.8,67.218712,,12.6083826
30,16,8.6,66.858448,,11.98823494
30,17,9,72.4,51.1,14.176762
30,18,8,65.665,,10.2215828
30,19,10.1,69.102763,,16.99652139
30,20,6,60.4664,,5.400251152
30,21,5.5,58.873375,,4.458078633
30,22,9.2,67.882912,,13.89404102
30,23,5.3,,,0.21949
30,24,7,63.3004,,7.601582648
30,25,6.6,62.223128,,6.670335905
30,26,9.4,71.5,44.6,15.2557112
30,27,7.6,64.775488,,9.124098605
30,28,10,,,0.21949
30,29,6,60.4664,,5.400251152
30,30,7.5,64.541375,,8.859966578
30,31,7.9,65.449663,,9.941108053
30,32,8,65.665,,10.2215828
30,33,7.4,64.302568,,8.599966524
30,34,8,65.665,,10.2215828
30,35,6.5,63.6,40.4,6.614788
30,36,9.1,67.723903,,13.56704505
30,37,7.8,65.229632,,9.66468853
30,38,7.3,64.059067,,8.344114279
30,39,8.6,66.858448,,11.98823494
30,40,6,60.4664,,5.400251152
30,41,8.7,67.040927,,12.29639008
30,42,8.6,66.858448,,11.98823494
30,43,6.6,62.223128,,6.670335905
30,44,10.6,69.616168,,18.83602287
30,45,12.3,70.1,43.6,25.46041102
30,46,9.7,68.607547,,15.58306615
30,47,9.2,67.882912,,13.89404102
30,48,10,68.986,,16.638158
30,49,9.6,68.472008,,15.23819501
30,50,9.1,67.723903,,13.56704505
30,51,10.5,69.522875,,18.46194479
30,52,9.3,68.037227,,14.22469464
30,53,10.4,69.424888,,18.09090021
30,54,11.2,70.077352,,21.14088722
30,55,12.4,68.4,41.6,25.25038792
31,1,9.7,68.607547,,15.58306615
31,2,6.1,,,0.21949
31,3,10.3,69.322207,,17.7229452
31,4,9.8,68.738392,,15.9313817
31,5,6.6,62.223128,,6.670335905
31,6,7,63.3004,,7.601582648
31,7,8.8,73.1,50,13.69234632
31,8,8.7,67.040927,,12.29639008
31,9,7.8,65.229632,,9.66468853
31,10,8.4,66.479408,,11.38356313
31,11,8.1,65.875643,,10.50609023
31,12,8.3,66.282847,,11.08710628
31,13,9.6,68.472008,,15.23819501
31,14,8,65.665,,10.2215828
31,15,8.5,66.671275,,11.68394909
31,16,8.7,,,0.21949
31,17,7.7,64.3,50.9,9.29287586
31,18,8.1,65.875643,,10.50609023
31,19,8.6,66.858448,,11.98823494
31,20,7.5,,,0.21949
31,21,8.9,67.391803,,12.92417922
31,22,7.4,64.302568,,8.599966524
31,23,7.9,65.449663,,9.941108053
31,24,6.7,62.499487,,6.896822692
31,25,7.4,64.302568,,8.599966524
31,26,7.6,65.7,49.4,9.25119016
31,27,6,60.4664,,5.400251152
31,28,7.9,65.449663,,9.941108053
31,29,6.9,63.038123,,7.362453186
31,30,8.3,66.282847,,11.08710628
31,31,7.3,64.059067,,8.344114279
31,32,7.8,65.229632,,9.66468853
31,33,8.2,66.081592,,10.79460647
31,34,6.5,61.942075,,6.448075352
31,35,7.8,65.229632,,9.66468853
31,36,7.9,69,45.6,10.4684602
31,37,8.6,66.858448,,11.98823494
31,38,7.8,65.229632,,9.66468853
31,39,5.7,59.524667,,4.822306305
31,40,8.6,66.858448,,11.98823494
31,41,9.1,67.723903,,13.56704505
31,42,8.6,,,0.21949
31,43,8.5,66.2,49.4,11.602911
31,44,12.1,70.452283,,24.76899663
31,45,10.4,69.424888,,18.09090021
31,46,10.2,69.214832,,17.35813447
31,47,12.9,70.466363,,28.12810177
31,48,11,69.9424,,20.36150235
31,49,10.5,69.522875,,18.46194479
31,50,10.6,69.616168,,18.83602287
31,51,12.4,70.492768,,26.01623386
32,1,8.9,67.391803,,12.92417922
32,2,9.9,68.864543,,16.28309499
32,3,7.4,64.302568,,8.599966524
32,4,6.5,61.942075,,6.448075352
32,5,8.9,67.391803,,12.92417922
32,6,8.7,67.040927,,12.29639008
32,7,7.4,64.302568,,8.599966524
32,8,9.5,68.331775,,14.89681361
32,9,9.8,68.738392,,15.9313817
32,10,8.5,76.6,58.5,13.391243
32,11,9.1,67.723903,,13.56704505
32,12,7.9,65.449663,,9.941108053
32,13,6.9,63.038123,,7.362453186
32,14,7.1,63.557983,,7.844909857
32,15,9.1,67.723903,,13.56704505
32,16,8.8,67.218712,,12.6083826
32,17,8.1,65.875643,,10.50609023
32,18,7.6,64.775488,,9.124098605
32,19,6.2,61.070752,,5.806682102
32,20,9.3,77.4,46.3,16.15198588
32,21,10.2,69.214832,,17.35813447
32,22,9.5,,,0.21949
32,23,6.5,61.942075,,6.448075352
32,24,10.4,69.424888,,18.09090021
32,25,7.3,64.059067,,8.344114279
32,26,7.8,65.229632,,9.66468853
32,27,7.3,64.059067,,8.344114279
32,28,7.8,65.229632,,9.66468853
32,29,9.5,73.6,48,16.028402
32,30,7.6,64.775488,,9.124098605
32,31,8.3,66.282847,,11.08710628
32,32,9.5,68.331775,,14.89681361
32,33,8.5,66.671275,,11.68394909
32,34,8.3,66.282847,,11.08710628
32,35,7.5,64.541375,,8.859966578
32,36,7.1,63.557983,,7.844909857
32,37,9.3,68.037227,,14.22469464
32,38,8.3,68.1,48.5,11.38504342
32,39,7.4,64.302568,,8.599966524
32,40,8,,,0.21949
32,41,7.5,64.541375,,8.859966578
32,42,6.9,63.038123,,7.362453186
32,43,9.3,68.037227,,14.22469464
32,44,7.8,,,0.21949
32,45,4.1,,,0.21949
32,46,9,67.5602,,13.24374536
32,47,7.7,65.004907,,9.392345428
32,48,11.9,74.7,47,25.39576546
32,49,10,68.986,,16.638158
32,50,10.2,69.214832,,17.35813447
32,51,11.9,70.401823,,23.94714313
32,52,10,68.986,,16.638158
32,53,12.2,70.470472,,25.18289362
32,54,12.6,70.496288,,26.85642783
32,55,8.3,66.282847,,11.08710628
32,56,10.3,69.322207,,17.7229452
32,57,12.2,71.8,47,25.65386456
32,58,,,,
33,1,11.9,70.401823,,23.94714313
33,2,9,67.5602,,13.24374536
33,3,9.7,68.607547,,15.58306615
33,4,5.4,,,0.21949
33,5,6.9,63.038123,,7.362453186
33,6,7.9,65.449663,,9.941108053
33,7,9,67.5602,,13.24374536
33,8,8.2,66.081592,,10.79460647
33,9,9.5,68.331775,,14.89681361
33,10,6.3,64.7,43.2,6.33119434
33,11,9,67.5602,,13.24374536
33,12,8.8,67.218712,,12.6083826
33,13,5.9,60.157183,,5.203380266
33,14,7.5,64.541375,,8.859966578
33,15,8.7,67.040927,,12.29639008
33,16,7.5,64.541375,,8.859966578
33,17,9,67.5602,,13.24374536
33,18,9.2,67.882912,,13.89404102
33,19,7,63.3004,,7.601582648
33,20,9.7,72.6,49.5,16.47711292
33,21,10.9,,,0.21949
33,22,8.9,67.391803,,12.92417922
33,23,5.5,,,0.21949
33,24,9.5,68.331775,,14.89681361
33,25,7.3,64.059067,,8.344114279
33,26,8.7,67.040927,,12.29639008
33,27,9,67.5602,,13.24374536
33,28,8.6,70.2,49.8,12.57643096
33,29,8.9,67.391803,,12.92417922
33,30,6.4,61.656328,,6.230044804
33,31,6.7,62.499487,,6.896822692
33,32,9.5,68.331775,,14.89681361
33,33,7.7,65.004907,,9.392345428
33,34,7.2,63.810872,,8.092424339
33,35,8.8,67.218712,,12.6083826
33,36,8.6,66.858448,,11.98823494
33,37,8,69.7,50.5,10.836194
33,38,7.5,64.541375,,8.859966578
33,39,8.2,66.081592,,10.79460647
33,40,8.4,66.479408,,11.38356313
33,41,8.8,67.218712,,12.6083826
33,42,9.6,68.472008,,15.23819501
33,43,7.7,65.004907,,9.392345428
33,44,7.8,65.229632,,9.66468853
33,45,10.5,69.522875,,18.46194479
33,46,7.9,65.449663,,9.941108053
33,47,10.7,73.3,49.5,20.19272846
33,48,10.6,69.616168,,18.83602287
33,49,7.4,,,0.21949
33,50,10.8,69.788672,,19.59304867
33,51,11.2,,,0.21949
33,52,9.7,68.607547,,15.58306615
33,53,11.2,70.077352,,21.14088722
33,54,12.1,70.452283,,24.76899663
33,55,8.9,67.391803,,12.92417922
33,56,9.5,68.331775,,14.89681361
33,57,13.1,71.3,42,29.34067734
34,1,6.4,61.656328,,6.230044804
34,2,6.3,61.365887,,6.016246691
34,3,6.5,61.942075,,6.448075352
34,4,8.3,66.282847,,11.08710628
34,5,8.7,67.040927,,12.29639008
34,6,7.3,64.059067,,8.344114279
34,7,6.5,61.942075,,6.448075352
34,8,7,63.3004,,7.601582648
34,9,9.5,70.8,43.1,15.426976
34,10,6,60.4664,,5.400251152
34,11,10.1,69.102763,,16.99652139
34,12,7.7,65.004907,,9.392345428
34,13,8.4,66.479408,,11.38356313
34,14,6.8,62.771152,,7.127530603
34,15,6.7,62.499487,,6.896822692
34,16,9.4,68.186848,,14.55896594
34,17,10.5,69.522875,,18.46194479
34,18,7,71.8,50.5,8.592806
34,19,9,67.5602,,13.24374536
34,20,6.6,62.223128,,6.670335905
34,21,9.1,67.723903,,13.56704505
34,22,8,65.665,,10.2215828
34,23,6.9,63.038123,,7.362453186
34,24,6.6,62.223128,,6.670335905
34,25,8.1,65.875643,,10.50609023
34,26,7.5,64.541375,,8.859966578
34,27,7.1,64.9,49.3,8.00591942
34,28,7.5,64.541375,,8.859966578
34,29,8,65.665,,10.2215828
34,30,8.7,67.040927,,12.29639008
34,31,8.1,65.875643,,10.50609023
34,32,8.4,66.479408,,11.38356313
34,33,8.4,66.479408,,11.38356313
34,34,8,65.665,,10.2215828
34,35,6.6,62.223128,,6.670335905
34,36,9.4,68.186848,,14.55896594
34,37,6.1,60.4,46.2,5.56850192
34,38,6.5,61.942075,,6.448075352
34,39,7.1,63.557983,,7.844909857
34,40,6.7,62.499487,,6.896822692
34,41,7,63.3004,,7.601582648
34,42,5.2,57.861232,,3.943161158
34,43,7.4,64.302568,,8.599966524
34,44,8.9,67.391803,,12.92417922
34,45,4.8,56.445992,,3.314717261
34,46,11.8,70.369552,,23.53934028
34,47,10.8,75.4,47.4,21.15077128
34,48,8.9,67.391803,,12.92417922
34,49,11.6,70.290928,,22.73035651
34,50,10.6,69.616168,,18.83602287
34,51,10.9,69.867883,,19.97587757
34,52,10.4,69.424888,,18.09090021
34,53,9.8,68.738392,,15.9313817
34,54,9.5,68.331775,,14.89681361
34,55,10.8,69.788672,,19.59304867
34,56,11,69.9424,,20.36150235
34,57,11,73.8,37.1,21.472414
34,58,,,,
34,59,,,,
34,60,,,,
35,1,9.1,67.723903,,13.56704505
35,2,9.2,67.882912,,13.89404102
35,3,8.9,67.391803,,12.92417922
35,4,10,68.986,,16.638158
35,5,6.9,,,0.21949
35,6,8,65.665,,10.2215828
35,7,8.8,67.218712,,12.6083826
35,8,8.8,67.218712,,12.6083826
35,9,8.6,66.858448,,11.98823494
35,10,8.1,72.5,44,11.5404955
35,11,5.9,,,0.21949
35,12,8.3,66.282847,,11.08710628
35,13,7.2,63.810872,,8.092424339
35,14,8.9,67.391803,,12.92417922
35,15,10.2,69.214832,,17.35813447
35,16,8.7,67.040927,,12.29639008
35,17,8.6,66.858448,,11.98823494
35,18,9.8,71.4,47,16.53975928
35,19,6.8,62.771152,,7.127530603
35,20,7.8,65.229632,,9.66468853
35,21,9.4,68.186848,,14.55896594
35,22,10.4,69.424888,,18.09090021
35,23,7,,,0.21949
35,24,8.4,66.479408,,11.38356313
35,25,7.7,65.004907,,9.392345428
35,26,10.6,69.616168,,18.83602287
35,27,9.1,67.723903,,13.56704505
35,28,7.6,69.9,50.8,9.82855912
35,29,8.3,66.282847,,11.08710628
35,30,7,63.3004,,7.601582648
35,31,6.7,62.499487,,6.896822692
35,32,9,67.5602,,13.24374536
35,33,8.1,65.875643,,10.50609023
35,34,6.4,61.656328,,6.230044804
35,35,6.7,62.499487,,6.896822692
35,36,8.1,65.875643,,10.50609023
35,37,5.7,,,0.21949
35,38,8.2,63,45,10.3014556
35,39,8.2,66.081592,,10.79460647
35,40,7.9,65.449663,,9.941108053
35,41,8.4,66.479408,,11.38356313
35,42,7.5,64.541375,,8.859966578
35,43,9,67.5602,,13.24374536
35,44,7.2,63.810872,,8.092424339
35,45,8.4,66.479408,,11.38356313
35,46,9.5,68.331775,,14.89681361
35,47,9.2,69.6,52.8,14.23993672
35,48,12.8,70.481032,,27.70280723
35,49,11.9,70.401823,,23.94714313
35,50,10.2,69.214832,,17.35813447
35,51,9.9,68.864543,,16.28309499
35,52,9.5,68.331775,,14.89681361
35,53,10.1,69.102763,,16.99652139
35,54,11.7,70.332587,,23.13372025
35,55,10.5,69.522875,,18.46194479
35,56,11.8,70.369552,,23.53934028
36,1,11,69.9424,,20.36150235
36,2,6.7,62.499487,,6.896822692
36,3,9.2,,,0.21949
36,4,8.4,66.479408,,11.38356313
36,5,9.3,68.037227,,14.22469464
36,6,7.8,65.229632,,9.66468853
36,7,8.8,67.218712,,12.6083826
36,8,6.2,56.8,43.4,5.41596296
36,9,9.4,68.186848,,14.55896594
36,10,8.1,,,0.21949
36,11,9.8,68.738392,,15.9313817
36,12,8.6,66.858448,,11.98823494
36,13,9,67.5602,,13.24374536
36,14,8.8,67.218712,,12.6083826
36,15,9.2,55.8,38.4,11.46002056
36,16,10.2,69.214832,,17.35813447
36,17,7.3,64.059067,,8.344114279
36,18,8.6,66.858448,,11.98823494
36,19,8.1,65.875643,,10.50609023
36,20,7.3,64.059067,,8.344114279
36,21,6.4,61.656328,,6.230044804
36,22,7.8,63,44.4,9.3418396
36,23,8.9,,,0.21949
36,24,8.8,67.218712,,12.6083826
36,25,7.9,65.449663,,9.941108053
36,26,8.3,66.282847,,11.08710628
36,27,8.5,66.671275,,11.68394909
36,28,6,60.4664,,5.400251152
36,29,8.8,67.218712,,12.6083826
36,30,8,65.665,,10.2215828
36,31,9,71.2,55.1,13.945426
36,32,7.2,63.810872,,8.092424339
36,33,8.6,66.858448,,11.98823494
36,34,7.4,64.302568,,8.599966524
36,35,7.9,65.449663,,9.941108053
36,36,7.9,65.449663,,9.941108053
36,37,9.2,67.882912,,13.89404102
36,38,10,68.986,,16.638158
36,39,10.5,74.4,57.2,19.741678
36,40,9.2,67.882912,,13.89404102
36,41,10,68.986,,16.638158
36,42,12.4,70.492768,,26.01623386
36,43,11.4,70.193528,,21.93068514
36,44,9.8,68.738392,,15.9313817
36,45,10.4,69.424888,,18.09090021
36,46,11.5,70.244575,,22.3293212
36,47,11.6,70.290928,,22.73035651
36,48,9.7,69.8,46.6,15.85009716
37,1,10,68.986,,16.638158
37,2,6.4,61.656328,,6.230044804
37,3,8.6,66.858448,,11.98823494
37,4,8,65.665,,10.2215828
37,5,8.1,65.875643,,10.50609023
37,6,11.4,70.193528,,21.93068514
37,7,9.1,72.5,45.8,14.5083555
37,8,8.5,,,0.21949
37,9,6.6,62.223128,,6.670335905
37,10,9.7,68.607547,,15.58306615
37,11,7.8,65.229632,,9.66468853
37,12,9.2,67.882912,,13.89404102
37,13,6.6,62.223128,,6.670335905
37,14,7.9,65.449663,,9.941108053
37,15,8.8,67.218712,,12.6083826
37,16,11.9,70.401823,,23.94714313
37,17,8.5,68,46.5,11.91243
37,18,9.4,68.186848,,14.55896594
37,19,9.3,68.037227,,14.22469464
37,20,8.4,66.479408,,11.38356313
37,21,7.6,64.775488,,9.124098605
37,22,9.9,68.864543,,16.28309499
37,23,11.1,70.012223,,20.74986027
37,24,8.2,66.4,43.8,10.84556168
37,25,7,63.3004,,7.601582648
37,26,8.8,67.218712,,12.6083826
37,27,8,65.665,,10.2215828
37,28,8.2,66.081592,,10.79460647
37,29,8.9,67.391803,,12.92417922
37,30,6.5,61.942075,,6.448075352
37,31,6.8,62.771152,,7.127530603
37,32,8.4,,,0.21949
37,33,5.8,,,0.21949
37,34,7.9,70.2,45.1,10.64670316
37,35,9.2,67.882912,,13.89404102
37,36,8.3,66.282847,,11.08710628
37,37,8.7,67.040927,,12.29639008
37,38,8.7,67.040927,,12.29639008
37,39,7.3,64.059067,,8.344114279
37,40,7.6,64.775488,,9.124098605
37,41,9.3,68.037227,,14.22469464
37,42,9.8,68.738392,,15.9313817
37,43,10.8,69.788672,,19.59304867
37,44,12.2,73.1,42.4,26.11437552
37,45,12.6,70.496288,,26.85642783
37,46,10.5,69.522875,,18.46194479
37,47,10.7,69.704767,,19.21307708
37,48,10,68.986,,16.638158
37,49,11.3,70.137787,,21.53451777
37,50,12.5,,,0.21949
37,51,5.4,,,0.21949
37,52,11.4,70.193528,,21.93068514
37,53,10.7,69.704767,,19.21307708
37,54,9.2,69.2,36,14.15935944
37,55,,,,
38,1,12.2,70.470472,,25.18289362
38,2,8,65.665,,10.2215828
38,3,9.9,68.864543,,16.28309499
38,4,9.3,68.037227,,14.22469464
38,5,7.5,64.541375,,8.859966578
38,6,8.7,67.040927,,12.29639008
38,7,7.6,64.775488,,9.124098605
38,8,8,65.665,,10.2215828
38,9,10.6,70.4,49,19.04563272
38,10,5.6,,,0.21949
38,11,8.6,66.858448,,11.98823494
38,12,8.4,66.479408,,11.38356313
38,13,7.5,64.541375,,8.859966578
38,14,9.1,67.723903,,13.56704505
38,15,10,68.986,,16.638158
38,16,8.3,66.282847,,11.08710628
38,17,6.2,61.070752,,5.806682102
38,18,9.3,73.5,52.4,15.3491857
38,19,8.4,66.479408,,11.38356313
38,20,8.5,66.671275,,11.68394909
38,21,8.6,66.858448,,11.98823494
38,22,8.2,66.081592,,10.79460647
38,23,8.3,66.282847,,11.08710628
38,24,7.4,64.302568,,8.599966524
38,25,10.9,69.867883,,19.97587757
38,26,9.6,72.4,47.1,16.09976392
38,27,9.5,68.331775,,14.89681361
38,28,7.4,64.302568,,8.599966524
38,29,9.4,68.186848,,14.55896594
38,30,6.2,61.070752,,5.806682102
38,31,6.5,,,0.21949
38,32,6,60.4664,,5.400251152
38,33,8.7,67.040927,,12.29639008
38,34,8,65.665,,10.2215828
38,35,8.1,71.1,50.2,11.32188298
38,36,7.3,64.059067,,8.344114279
38,37,7.8,65.229632,,9.66468853
38,38,6,60.4664,,5.400251152
38,39,7.2,63.810872,,8.092424339
38,40,10.4,69.424888,,18.09090021
38,41,10.1,69.102763,,16.99652139
38,42,9.7,68.607547,,15.58306615
38,43,10.6,73.7,43.3,19.92810816
38,44,9.1,67.723903,,13.56704505
38,45,10.3,69.322207,,17.7229452
38,46,11,69.9424,,20.36150235
38,47,10.2,69.214832,,17.35813447
38,48,9.5,68.331775,,14.89681361
38,49,10.8,69.788672,,19.59304867
38,50,11.1,70.012223,,20.74986027
38,51,9.3,68.037227,,14.22469464
38,52,13.1,70.422943,,28.98245937
38,53,12.3,74.6,30.5,27.08072692
39,1,8.8,67.218712,,12.6083826
39,2,9,67.5602,,13.24374536
39,3,5.6,,,0.21949
39,4,9.8,68.738392,,15.9313817
39,5,6.7,62.499487,,6.896822692
39,6,9.2,67.882912,,13.89404102
39,7,10.9,69.867883,,19.97587757
39,8,5.8,59.843272,,5.010733855
39,9,7.8,72.3,48.6,10.68847216
39,10,7.7,65.004907,,9.392345428
39,11,7.6,64.775488,,9.124098605
39,12,8.5,66.671275,,11.68394909
39,13,10,68.986,,16.638158
39,14,7,63.3004,,7.601582648
39,15,10,68.986,,16.638158
39,16,7.3,64.059067,,8.344114279
39,17,9.9,68.864543,,16.28309499
39,18,9.4,73.7,51,15.71836416
39,19,6.9,63.038123,,7.362453186
39,20,6.2,,,0.21949
39,21,8.1,65.875643,,10.50609023
39,22,10.4,69.424888,,18.09090021
39,23,7.7,65.004907,,9.392345428
39,24,10.6,69.616168,,18.83602287
39,25,6.7,62.499487,,6.896822692
39,26,7.6,64.775488,,9.124098605
39,27,7.2,64.8,51.9,8.21446216
39,28,8.1,65.875643,,10.50609023
39,29,7.5,64.541375,,8.859966578
39,30,8.8,67.218712,,12.6083826
39,31,8.8,67.218712,,12.6083826
39,32,7.2,63.810872,,8.092424339
39,33,8.6,66.858448,,11.98823494
39,34,6.9,63.038123,,7.362453186
39,35,8.7,67.040927,,12.29639008
39,36,7.7,65.004907,,9.392345428
39,37,8.7,74,46,13.5500128
39,38,7.6,64.775488,,9.124098605
39,39,8.1,65.875643,,10.50609023
39,40,7.5,64.541375,,8.859966578
39,41,9.7,68.607547,,15.58306615
39,42,9.3,68.037227,,14.22469464
39,43,9.1,67.723903,,13.56704505
39,44,8.3,66.282847,,11.08710628
39,45,8,65.665,,10.2215828
39,46,10.1,69.102763,,16.99652139
39,47,9.3,74.5,53.1,15.5550319
39,48,10.8,69.788672,,19.59304867
39,49,12.3,70.483967,,25.59866609
39,50,10.2,69.214832,,17.35813447
39,51,8.7,67.040927,,12.29639008
39,52,9.8,68.738392,,15.9313817
39,53,9.3,68.037227,,14.22469464
39,54,11.1,70.012223,,20.74986027
40,1,9.8,68.738392,,15.9313817
40,2,7.8,65.229632,,9.66468853
40,3,7.9,65.449663,,9.941108053
40,4,9.7,68.607547,,15.58306615
40,5,8.8,67.218712,,12.6083826
40,6,5,,,0.21949
40,7,8.8,,,0.21949
40,8,8.6,66.858448,,11.98823494
40,9,5.9,62.9,52.7,5.43061662
40,10,7.2,63.810872,,8.092424339
40,11,7.5,64.541375,,8.859966578
40,12,7.8,65.229632,,9.66468853
40,13,5.2,57.861232,,3.943161158
40,14,9,67.5602,,13.24374536
40,15,7.8,65.229632,,9.66468853
40,16,9.2,67.882912,,13.89404102
40,17,9.1,67.723903,,13.56704505
40,18,7.5,65.1,51.5,8.9347525
40,19,7.5,64.541375,,8.859966578
40,20,8.5,66.671275,,11.68394909
40,21,9.3,,,0.21949
40,22,9.2,67.882912,,13.89404102
40,23,9.2,67.882912,,13.89404102
40,24,10.5,69.522875,,18.46194479
40,25,11,69.9424,,20.36150235
40,26,10,68.986,,16.638158
40,27,10.8,69.788672,,19.59304867
40,28,10.2,71.4,45.7,17.89921528
40,29,9.3,68.037227,,14.22469464
40,30,9.5,68.331775,,14.89681361
40,31,10,68.986,,16.638158
40,32,10.2,69.214832,,17.35813447
40,33,10.4,69.424888,,18.09090021
40,34,10.5,69.522875,,18.46194479
40,35,10.7,69.704767,,19.21307708
40,36,12.3,73.8,50,26.79267076
40,37,12.4,70.492768,,26.01623386
40,38,11.5,70.244575,,22.3293212
40,39,10.6,69.616168,,18.83602287
40,40,11.9,70.401823,,23.94714313
40,41,10.7,69.704767,,19.21307708
40,42,13.1,70.422943,,28.98245937
41,1,10.3,69.322207,,17.7229452
41,2,7.3,,,0.21949
41,3,9.1,67.723903,,13.56704505
41,4,9.6,68.472008,,15.23819501
41,5,7,63.3004,,7.601582648
41,6,7.7,,,0.21949
41,7,9.8,68.738392,,15.9313817
41,8,8.6,66.858448,,11.98823494
41,9,6.6,62.223128,,6.670335905
41,10,7.8,69.3,44.7,10.25407456
41,11,7.5,,,0.21949
41,12,8.7,67.040927,,12.29639008
41,13,8,65.665,,10.2215828
41,14,9,67.5602,,13.24374536
41,15,8.7,67.040927,,12.29639008
41,16,7.1,63.557983,,7.844909857
41,17,6,60.4664,,5.400251152
41,18,7.7,65.004907,,9.392345428
41,19,7.2,63.810872,,8.092424339
41,20,8.6,75.7,54.1,13.54456736
41,21,8,65.665,,10.2215828
41,22,10.6,69.616168,,18.83602287
41,23,11.2,70.077352,,21.14088722
41,24,10,68.986,,16.638158
41,25,11.2,70.077352,,21.14088722
41,26,12.4,,,0.21949
41,27,10.3,69.322207,,17.7229452
41,28,9.2,67.882912,,13.89404102
41,29,10.8,75.9,45.2,21.28957288
41,30,9.1,67.723903,,13.56704505
41,31,10.1,69.102763,,16.99652139
41,32,8.9,67.391803,,12.92417922
41,33,9.8,68.738392,,15.9313817
41,34,10.3,69.322207,,17.7229452
41,35,7.7,65.004907,,9.392345428
41,36,11.1,70.012223,,20.74986027
41,37,8.8,67.218712,,12.6083826
41,38,11.3,75.6,46.4,23.19449632
41,39,10.5,69.522875,,18.46194479
41,40,12,70.4294,,24.35705397
41,41,8.8,67.218712,,12.6083826
41,42,11.9,,,0.21949
41,43,10.2,69.214832,,17.35813447
41,44,10.6,69.616168,,18.83602287
41,45,10.9,69.867883,,19.97587757
41,46,,,,
42,1,8.4,66.479408,,11.38356313
42,2,8.5,66.671275,,11.68394909
42,3,7.5,64.541375,,8.859966578
42,4,9.7,68.607547,,15.58306615
42,5,8.2,66.081592,,10.79460647
42,6,9.9,68.864543,,16.28309499
42,7,9.1,67.723903,,13.56704505
42,8,9,63.8,47.1,12.518854
42,9,8.6,66.858448,,11.98823494
42,10,9.2,67.882912,,13.89404102
42,11,7.6,64.775488,,9.124098605
42,12,8.7,67.040927,,12.29639008
42,13,8.8,67.218712,,12.6083826
42,14,7.8,65.229632,,9.66468853
42,15,8.8,67.218712,,12.6083826
42,16,10.1,69.102763,,16.99652139
42,17,9.1,71.3,46.3,14.27185014
42,18,11.2,70.077352,,21.14088722
42,19,7,63.3004,,7.601582648
42,20,11.3,70.137787,,21.53451777
42,21,8.6,66.858448,,11.98823494
42,22,9.7,68.607547,,15.58306615
42,23,12.4,70.492768,,26.01623386
42,24,10.1,72.8,47.6,17.89415064
42,25,11.1,70.012223,,20.74986027
42,26,9.2,67.882912,,13.89404102
42,27,10.9,69.867883,,19.97587757
42,28,11.7,70.332587,,23.13372025
42,29,10.1,69.102763,,16.99652139
42,30,13.4,70.322608,,30.27205343
42,31,11,69.9424,,20.36150235
42,32,12.4,70.492768,,26.01623386
42,33,9.8,68.738392,,15.9313817
42,34,11.3,78,47,23.9238616
42,35,11.1,70.012223,,20.74986027
42,36,12,70.4294,,24.35705397
42,37,10,68.986,,16.638158
42,38,12,70.4294,,24.35705397
42,39,12.6,70.496288,,26.85642783
42,40,10,68.986,,16.638158
42,41,10.7,69.704767,,19.21307708
42,42,12,70.4294,,24.35705397
42,43,,,,
43,1,11.2,70.077352,,21.14088722
43,2,8.7,67.040927,,12.29639008
43,3,8.4,66.479408,,11.38356313
43,4,8,65.665,,10.2215828
43,5,9.2,67.882912,,13.89404102
43,6,8.2,64.8,46.7,10.58951176
43,7,8.7,67.040927,,12.29639008
43,8,7.2,63.810872,,8.092424339
43,9,8.1,65.875643,,10.50609023
43,10,7.9,65.449663,,9.941108053
43,11,8,65.665,,10.2215828
43,12,8.7,67.040927,,12.29639008
43,13,8.9,67.391803,,12.92417922
43,14,8.6,66.858448,,11.98823494
43,15,8.7,67.040927,,12.29639008
43,16,8,63,48.1,9.81565
43,17,9.5,68.331775,,14.89681361
43,18,6.7,62.499487,,6.896822692
43,19,11.5,,,0.21949
43,20,9.9,68.864543,,16.28309499
43,21,10.9,69.867883,,19.97587757
43,22,12.4,70.492768,,26.01623386
43,23,12.2,70.470472,,25.18289362
43,24,12.3,70.483967,,25.59866609
43,25,9.3,74.2,42.3,15.49327804
43,26,11.1,70.012223,,20.74986027
43,27,10.3,69.322207,,17.7229452
43,28,9.6,68.472008,,15.23819501
43,29,8.6,66.858448,,11.98823494
43,30,9.7,68.607547,,15.58306615
43,31,8.7,67.040927,,12.29639008
43,32,9.8,68.738392,,15.9313817
43,33,11.2,70.077352,,21.14088722
43,34,10.2,70.4,41.1,17.65160008
43,35,9.9,,,0.21949
43,36,9.6,68.472008,,15.23819501
43,37,11,69.9424,,20.36150235
43,38,10,68.986,,16.638158
43,39,7.2,63.810872,,8.092424339
43,40,9,67.5602,,13.24374536
43,41,10.4,69.424888,,18.09090021
43,42,11,69.9424,,20.36150235
43,43,,,,
44,1,12.2,70.470472,,25.18289362
44,2,9.3,68.037227,,14.22469464
44,3,11.2,,,0.21949
44,4,8.3,66.282847,,11.08710628
44,5,6,60.4664,,5.400251152
44,6,9.4,68.186848,,14.55896594
44,7,6.9,63.038123,,7.362453186
44,8,11.9,70.401823,,23.94714313
44,9,6,55.1,46,4.940458
44,10,8.3,66.282847,,11.08710628
44,11,8.3,66.282847,,11.08710628
44,12,8.6,66.858448,,11.98823494
44,13,9.4,68.186848,,14.55896594
44,14,7.5,64.541375,,8.859966578
44,15,9.3,68.037227,,14.22469464
44,16,9,67.5602,,13.24374536
44,17,10.3,69.322207,,17.7229452
44,18,6.5,54.6,38.6,5.709793
44,19,9.2,67.882912,,13.89404102
44,20,8,65.665,,10.2215828
44,21,8.2,66.081592,,10.79460647
44,22,9,67.5602,,13.24374536
44,23,9.5,68.331775,,14.89681361
44,24,11,69.9424,,20.36150235
44,25,10.6,69.616168,,18.83602287
44,26,10,68.986,,16.638158
44,27,11.9,72,44,24.4857796
44,28,10.7,69.704767,,19.21307708
44,29,11.7,70.332587,,23.13372025
44,30,9.1,67.723903,,13.56704505
44,31,9,67.5602,,13.24374536
44,32,11.8,70.369552,,23.53934028
44,33,10.3,69.322207,,17.7229452
44,34,10.9,69.867883,,19.97587757
44,35,10.2,69.214832,,17.35813447
44,36,11.5,70.244575,,22.3293212
44,37,11.5,64.6,40.8,20.552663
44,38,9.5,,,0.21949
44,39,12.2,70.470472,,25.18289362
44,40,12.1,70.452283,,24.76899663
44,41,9.7,68.607547,,15.58306615
44,42,11.1,70.012223,,20.74986027
44,43,11.6,70.290928,,22.73035651
44,44,9.5,68.331775,,14.89681361
44,45,13.9,70.061503,,32.43655753
45,1,11.6,70.290928,,22.73035651
45,2,9.3,68.037227,,14.22469464
45,3,10.2,69.214832,,17.35813447
45,4,10.8,69.788672,,19.59304867
45,5,8.4,66.479408,,11.38356313
45,6,8.8,,,0.21949
45,7,9.3,56.3,41.3,11.80863106
45,8,8.2,66.081592,,10.79460647
45,9,8.5,66.671275,,11.68394909
45,10,5.4,58.540688,,4.28226058
45,11,7.9,65.449663,,9.941108053
45,12,8.9,67.391803,,12.92417922
45,13,9,67.5602,,13.24374536
45,14,8.5,66.671275,,11.68394909
45,15,9.3,68.037227,,14.22469464
45,16,7.6,66,48.6,9.2924308
45,17,7.7,65.004907,,9.392345428
45,18,7.3,64.059067,,8.344114279
45,19,10,68.986,,16.638158
45,20,8.8,67.218712,,12.6083826
45,21,9.5,68.331775,,14.89681361
45,22,11,69.9424,,20.36150235
45,23,10.2,69.214832,,17.35813447
45,24,10.3,69.322207,,17.7229452
45,25,10.3,69.322207,,17.7229452
45,26,7.9,65.2,44.1,9.90402416
45,27,12.3,70.483967,,25.59866609
45,28,10.9,69.867883,,19.97587757
45,29,10.4,69.424888,,18.09090021
45,30,11.6,70.290928,,22.73035651
45,31,11.3,70.137787,,21.53451777
45,32,8.7,67.040927,,12.29639008
45,33,10.8,69.788672,,19.59304867
45,34,10.1,69.102763,,16.99652139
45,35,9.6,68.472008,,15.23819501
45,36,10,65.3,41.6,15.76089
45,37,11.1,70.012223,,20.74986027
45,38,12.2,70.470472,,25.18289362
45,39,10.1,69.102763,,16.99652139
45,40,13,70.447,,28.55468234
45,41,8.9,67.391803,,12.92417922
46,1,12.7,,,0.21949
46,2,6.4,61.656328,,6.230044804
46,3,9.4,68.186848,,14.55896594
46,4,9.7,68.607547,,15.58306615
46,5,9.2,67.882912,,13.89404102
46,6,7.1,63.557983,,7.844909857
46,7,9.1,72.2,47.5,14.44922916
46,8,9.6,68.472008,,15.23819501
46,9,10.6,69.616168,,18.83602287
46,10,7.1,63.557983,,7.844909857
46,11,7.1,63.557983,,7.844909857
46,12,7.9,65.449663,,9.941108053
46,13,9,,,0.21949
46,14,7.8,65.229632,,9.66468853
46,15,6,60.4664,,5.400251152
46,16,7.1,63.557983,,7.844909857
46,17,6.4,54.3,41.2,5.51291464
46,18,9.6,68.472008,,15.23819501
46,19,8.6,66.858448,,11.98823494
46,20,8.8,67.218712,,12.6083826
46,21,9,67.5602,,13.24374536
46,22,6.8,62.771152,,7.127530603
46,23,11.9,70.401823,,23.94714313
46,24,9.1,67.723903,,13.56704505
46,25,12.8,70.481032,,27.70280723
46,26,10.8,69.788672,,19.59304867
46,27,11.8,71,40.4,23.7482652
46,28,8.7,67.040927,,12.29639008
46,29,10.9,69.867883,,19.97587757
46,30,10.4,69.424888,,18.09090021
46,31,12,70.4294,,24.35705397
46,32,10.7,69.704767,,19.21307708
46,33,11.4,70.193528,,21.93068514
46,34,9.6,,,0.21949
46,35,10.3,69.322207,,17.7229452
46,36,11.5,70.244575,,22.3293212
46,37,8.1,58.8,42.2,9.40121584
46,38,13,70.447,,28.55468234
46,39,11.4,70.193528,,21.93068514
46,40,14.1,69.924203,,33.3053713
46,41,11.7,70.332587,,23.13372025
46,42,12.1,70.452283,,24.76899663
46,43,9.7,68.607547,,15.58306615
46,44,12.3,70.483967,,25.59866609
46,45,,,,
47,1,9.6,68.472008,,15.23819501
47,2,9.5,68.331775,,14.89681361
47,3,8,65.665,,10.2215828
47,4,6.7,62.499487,,6.896822692
47,5,9.4,68.186848,,14.55896594
47,6,11.7,70.332587,,23.13372025
47,7,8.7,67.040927,,12.29639008
47,8,8.2,66.081592,,10.79460647
47,9,7.7,62.7,44.4,9.06709954
47,10,8.5,,,0.21949
47,11,7.8,65.229632,,9.66468853
47,12,8.5,66.671275,,11.68394909
47,13,7,63.3004,,7.601582648
47,14,9,67.5602,,13.24374536
47,15,8.4,66.479408,,11.38356313
47,16,9.3,68.037227,,14.22469464
47,17,10,68.986,,16.638158
47,18,6.8,62.771152,,7.127530603
47,19,6.8,63.8,47.6,7.24075656
47,20,9.4,68.186848,,14.55896594
47,21,7.8,65.229632,,9.66468853
47,22,7.9,65.449663,,9.941108053
47,23,8.7,67.040927,,12.29639008
47,24,11.5,70.244575,,22.3293212
47,25,10.1,69.102763,,16.99652139
47,26,9.4,,,0.21949
47,27,10.3,69.322207,,17.7229452
47,28,8.7,67.040927,,12.29639008
47,29,11.5,68.1,41.5,21.6543055
47,30,8.1,65.875643,,10.50609023
47,31,13.1,70.422943,,28.98245937
47,32,9.6,68.472008,,15.23819501
47,33,10.7,69.704767,,19.21307708
47,34,5.8,,,0.21949
47,35,10.5,69.522875,,18.46194479
47,36,9.8,68.738392,,15.9313817
47,37,9.7,68.607547,,15.58306615
47,38,13.5,70.279775,,30.70369381
47,39,9.1,58.4,37.8,11.72941752
47,40,10.4,69.424888,,18.09090021
47,41,11.7,70.332587,,23.13372025
47,42,10.6,69.616168,,18.83602287
47,43,10.7,69.704767,,19.21307708
47,44,11.7,,,0.21949
48,1,9.4,68.186848,,14.55896594
48,2,10.5,69.522875,,18.46194479
48,3,8.6,66.858448,,11.98823494
48,4,7.4,64.302568,,8.599966524
48,5,8.8,,,0.21949
48,6,7.4,64.302568,,8.599966524
48,7,6.5,61.942075,,6.448075352
48,8,9.7,68.607547,,15.58306615
48,9,8.3,66.282847,,11.08710628
48,10,9.4,72.1,48.6,15.38188928
48,11,9.4,68.186848,,14.55896594
48,12,9.9,68.864543,,16.28309499
48,13,10.2,69.214832,,17.35813447
48,14,9.6,68.472008,,15.23819501
48,15,8.3,66.282847,,11.08710628
48,16,8.7,67.040927,,12.29639008
48,17,8.3,66.282847,,11.08710628
48,18,10,69.4,43.1,16.73669
48,19,6.1,,,0.21949
48,20,10.3,69.322207,,17.7229452
48,21,8.4,66.479408,,11.38356313
48,22,11.2,70.077352,,21.14088722
48,23,9.3,68.037227,,14.22469464
48,24,12,70.4294,,24.35705397
48,25,9.6,68.472008,,15.23819501
48,26,10.4,72.7,41.4,18.93398216
48,27,10.2,69.214832,,17.35813447
48,28,11.1,70.012223,,20.74986027
48,29,12.1,70.452283,,24.76899663
48,30,11,69.9424,,20.36150235
48,31,12.6,70.496288,,26.85642783
48,32,10.9,69.867883,,19.97587757
48,33,8.8,67.218712,,12.6083826
48,34,12.2,77.1,42.2,27.53133232
48,35,10.6,69.616168,,18.83602287
48,36,12,70.4294,,24.35705397
48,37,12.9,70.466363,,28.12810177
48,38,9.9,68.864543,,16.28309499
48,39,11.3,70.137787,,21.53451777
48,40,10.5,69.522875,,18.46194479
48,41,11.2,70.077352,,21.14088722
49,1,11.1,70.012223,,20.74986027
49,2,10,68.986,,16.638158
49,3,9.6,68.472008,,15.23819501
49,4,9,67.5602,,13.24374536
49,5,8.6,66.858448,,11.98823494
49,6,8.2,66.081592,,10.79460647
49,7,9.2,67.882912,,13.89404102
49,8,10.6,69.616168,,18.83602287
49,9,6.7,62.499487,,6.896822692
49,10,8.5,72.3,48.6,12.6518365
49,11,6.4,,,0.21949
49,12,8.6,66.858448,,11.98823494
49,13,6.6,62.223128,,6.670335905
49,14,8.2,,,0.21949
49,15,6.8,62.771152,,7.127530603
49,16,7.4,64.302568,,8.599966524
49,17,9.2,67.882912,,13.89404102
49,18,8.5,66.671275,,11.68394909
49,19,9.3,67.8,47.2,14.17586236
49,20,9.7,68.607547,,15.58306615
49,21,9.3,68.037227,,14.22469464
49,22,9,67.5602,,13.24374536
49,23,9.6,68.472008,,15.23819501
49,24,10.7,69.704767,,19.21307708
49,25,11,69.9424,,20.36150235
49,26,10.2,69.214832,,17.35813447
49,27,13.1,72.2,45.2,29.70826596
49,28,8.1,65.875643,,10.50609023
49,29,8.5,66.671275,,11.68394909
49,30,10.1,69.102763,,16.99652139
49,31,9.7,68.607547,,15.58306615
49,32,8.5,,,0.21949
49,33,11.2,70.077352,,21.14088722
49,34,10.5,69.522875,,18.46194479
49,35,11.6,70.290928,,22.73035651
49,36,10.9,71.1,45,20.32428058
49,37,10,68.986,,16.638158
49,38,11.4,70.193528,,21.93068514
49,39,8,65.665,,10.2215828
49,40,11.4,70.193528,,21.93068514
49,41,13,70.447,,28.55468234
49,42,12.5,70.496875,,26.43551539
49,43,,,,
50,1,10,68.986,,16.638158
50,2,8,65.665,,10.2215828
50,3,9.9,68.864543,,16.28309499
50,4,8.4,66.479408,,11.38356313
50,5,7.9,65.449663,,9.941108053
50,6,7.7,65.004907,,9.392345428
50,7,8.1,65.875643,,10.50609023
50,8,7.4,67.3,50.7,8.99061824
50,9,9.7,68.607547,,15.58306615
50,10,9.5,68.331775,,14.89681361
50,11,9.2,67.882912,,13.89404102
50,12,7.3,64.059067,,8.344114279
50,13,8,65.665,,10.2215828
50,14,9.1,67.723903,,13.56704505
50,15,6.7,62.499487,,6.896822692
50,16,7.2,63.810872,,8.092424339
50,17,9.1,67.723903,,13.56704505
50,18,8.3,67.4,50.1,11.27027268
50,19,8.3,66.282847,,11.08710628
50,20,8.5,66.671275,,11.68394909
50,21,10.3,69.322207,,17.7229452
50,22,9.5,68.331775,,14.89681361
50,23,10.7,69.704767,,19.21307708
50,24,13,70.447,,28.55468234
50,25,9.1,67.723903,,13.56704505
50,26,9.4,68.3,41.1,14.58276144
50,27,11.1,70.012223,,20.74986027
50,28,10.6,69.616168,,18.83602287
50,29,11.8,70.369552,,23.53934028
50,30,11.2,70.077352,,21.14088722
50,31,10.9,69.867883,,19.97587757
50,32,8.6,66.858448,,11.98823494
50,33,10.9,69.867883,,19.97587757
50,34,10.4,69.424888,,18.09090021
50,35,11,69.9424,,20.36150235
50,36,12.3,71.9,42.7,26.10853738
50,37,11.3,,,0.21949
50,38,10.9,69.867883,,19.97587757
50,39,10.9,69.867883,,19.97587757
50,40,11,69.9424,,20.36150235
50,41,10.5,69.522875,,18.46194479
50,42,10,68.986,,16.638158
50,43,10.7,69.704767,,19.21307708
50,44,11.8,70.369552,,23.53934028
50,45,,,,
50,46,,,,
51,1,11.6,70.290928,,22.73035651
51,2,7.2,,,0.21949
51,3,8.1,65.875643,,10.50609023
51,4,10,68.986,,16.638158
51,5,9.1,67.723903,,13.56704505
51,6,8.6,66.858448,,11.98823494
51,7,9.2,67.882912,,13.89404102
51,8,6.7,62.499487,,6.896822692
51,9,9.6,71.9,48.9,15.99009352
51,10,9.2,67.882912,,13.89404102
51,11,6.2,,,0.21949
51,12,11.4,70.193528,,21.93068514
51,13,9.2,67.882912,,13.89404102
51,14,7.8,65.229632,,9.66468853
51,15,10.4,69.424888,,18.09090021
51,16,8.5,66.671275,,11.68394909
51,17,7.6,64.775488,,9.124098605
51,18,8.2,67.3,46.5,10.98958976
51,19,8.8,67.218712,,12.6083826
51,20,8,65.665,,10.2215828
51,21,8.9,67.391803,,12.92417922
51,22,9.2,67.882912,,13.89404102
51,23,10.7,69.704767,,19.21307708
51,24,7.6,64.775488,,9.124098605
51,25,9,67.5602,,13.24374536
51,26,10.5,69.522875,,18.46194479
51,27,9.8,68.738392,,15.9313817
51,28,9.2,64.5,46.4,13.2125764
51,29,10.9,69.867883,,19.97587757
51,30,8.9,,,0.21949
51,31,7.1,63.557983,,7.844909857
51,32,9.1,67.723903,,13.56704505
51,33,12.1,70.452283,,24.76899663
51,34,11.9,70.401823,,23.94714313
51,35,11.3,70.137787,,21.53451777
51,36,10.3,69.322207,,17.7229452
51,37,7.2,55.4,28.7,7.05469768
51,38,11.8,70.369552,,23.53934028
51,39,12.7,70.491007,,27.27888696
51,40,10.2,69.214832,,17.35813447
51,41,9.3,68.037227,,14.22469464
51,42,9.3,68.037227,,14.22469464
51,43,10.8,69.788672,,19.59304867
51,44,12.2,70.470472,,25.18289362
51,45,,,,
52,1,6.2,,,0.21949
52,2,9.9,68.864543,,16.28309499
52,3,7.6,64.775488,,9.124098605
52,4,6.2,,,0.21949
52,5,9.3,68.037227,,14.22469464
52,6,6.9,63.038123,,7.362453186
52,7,10.1,69.102763,,16.99652139
52,8,6.5,62.9,41.4,6.5443995
52,9,8.6,66.858448,,11.98823494
52,10,6.2,61.070752,,5.806682102
52,11,7.8,65.229632,,9.66468853
52,12,7.3,64.059067,,8.344114279
52,13,7.5,64.541375,,8.859966578
52,14,8.9,67.391803,,12.92417922
52,15,8.5,66.671275,,11.68394909
52,16,7.2,63.810872,,8.092424339
52,17,8.4,67.1,46,11.48778088
52,18,9,67.5602,,13.24374536
52,19,8.1,65.875643,,10.50609023
52,20,9,67.5602,,13.24374536
52,21,8.8,67.218712,,12.6083826
52,22,8,65.665,,10.2215828
52,23,6.3,,,0.21949
52,24,6.8,62.771152,,7.127530603
52,25,10,68.986,,16.638158
52,26,7.6,66.5,44,9.3611652
52,27,7.4,,,0.21949
52,28,8.5,66.671275,,11.68394909
52,29,7.9,,,0.21949
52,30,7.4,64.302568,,8.599966524
52,31,8.7,67.040927,,12.29639008
52,32,9.2,67.882912,,13.89404102
52,33,8.4,66.479408,,11.38356313
52,34,8.4,66.479408,,11.38356313
52,35,8,65.665,,10.2215828
52,36,7.8,69.6,45.6,10.29751432
52,37,9.9,68.864543,,16.28309499
52,38,9.5,68.331775,,14.89681361
52,39,8.9,67.391803,,12.92417922
52,40,8.2,66.081592,,10.79460647
52,41,7.9,65.449663,,9.941108053
52,42,5.9,60.157183,,5.203380266
52,43,8.6,66.858448,,11.98823494
52,44,8.7,67.040927,,12.29639008
52,45,9.8,68.738392,,15.9313817
52,46,9.1,68.9,45.2,13.79883942
52,47,9,67.5602,,13.24374536
52,48,11.3,70.137787,,21.53451777
52,49,12.6,70.496288,,26.85642783
52,50,11.3,70.137787,,21.53451777
52,51,10.2,69.214832,,17.35813447
52,52,10.4,69.424888,,18.09090021
52,53,9.7,68.607547,,15.58306615
52,54,11.4,70.193528,,21.93068514
52,55,11.6,70.290928,,22.73035651
52,56,8.9,64.4,38.8,12.36016512
53,1,12,70.4294,,24.35705397
53,2,6.6,62.223128,,6.670335905
53,3,7.5,64.541375,,8.859966578
53,4,10.3,69.322207,,17.7229452
53,5,5.1,,,0.21949
53,6,8.1,65.875643,,10.50609023
53,7,9.3,68.037227,,14.22469464
53,8,9.5,71.7,43.2,15.6202915
53,9,11.1,70.012223,,20.74986027
53,10,8.1,65.875643,,10.50609023
53,11,8,65.665,,10.2215828
53,12,9.4,68.186848,,14.55896594
53,13,7.1,63.557983,,7.844909857
53,14,7.7,65.004907,,9.392345428
53,15,7.5,64.541375,,8.859966578
53,16,9.2,64.6,46.1,13.23272072
53,17,7.4,64.302568,,8.599966524
53,18,7.6,64.775488,,9.124098605
53,19,10.3,69.322207,,17.7229452
53,20,7.9,65.449663,,9.941108053
53,21,10,68.986,,16.638158
53,22,8.3,66.282847,,11.08710628
53,23,8.1,65.875643,,10.50609023
53,24,9.3,,,0.21949
53,25,7.3,66.1,45.8,8.60296622
53,26,8,65.665,,10.2215828
53,27,9.6,68.472008,,15.23819501
53,28,6.7,,,0.21949
53,29,8.8,67.218712,,12.6083826
53,30,7.7,65.004907,,9.392345428
53,31,7.3,64.059067,,8.344114279
53,32,9,67.5602,,13.24374536
53,33,8.1,65.875643,,10.50609023
53,34,6.7,62.499487,,6.896822692
53,35,6.5,63.8,45.9,6.634899
53,36,8.3,66.282847,,11.08710628
53,37,9,67.5602,,13.24374536
53,38,9.5,68.331775,,14.89681361
53,39,10.3,69.322207,,17.7229452
53,40,6.5,61.942075,,6.448075352
53,41,8.5,66.671275,,11.68394909
53,42,10.6,69.616168,,18.83602287
53,43,5.8,,,0.21949
53,44,10.8,69.788672,,19.59304867
53,45,10.6,69.9,39.4,18.91192432
53,46,10.3,69.322207,,17.7229452
53,47,10.6,69.616168,,18.83602287
53,48,8.8,67.218712,,12.6083826
53,49,10.4,69.424888,,18.09090021
53,50,8.8,67.218712,,12.6083826
53,51,10.8,69.788672,,19.59304867
53,52,9.3,68.037227,,14.22469464
53,53,10,68.986,,16.638158
53,54,10.1,69.102763,,16.99652139
53,55,11.5,70.9,33,22.5356195
53,56,,,,
54,1,12,70.4294,,24.35705397
54,2,9.2,67.882912,,13.89404102
54,3,7.5,64.541375,,8.859966578
54,4,7.7,65.004907,,9.392345428
54,5,7.8,65.229632,,9.66468853
54,6,9.7,68.607547,,15.58306615
54,7,6.9,63.038123,,7.362453186
54,8,6.8,66.5,49.4,7.5378948
54,9,8.8,67.218712,,12.6083826
54,10,8.8,67.218712,,12.6083826
54,11,8.8,67.218712,,12.6083826
54,12,7.8,65.229632,,9.66468853
54,13,8.4,66.479408,,11.38356313
54,14,7.6,64.775488,,9.124098605
54,15,7.4,64.302568,,8.599966524
54,16,6.9,63.038123,,7.362453186
54,17,8.2,,,0.21949
54,18,11.1,69.9,45.4,20.71695202
54,19,7.8,65.229632,,9.66468853
54,20,7.6,64.775488,,9.124098605
54,21,8.6,66.858448,,11.98823494
54,22,7.7,65.004907,,9.392345428
54,23,6.4,61.656328,,6.230044804
54,24,7.6,64.775488,,9.124098605
54,25,6.7,62.499487,,6.896822692
54,26,6.1,60.770923,,5.601350787
54,27,8.8,67.218712,,12.6083826
54,28,8.9,66.4,44.2,12.73720472
54,29,8.2,66.081592,,10.79460647
54,30,8.3,66.282847,,11.08710628
54,31,8,65.665,,10.2215828
54,32,7.4,64.302568,,8.599966524
54,33,9.8,68.738392,,15.9313817
54,34,9.8,68.738392,,15.9313817
54,35,7.7,65.004907,,9.392345428
54,36,7.3,64.059067,,8.344114279
54,37,6.2,61.070752,,5.806682102
54,38,9.8,68.7,48.3,15.92260624
54,39,7.9,65.449663,,9.941108053
54,40,7.3,64.059067,,8.344114279
54,41,5.2,57.861232,,3.943161158
54,42,7.9,65.449663,,9.941108053
54,43,8.6,66.858448,,11.98823494
54,44,9.7,68.607547,,15.58306615
54,45,7.7,65.004907,,9.392345428
54,46,8,64,48.3,9.96797
54,47,8.8,67.218712,,12.6083826
54,48,10,68.986,,16.638158
54,49,11,69.9424,,20.36150235
54,50,9,67.5602,,13.24374536
54,51,11.4,70.193528,,21.93068514
54,52,11.5,70.244575,,22.3293212
54,53,9.9,68.864543,,16.28309499
54,54,12.4,70.492768,,26.01623386
54,55,9.1,67.723903,,13.56704505
54,56,10.6,72,33.7,19.4734996
54,57,,,,
55,1,10,68.986,,16.638158
55,2,9.5,68.331775,,14.89681361
55,3,10.3,69.322207,,17.7229452
55,4,8.5,66.671275,,11.68394909
55,5,9.6,68.472008,,15.23819501
55,6,9.5,68.331775,,14.89681361
55,7,9.3,68.037227,,14.22469464
55,8,8.5,66.671275,,11.68394909
55,9,8.7,67.040927,,12.29639008
55,10,8.7,72.8,45,13.33384216
55,11,8.5,66.671275,,11.68394909
55,12,7.3,64.059067,,8.344114279
55,13,7.1,63.557983,,7.844909857
55,14,9.3,68.037227,,14.22469464
55,15,9.2,67.882912,,13.89404102
55,16,10.1,69.102763,,16.99652139
55,17,9,67.5602,,13.24374536
55,18,8.6,66.858448,,11.98823494
55,19,9.2,67.882912,,13.89404102
55,20,5.9,60.157183,,5.203380266
55,21,8.9,67.391803,,12.92417922
55,22,8.6,66.858448,,11.98823494
55,23,9.2,67.882912,,13.89404102
55,24,5.9,,,0.21949
55,25,8.3,66.282847,,11.08710628
55,26,6.6,63.1,42.6,6.76124368
55,27,8.7,67.040927,,12.29639008
55,28,7.1,63.557983,,7.844909857
55,29,10.7,69.704767,,19.21307708
55,30,8.6,66.858448,,11.98823494
55,31,7,63.3004,,7.601582648
55,32,8.2,66.081592,,10.79460647
55,33,7.2,63.810872,,8.092424339
55,34,8.5,66.671275,,11.68394909
55,35,8.2,66.081592,,10.79460647
55,36,8.8,64.4,43.4,12.08887368
55,37,9.5,68.331775,,14.89681361
55,38,9.7,68.607547,,15.58306615
55,39,7.1,63.557983,,7.844909857
55,40,8.8,67.218712,,12.6083826
55,41,8.3,66.282847,,11.08710628
55,42,7.9,65.449663,,9.941108053
55,43,8.1,65.875643,,10.50609023
55,44,9.1,67.723903,,13.56704505
55,45,8.9,67.391803,,12.92417922
55,46,11.3,70.8,38.1,21.73576576
55,47,9.1,67.723903,,13.56704505
55,48,10.9,69.867883,,19.97587757
55,49,9.5,68.331775,,14.89681361
55,50,11,69.9424,,20.36150235
55,51,10.3,69.322207,,17.7229452
55,52,11.9,70.401823,,23.94714313
55,53,10.4,69.424888,,18.09090021
55,54,11.5,70.244575,,22.3293212
55,55,10.1,69.102763,,16.99652139
55,56,10.7,70,38.9,19.293524
55,57,,,,
56,1,9.9,68.864543,,16.28309499
56,2,8.6,66.858448,,11.98823494
56,3,7.8,65.229632,,9.66468853
56,4,8.6,,,0.21949
56,5,8.5,66.671275,,11.68394909
56,6,8.4,,,0.21949
56,7,9.6,,,0.21949
56,8,10.4,72.6,47.8,18.90824008
56,9,9,67.5602,,13.24374536
56,10,9.2,67.882912,,13.89404102
56,11,9.4,68.186848,,14.55896594
56,12,8.4,66.479408,,11.38356313
56,13,8.3,66.282847,,11.08710628
56,14,8.9,67.391803,,12.92417922
56,15,9,67.5602,,13.24374536
56,16,7.5,67.7,45.1,9.2828275
56,17,7.3,64.059067,,8.344114279
56,18,6.8,62.771152,,7.127530603
56,19,8.9,67.391803,,12.92417922
56,20,8.3,66.282847,,11.08710628
56,21,8.9,67.391803,,12.92417922
56,22,10.3,69.322207,,17.7229452
56,23,7.6,64.775488,,9.124098605
56,24,9.4,68.186848,,14.55896594
56,25,7.4,64.302568,,8.599966524
56,26,10.6,67.9,41.7,18.37709072
56,27,7.5,64.541375,,8.859966578
56,28,9.9,68.864543,,16.28309499
56,29,7.3,64.059067,,8.344114279
56,30,9.2,67.882912,,13.89404102
56,31,8.8,67.218712,,12.6083826
56,32,8.5,66.671275,,11.68394909
56,33,7.6,,,0.21949
56,34,8.4,66.479408,,11.38356313
56,35,6.5,61.7,42.8,6.4237335
56,36,8.5,66.671275,,11.68394909
56,37,8.8,67.218712,,12.6083826
56,38,9.4,68.186848,,14.55896594
56,39,9,67.5602,,13.24374536
56,40,8.2,66.081592,,10.79460647
56,41,8,65.665,,10.2215828
56,42,8.1,65.875643,,10.50609023
56,43,9.2,67.882912,,13.89404102
56,44,10.2,69.214832,,17.35813447
56,45,10.5,66.3,40.8,17.6162785
56,46,8.9,67.391803,,12.92417922
56,47,10.8,69.788672,,19.59304867
56,48,11,69.9424,,20.36150235
56,49,11.5,70.244575,,22.3293212
56,50,9.6,68.472008,,15.23819501
56,51,10.4,69.424888,,18.09090021
56,52,10.5,69.522875,,18.46194479
56,53,9.5,68.331775,,14.89681361
56,54,12.1,70.452283,,24.76899663
56,55,11,71.9,44,20.925252
57,1,10.6,69.616168,,18.83602287
57,2,10.3,69.322207,,17.7229452
57,3,9.5,68.331775,,14.89681361
57,4,6.3,61.365887,,6.016246691
57,5,5.6,,,0.21949
57,6,7.5,64.541375,,8.859966578
57,7,9.9,68.864543,,16.28309499
57,8,8,65.665,,10.2215828
57,9,6.7,66.2,47,7.29217884
57,10,9,67.5602,,13.24374536
57,11,8.2,66.081592,,10.79460647
57,12,8.5,66.671275,,11.68394909
57,13,8.2,66.081592,,10.79460647
57,14,5.2,,,0.21949
57,15,7.6,,,0.21949
57,16,8.3,66.282847,,11.08710628
57,17,6.9,63.038123,,7.362453186
57,18,8,65.665,,10.2215828
57,19,9.1,68.2,44,13.66087796
57,20,7.1,63.557983,,7.844909857
57,21,8,65.665,,10.2215828
57,22,9.4,68.186848,,14.55896594
57,23,9.5,68.331775,,14.89681361
57,24,8.4,66.479408,,11.38356313
57,25,7.8,65.229632,,9.66468853
57,26,8.4,66.479408,,11.38356313
57,27,7,63.3004,,7.601582648
57,28,6.8,60,43.3,6.822562
57,29,6.2,,,0.21949
57,30,9.9,68.864543,,16.28309499
57,31,9.4,68.186848,,14.55896594
57,32,7.7,65.004907,,9.392345428
57,33,8,65.665,,10.2215828
57,34,9.8,68.738392,,15.9313817
57,35,6.2,61.070752,,5.806682102
57,36,9.1,67.723903,,13.56704505
57,37,8.2,65.6,44.3,10.71753672
57,38,7,63.3004,,7.601582648
57,39,8.5,66.671275,,11.68394909
57,40,8.1,65.875643,,10.50609023
57,41,9.9,68.864543,,16.28309499
57,42,8.7,67.040927,,12.29639008
57,43,10.3,69.322207,,17.7229452
57,44,7.9,65.449663,,9.941108053
57,45,11.5,74,42,23.51136
57,46,10.1,69.102763,,16.99652139
57,47,9.3,68.037227,,14.22469464
57,48,7.1,63.557983,,7.844909857
57,49,9.6,68.472008,,15.23819501
57,50,10.9,69.867883,,19.97587757
57,51,10.8,69.788672,,19.59304867
57,52,9.2,67.882912,,13.89404102
57,53,10.7,69.704767,,19.21307708
57,54,11.7,71.7,32.9,23.57922094
57,55,,,,
58,1,13.4,70.322608,,30.27205343
58,2,7.6,64.775488,,9.124098605
58,3,10.6,69.616168,,18.83602287
58,4,5.7,,,0.21949
58,5,10,68.986,,16.638158
58,6,7.3,64.059067,,8.344114279
58,7,9.8,68.738392,,15.9313817
58,8,7.3,64.059067,,8.344114279
58,9,7.9,65.449663,,9.941108053
58,10,6.9,63.7,47.7,7.43745166
58,11,7,,,0.21949
58,12,9.5,68.331775,,14.89681361
58,13,7.3,64.059067,,8.344114279
58,14,7.6,64.775488,,9.124098605
58,15,8.4,66.479408,,11.38356313
58,16,7.5,64.541375,,8.859966578
58,17,5.2,57.861232,,3.943161158
58,18,9.5,68.331775,,14.89681361
58,19,7.2,63.810872,,8.092424339
58,20,7.2,60.4,41.7,7.67159368
58,21,7.6,64.775488,,9.124098605
58,22,10.1,69.102763,,16.99652139
58,23,9.6,68.472008,,15.23819501
58,24,7.8,65.229632,,9.66468853
58,25,8.6,66.858448,,11.98823494
58,26,7.8,65.229632,,9.66468853
58,27,6.8,62.771152,,7.127530603
58,28,9.4,71.4,43.9,15.23468152
58,29,8.9,,,0.21949
58,30,8.8,67.218712,,12.6083826
58,31,8.5,66.671275,,11.68394909
58,32,8.9,,,0.21949
58,33,7.9,65.449663,,9.941108053
58,34,8.8,67.218712,,12.6083826
58,35,8.9,67.391803,,12.92417922
58,36,6.4,61.656328,,6.230044804
58,37,8.1,65.875643,,10.50609023
58,38,9.9,70.5,37.2,16.6645879
58,39,6.7,62.499487,,6.896822692
58,40,8,65.665,,10.2215828
58,41,7.4,64.302568,,8.599966524
58,42,6,60.4664,,5.400251152
58,43,10.2,69.214832,,17.35813447
58,44,11.2,70.077352,,21.14088722
58,45,10.3,71.1,43.9,18.17182762
58,46,11.4,70.193528,,21.93068514
58,47,10.9,69.867883,,19.97587757
58,48,13.2,70.394192,,29.41134195
58,49,11.2,70.077352,,21.14088722
58,50,13.7,70.180027,,31.56906246
58,51,10.3,69.322207,,17.7229452
58,52,9.8,68.738392,,15.9313817
58,53,10,68.986,,16.638158
58,54,11.8,70.369552,,23.53934028
58,55,11.7,71,37.1,23.3511622
58,56,,,,
59,1,9.6,68.472008,,15.23819501
59,2,6.1,,,0.21949
59,3,10.2,69.214832,,17.35813447
59,4,6.6,62.223128,,6.670335905
59,5,9,67.5602,,13.24374536
59,6,8,65.665,,10.2215828
59,7,8.4,66.479408,,11.38356313
59,8,7.6,64.775488,,9.124098605
59,9,9.3,71.2,44.2,14.87573944
59,10,7.5,64.541375,,8.859966578
59,11,9.4,68.186848,,14.55896594
59,12,7.6,64.775488,,9.124098605
59,13,6.9,63.038123,,7.362453186
59,14,7.5,64.541375,,8.859966578
59,15,5.6,59.201368,,4.638090663
59,16,8.6,66.858448,,11.98823494
59,17,7.9,65.449663,,9.941108053
59,18,8.3,70.5,47.4,11.7785431
59,19,8.5,66.671275,,11.68394909
59,20,7.2,63.810872,,8.092424339
59,21,7.6,64.775488,,9.124098605
59,22,7.7,65.004907,,9.392345428
59,23,8,65.665,,10.2215828
59,24,7.2,63.810872,,8.092424339
59,25,9,67.5602,,13.24374536
59,26,8.4,66.479408,,11.38356313
59,27,5.7,59.524667,,4.822306305
59,28,7.2,64.8,48.3,8.21446216
59,29,8.5,66.671275,,11.68394909
59,30,8.8,67.218712,,12.6083826
59,31,7.9,65.449663,,9.941108053
59,32,7.6,64.775488,,9.124098605
59,33,7.2,63.810872,,8.092424339
59,34,10.1,69.102763,,16.99652139
59,35,7.9,,,0.21949
59,36,7.7,65.004907,,9.392345428
59,37,7.9,65.449663,,9.941108053
59,38,7.4,65,46.9,8.690862
59,39,7.4,64.302568,,8.599966524
59,40,8.8,67.218712,,12.6083826
59,41,8.3,66.282847,,11.08710628
59,42,7.1,63.557983,,7.844909857
59,43,9.2,67.882912,,13.89404102
59,44,8.2,66.081592,,10.79460647
59,45,9.8,68.738392,,15.9313817
59,46,8.5,66.671275,,11.68394909
59,47,9.5,68.331775,,14.89681361
59,48,11,69.5,42,20.2341
59,49,10.3,69.322207,,17.7229452
59,50,8.1,65.875643,,10.50609023
59,51,9.1,67.723903,,13.56704505
59,52,8,65.665,,10.2215828
59,53,12.1,70.452283,,24.76899663
59,54,9.5,68.331775,,14.89681361
59,55,13,,,0.21949
59,56,9.4,68.186848,,14.55896594
59,57,9.1,,,0.21949
59,58,9.2,68.6,40,14.03849352
60,1,7.1,63.557983,,7.844909857
60,2,8.3,,,0.21949
60,3,10.8,69.788672,,19.59304867
60,4,8.6,66.858448,,11.98823494
60,5,9.7,68.607547,,15.58306615
60,6,6,60.4664,,5.400251152
60,7,8.7,,,0.21949
60,8,10.6,69.616168,,18.83602287
60,9,8.6,68.7,46.5,12.31239376
60,10,8.4,66.479408,,11.38356313
60,11,9.8,68.738392,,15.9313817
60,12,9.2,67.882912,,13.89404102
60,13,9.4,68.186848,,14.55896594
60,14,8.5,66.671275,,11.68394909
60,15,5.8,,,0.21949
60,16,6.3,61.365887,,6.016246691
60,17,9.9,68.864543,,16.28309499
60,18,7.5,64.541375,,8.859966578
60,19,9,71.2,48.7,13.945426
60,20,6.4,61.656328,,6.230044804
60,21,10.2,69.214832,,17.35813447
60,22,5.5,,,0.21949
60,23,9,67.5602,,13.24374536
60,24,7.2,63.810872,,8.092424339
60,25,7.7,65.004907,,9.392345428
60,26,8.2,66.081592,,10.79460647
60,27,8,65.665,,10.2215828
60,28,9.2,67.882912,,13.89404102
60,29,6.3,53.3,36.1,5.25432526
60,30,7.5,64.541375,,8.859966578
60,31,7.9,65.449663,,9.941108053
60,32,10.8,69.788672,,19.59304867
60,33,4.7,,,0.21949
60,34,11.2,70.077352,,21.14088722
60,35,7.8,65.229632,,9.66468853
60,36,6.5,57.4,40.8,5.991347
60,37,5.4,58.540688,,4.28226058
60,38,8.4,66.479408,,11.38356313
60,39,9.2,67.882912,,13.89404102
60,40,8.7,67.040927,,12.29639008
60,41,7.9,65.449663,,9.941108053
60,42,10.3,69.322207,,17.7229452
60,43,8.7,67.040927,,12.29639008
60,44,8,65.665,,10.2215828
60,45,12,73.1,46.4,25.272322
60,46,11.1,70.012223,,20.74986027
60,47,9,67.5602,,13.24374536
60,48,10.9,69.867883,,19.97587757
60,49,8.8,67.218712,,12.6083826
60,50,11.8,70.369552,,23.53934028
60,51,10.9,69.867883,,19.97587757
60,52,10.4,,,0.21949
60,53,9.6,68.472008,,15.23819501
60,54,11.1,70.012223,,20.74986027
60,55,11.7,66.8,39.2,21.98280976
61,1,10.4,69.424888,,18.09090021
61,2,8.6,66.858448,,11.98823494
61,3,8.1,65.875643,,10.50609023
61,4,10.2,69.214832,,17.35813447
61,5,6.3,61.365887,,6.016246691
61,6,9.3,68.037227,,14.22469464
61,7,8.2,66.081592,,10.79460647
61,8,8.6,66.858448,,11.98823494
61,9,8.8,76,45.4,14.2268372
61,10,7.3,64.059067,,8.344114279
61,11,7.6,64.775488,,9.124098605
61,12,9.8,68.738392,,15.9313817
61,13,10,68.986,,16.638158
61,14,5.8,59.843272,,5.010733855
61,15,7.9,65.4,45.3,9.93373132
61,16,8.7,67.040927,,12.29639008
61,17,8.2,66.081592,,10.79460647
61,18,8.9,67.391803,,12.92417922
61,19,9.2,67.882912,,13.89404102
61,20,9.5,68.331775,,14.89681361
61,21,8.2,66.081592,,10.79460647
61,22,6.1,60.770923,,5.601350787
61,23,7.7,66.7,52.1,9.63154034
61,24,9.6,,,0.21949
61,25,7.5,64.541375,,8.859966578
61,26,9.9,68.864543,,16.28309499
61,27,8.3,66.282847,,11.08710628
61,28,10.3,69.322207,,17.7229452
61,29,9,67.5602,,13.24374536
61,30,10.2,69.214832,,17.35813447
61,31,10.2,69.214832,,17.35813447
61,32,6.6,61.4,43,6.58499992
61,33,7.6,64.775488,,9.124098605
61,34,10.4,69.424888,,18.09090021
61,35,8.2,66.081592,,10.79460647
61,36,8.6,66.858448,,11.98823494
61,37,7.7,65.004907,,9.392345428
61,38,10.2,69.214832,,17.35813447
61,39,7.6,64.775488,,9.124098605
61,40,11.7,70.332587,,23.13372025
61,41,10.8,66.7,44.9,18.73562344
61,42,10.4,69.424888,,18.09090021
61,43,11.5,70.244575,,22.3293212
61,44,9.5,,,0.21949
61,45,12.3,70.483967,,25.59866609
61,46,10.5,69.522875,,18.46194479
61,47,10.5,69.522875,,18.46194479
61,48,9.6,68.472008,,15.23819501
61,49,10.8,71.1,40.4,19.95707752
61,50,,,,
61,51,,,,
61,52,,,,
61,53,,,,
62,1,11.9,70.401823,,23.94714313
62,2,7.1,63.557983,,7.844909857
62,3,10,68.986,,16.638158
62,4,7.8,65.229632,,9.66468853
62,5,7.6,64.775488,,9.124098605
62,6,9.8,68.738392,,15.9313817
62,7,5.8,,,0.21949
62,8,9.3,68.037227,,14.22469464
62,9,9.2,74.5,50.4,15.2270084
62,10,7,63.3004,,7.601582648
62,11,8.9,67.391803,,12.92417922
62,12,10.2,,,0.21949
62,13,8.9,67.391803,,12.92417922
62,14,8.1,65.875643,,10.50609023
62,15,9.3,68.037227,,14.22469464
62,16,9.6,68.472008,,15.23819501
62,17,9.7,73.1,47.2,16.58908002
62,18,7.7,65.004907,,9.392345428
62,19,9.1,67.723903,,13.56704505
62,20,8.2,66.081592,,10.79460647
62,21,6.5,61.942075,,6.448075352
62,22,8.6,66.858448,,11.98823494
62,23,8.7,67.040927,,12.29639008
62,24,8.8,,,0.21949
62,25,8.1,65.875643,,10.50609023
62,26,8.7,67.040927,,12.29639008
62,27,7.2,66.9,50,8.47355848
62,28,9.2,67.882912,,13.89404102
62,29,8.9,67.391803,,12.92417922
62,30,10,68.986,,16.638158
62,31,9.4,68.186848,,14.55896594
62,32,6.8,62.771152,,7.127530603
62,33,8.7,67.040927,,12.29639008
62,34,8.3,66.282847,,11.08710628
62,35,10,70.5,48.3,16.99849
62,36,6.5,,,0.21949
62,37,10.2,69.214832,,17.35813447
62,38,6.2,61.070752,,5.806682102
62,39,8.2,66.081592,,10.79460647
62,40,7.9,65.449663,,9.941108053
62,41,9.5,68.331775,,14.89681361
62,42,11,69.9424,,20.36150235
62,43,11,69.9424,,20.36150235
62,44,9.1,65.1,40,13.04990578
62,45,11,69.9424,,20.36150235
62,46,11.7,70.332587,,23.13372025
62,47,11.5,70.244575,,22.3293212
62,48,11.1,70.012223,,20.74986027
62,49,10.6,69.616168,,18.83602287
62,50,12.2,70.470472,,25.18289362
62,51,10.7,69.704767,,19.21307708
62,52,10.6,69.616168,,18.83602287
62,53,11.3,67.3,41.9,20.67210806
63,1,5.8,,,0.21949
63,2,10.6,69.616168,,18.83602287
63,3,9.5,68.331775,,14.89681361
63,4,6.5,,,0.21949
63,5,9.7,68.607547,,15.58306615
63,6,7.9,65.449663,,9.941108053
63,7,8.8,67.218712,,12.6083826
63,8,7.2,63.810872,,8.092424339
63,9,7.6,70.5,49.3,9.9110404
63,10,8.7,67.040927,,12.29639008
63,11,8.5,,,0.21949
63,12,8.9,67.391803,,12.92417922
63,13,6.8,,,0.21949
63,14,10.1,69.102763,,16.99652139
63,15,8,65.665,,10.2215828
63,16,8.9,67.391803,,12.92417922
63,17,9.1,67.723903,,13.56704505
63,18,7.2,63.810872,,8.092424339
63,19,5.2,53.1,40,3.63675112
63,20,7.3,64.059067,,8.344114279
63,21,8.3,66.282847,,11.08710628
63,22,8.3,66.282847,,11.08710628
63,23,5.7,,,0.21949
63,24,10.2,69.214832,,17.35813447
63,25,5.8,,,0.21949
63,26,7.1,63.557983,,7.844909857
63,27,9.9,68.864543,,16.28309499
63,28,9.8,70.1,38.7,16.24261152
63,29,7.5,64.541375,,8.859966578
63,30,9.4,68.186848,,14.55896594
63,31,8.6,66.858448,,11.98823494
63,32,8.9,67.391803,,12.92417922
63,33,7.2,63.810872,,8.092424339
63,34,6.2,61.070752,,5.806682102
63,35,8.9,67.391803,,12.92417922
63,36,9.6,68.472008,,15.23819501
63,37,8.7,66.7,41.1,12.23497474
63,38,10.1,69.102763,,16.99652139
63,39,8,65.665,,10.2215828
63,40,7.8,65.229632,,9.66468853
63,41,7.2,63.810872,,8.092424339
63,42,9.9,68.864543,,16.28309499
63,43,7.1,63.557983,,7.844909857
63,44,9.5,68.331775,,14.89681361
63,45,6.7,62.499487,,6.896822692
63,46,11.1,65.6,41.7,19.45602088
63,47,10.5,69.522875,,18.46194479
63,48,9.9,68.864543,,16.28309499
63,49,9.9,68.864543,,16.28309499
63,50,10.1,69.102763,,16.99652139
63,51,9.3,68.037227,,14.22469464
63,52,11.6,70.290928,,22.73035651
63,53,11,69.9424,,20.36150235
63,54,10.9,69.867883,,19.97587757
63,55,8.8,55.4,36.2,10.43010888
63,56,,,,
64,1,8.9,,,0.21949
64,2,7.3,64.059067,,8.344114279
64,3,6.1,60.770923,,5.601350787
64,4,6,,,0.21949
64,5,11.4,70.193528,,21.93068514
64,6,9.8,68.738392,,15.9313817
64,7,10.1,69.102763,,16.99652139
64,8,8.7,67.040927,,12.29639008
64,9,10.2,70.9,39.3,17.77540768
64,10,8,65.665,,10.2215828
64,11,9,67.5602,,13.24374536
64,12,10.1,69.102763,,16.99652139
64,13,10.4,69.424888,,18.09090021
64,14,8.3,66.282847,,11.08710628
64,15,10,68.986,,16.638158
64,16,10.2,69.214832,,17.35813447
64,17,9.5,,,0.21949
64,18,8.5,66.671275,,11.68394909
64,19,9,68.2,40.3,13.367086
64,20,8.9,67.391803,,12.92417922
64,21,6.9,,,0.21949
64,22,10,68.986,,16.638158
64,23,8.4,66.479408,,11.38356313
64,24,11.4,70.193528,,21.93068514
64,25,10.2,,,0.21949
64,26,9.3,68.037227,,14.22469464
64,27,9.1,67.723903,,13.56704505
64,28,8,62.1,38.2,9.678562
64,29,10.5,69.522875,,18.46194479
64,30,5.5,,,0.21949
64,31,10.7,69.704767,,19.21307708
64,32,6.2,,,0.21949
64,33,13.5,70.279775,,30.70369381
64,34,9.9,68.864543,,16.28309499
64,35,10,68.986,,16.638158
64,36,11.3,70.137787,,21.53451777
64,37,4.8,38.5,20,2.3306452
64,38,9.4,68.186848,,14.55896594
64,39,10,68.986,,16.638158
64,40,9.7,68.607547,,15.58306615
64,41,8.4,66.479408,,11.38356313
64,42,10.8,69.788672,,19.59304867
64,43,8.1,65.875643,,10.50609023
64,44,11.2,70.077352,,21.14088722
64,45,10,68.986,,16.638158
64,46,11.8,67.9,36.8,22.72095248
64,47,12.4,70.492768,,26.01623386
64,48,11.5,70.244575,,22.3293212
64,49,12.2,70.470472,,25.18289362
64,50,9,67.5602,,13.24374536
64,51,12.9,70.466363,,28.12810177
64,52,11.4,70.193528,,21.93068514
64,53,11.6,70.290928,,22.73035651
64,54,11,69.9424,,20.36150235
64,55,12.5,68.1,32.3,25.5441775
